-- phpMyAdmin SQL Dump
-- version 4.8.3
-- https://www.phpmyadmin.net/
--
-- Host: localhost:3306
-- Generation Time: Jul 23, 2020 at 07:12 AM
-- Server version: 5.6.47-cll-lve
-- PHP Version: 7.2.7

SET SQL_MODE = "NO_AUTO_VALUE_ON_ZERO";
SET AUTOCOMMIT = 0;
START TRANSACTION;
SET time_zone = "+00:00";


/*!40101 SET @OLD_CHARACTER_SET_CLIENT=@@CHARACTER_SET_CLIENT */;
/*!40101 SET @OLD_CHARACTER_SET_RESULTS=@@CHARACTER_SET_RESULTS */;
/*!40101 SET @OLD_COLLATION_CONNECTION=@@COLLATION_CONNECTION */;
/*!40101 SET NAMES utf8mb4 */;

--
-- Database: `aau.wnm608.03`
--

-- --------------------------------------------------------

--
-- Table structure for table `track_animals`
--

CREATE TABLE `track_animals` (
  `id` int(11) NOT NULL,
  `user_id` int(11) NOT NULL,
  `name` varchar(64) NOT NULL,
  `type` varchar(64) NOT NULL,
  `breed` varchar(64) NOT NULL,
  `decription` text NOT NULL,
  `date_create` datetime NOT NULL,
  `img` varchar(256) NOT NULL
) ENGINE=MyISAM DEFAULT CHARSET=latin1;

--
-- Dumping data for table `track_animals`
--

INSERT INTO `track_animals` (`id`, `user_id`, `name`, `type`, `breed`, `decription`, `date_create`, `img`) VALUES
(1, 10, 'Unia', 'cat', 'Civet cat', 'Aute sit ipsum pariatur velit ex. Sunt eu exercitation nostrud exercitation fugiat Lorem veniam ullamco est deserunt ut aliquip. Aliqua occaecat culpa eiusmod minim aliqua dolor.', '2020-03-19 04:44:55', 'https://via.placeholder.com/400/772/fff/?text=Unia'),
(2, 8, 'Portalis', 'cat', 'Civet cat', 'Dolore consequat aliquip velit excepteur in minim occaecat dolore ut labore officia duis dolore incididunt. Id pariatur nulla dolor adipisicing aliqua. Consequat magna ex nisi Lorem qui.', '2020-04-19 01:31:33', 'https://via.placeholder.com/400/817/fff/?text=Portalis'),
(3, 2, 'Valreda', 'bird', 'parrot', 'Pariatur consequat laborum consequat minim amet et ad ea anim adipisicing proident nisi velit tempor. Occaecat laborum occaecat ullamco ut esse laborum excepteur minim nulla. In nisi non Lorem anim minim proident nulla enim ex Lorem.', '2020-06-08 11:40:00', 'https://via.placeholder.com/400/783/fff/?text=Valreda'),
(4, 3, 'Zialactic', 'bird', 'bluejay', 'Do quis qui ex dolore minim magna minim incididunt consectetur proident. Dolor magna ut elit qui Lorem excepteur non nostrud et. Id aliqua cillum eiusmod reprehenderit.', '2020-02-27 11:46:18', 'https://via.placeholder.com/400/835/fff/?text=Zialactic'),
(5, 1, 'Enomen', 'cat', 'ginger', 'Labore officia pariatur voluptate dolor velit quis. Adipisicing aliqua Lorem elit labore enim sunt laborum excepteur est. Eu consectetur qui in in mollit dolore laborum aute minim.', '2020-01-28 01:43:37', 'https://via.placeholder.com/400/952/fff/?text=Enomen'),
(6, 2, 'Soprano', 'bird', 'parrot', 'Et aliqua proident est sint laboris ad do pariatur. Occaecat exercitation aliquip culpa adipisicing elit voluptate laborum esse aute dolor qui ut. Excepteur velit qui do officia excepteur culpa officia.', '2020-06-23 03:43:19', 'https://via.placeholder.com/400/801/fff/?text=Soprano'),
(7, 7, 'Comstar', 'cat', 'Civet cat', 'Qui eu elit laborum eu commodo ad dolor culpa nisi id fugiat quis. Dolore elit veniam quis consectetur. Nulla cillum dolore anim fugiat nostrud laboris nostrud culpa.', '2020-07-11 10:13:53', 'https://via.placeholder.com/400/815/fff/?text=Comstar'),
(8, 2, 'Electonic', 'dog', 'pitpull', 'Veniam ex deserunt minim sunt occaecat voluptate. Id eiusmod velit irure officia eu commodo elit eu aute irure pariatur adipisicing. Cupidatat elit pariatur qui dolore aute id in quis laboris incididunt.', '2020-03-30 03:23:20', 'https://via.placeholder.com/400/988/fff/?text=Electonic'),
(9, 2, 'Caxt', 'bird', 'bluejay', 'Deserunt labore anim consequat ut fugiat. Enim fugiat veniam excepteur culpa culpa anim eu est culpa occaecat anim pariatur aliquip. Sint consequat id id ea exercitation.', '2020-06-15 11:35:58', 'https://via.placeholder.com/400/969/fff/?text=Caxt'),
(10, 3, 'Pearlesex', 'dog', 'pitpull', 'Ea officia exercitation pariatur adipisicing elit. Magna sit tempor nulla cillum magna dolore duis elit est culpa consectetur nisi eu. Anim minim anim est consectetur esse ut sint.', '2020-05-16 09:02:05', 'https://via.placeholder.com/400/746/fff/?text=Pearlesex'),
(11, 8, 'Sulfax', 'bird', 'parrot', 'Culpa occaecat ex aliqua minim sint laborum officia culpa nisi. Consequat eu aute eu occaecat excepteur laborum veniam excepteur. Cupidatat occaecat aute reprehenderit aliqua qui cillum proident amet.', '2020-02-06 05:06:23', 'https://via.placeholder.com/400/989/fff/?text=Sulfax'),
(12, 6, 'Eplosion', 'bird', 'bluejay', 'Voluptate ad aliquip tempor duis non ipsum cillum fugiat pariatur cupidatat occaecat velit in aliquip. Sint sunt nostrud aliquip deserunt nisi aliqua aliqua mollit dolore fugiat laboris officia ex. Non labore excepteur qui proident commodo pariatur in eiusmod laboris.', '2020-04-01 05:34:36', 'https://via.placeholder.com/400/916/fff/?text=Eplosion'),
(13, 5, 'Terragen', 'bird', 'bluejay', 'Dolore quis qui veniam est voluptate nulla est. Mollit sit veniam laboris dolor aliquip aliqua nulla enim nisi excepteur veniam minim. Magna esse ad eu minim id amet id magna.', '2020-02-02 11:48:59', 'https://via.placeholder.com/400/993/fff/?text=Terragen'),
(14, 4, 'Rugstars', 'dog', 'pitpull', 'Amet ullamco adipisicing do consectetur aliqua. Elit ad tempor dolore esse nostrud aliqua mollit nisi mollit do officia. Commodo reprehenderit aliquip labore aute enim do labore ad.', '2020-01-07 01:05:33', 'https://via.placeholder.com/400/929/fff/?text=Rugstars'),
(15, 10, 'Zerology', 'bird', 'parrot', 'Anim eiusmod amet dolor ea exercitation commodo et magna ut amet pariatur. Dolor ea quis velit proident exercitation quis veniam Lorem. Et voluptate mollit nostrud fugiat.', '2020-07-03 03:21:20', 'https://via.placeholder.com/400/884/fff/?text=Zerology'),
(16, 7, 'Signity', 'dog', 'pitpull', 'Amet exercitation aute in ea cillum eu tempor cupidatat ex aliqua aute eiusmod aliqua. Nostrud proident sit ad consectetur laboris incididunt est ipsum. Ullamco esse ullamco sunt id tempor veniam exercitation ea consequat dolor.', '2020-04-03 07:10:01', 'https://via.placeholder.com/400/937/fff/?text=Signity'),
(17, 10, 'Vixo', 'cat', 'ginger', 'Veniam nulla Lorem do ad amet cillum occaecat cillum laboris do culpa enim. Excepteur amet mollit enim quis non eiusmod tempor officia qui sint amet. Consequat nostrud duis eu esse aute nisi magna adipisicing aliquip id do culpa dolore.', '2020-05-17 03:03:35', 'https://via.placeholder.com/400/706/fff/?text=Vixo'),
(18, 1, 'Twiggery', 'cat', 'Civet cat', 'Pariatur minim ullamco nostrud laborum. Officia dolore esse laborum et. Veniam pariatur in ea sint ex qui.', '2020-04-30 05:35:04', 'https://via.placeholder.com/400/703/fff/?text=Twiggery'),
(19, 6, 'Chorizon', 'dog', 'pitpull', 'Ex sunt do consectetur est labore deserunt labore dolore laborum. Minim et minim occaecat nisi duis ad est id culpa qui amet ut nulla sint. Eu proident Lorem reprehenderit quis mollit minim magna quis est occaecat ex commodo minim aute.', '2020-06-28 08:58:28', 'https://via.placeholder.com/400/751/fff/?text=Chorizon'),
(20, 4, 'Exostream', 'cat', 'Civet cat', 'Do eiusmod in sunt velit cupidatat. Id anim laborum et commodo. Esse consectetur officia dolor reprehenderit amet pariatur.', '2020-05-31 01:43:55', 'https://via.placeholder.com/400/944/fff/?text=Exostream'),
(21, 6, 'Nitracyr', 'cat', 'ginger', 'Nostrud cupidatat pariatur mollit aute aliquip id nisi aliquip velit qui tempor est. Fugiat consectetur id do elit. Aliqua et nostrud commodo laboris dolor.', '2020-03-15 10:37:02', 'https://via.placeholder.com/400/846/fff/?text=Nitracyr'),
(22, 3, 'Idealis', 'cat', 'ginger', 'Elit aliqua elit eiusmod esse aliqua. Dolor reprehenderit eiusmod sunt irure nisi irure dolore. Proident commodo adipisicing aute enim pariatur officia id occaecat quis commodo culpa nisi nostrud id.', '2020-03-17 03:24:00', 'https://via.placeholder.com/400/965/fff/?text=Idealis'),
(23, 7, 'Zilencio', 'bird', 'bluejay', 'Quis qui non sunt mollit amet nisi nostrud consequat nostrud minim qui. Est quis aute minim veniam magna esse. Eiusmod velit eu nisi veniam amet esse aliqua nulla sint.', '2020-06-07 05:02:09', 'https://via.placeholder.com/400/801/fff/?text=Zilencio'),
(24, 7, 'Enthaze', 'cat', 'Civet cat', 'Adipisicing anim ut officia amet voluptate sunt Lorem occaecat esse incididunt officia magna tempor. Deserunt anim aliquip proident veniam non dolore. Irure nulla reprehenderit nostrud incididunt irure qui proident.', '2020-07-13 08:41:43', 'https://via.placeholder.com/400/894/fff/?text=Enthaze'),
(25, 7, 'Genesynk', 'dog', 'pitpull', 'Reprehenderit amet excepteur officia est eu quis. Minim eiusmod in anim laborum cillum labore voluptate commodo tempor enim adipisicing magna ad. Amet quis sint laboris sunt voluptate.', '2020-06-16 04:45:56', 'https://via.placeholder.com/400/963/fff/?text=Genesynk'),
(26, 1, 'Candecor', 'bird', 'parrot', 'Voluptate nostrud magna fugiat laboris exercitation nostrud cupidatat excepteur tempor dolor aliquip ipsum. Laborum in culpa do esse fugiat eu pariatur proident qui incididunt dolore irure enim. Ullamco ea laborum irure mollit commodo nostrud in ut commodo anim cillum esse.', '2020-05-23 04:56:41', 'https://via.placeholder.com/400/721/fff/?text=Candecor'),
(27, 3, 'Fleetmix', 'dog', 'pitpull', 'Exercitation adipisicing nulla elit officia nisi ex adipisicing eu pariatur dolor laboris. Mollit excepteur quis sint laborum. Sunt duis enim aute ad nisi tempor non.', '2020-04-21 02:08:50', 'https://via.placeholder.com/400/825/fff/?text=Fleetmix'),
(28, 6, 'Aquazure', 'dog', 'Labrador', 'Minim pariatur nostrud tempor culpa id irure veniam adipisicing est. Mollit exercitation aliquip eiusmod laborum officia officia sit sit magna. Quis fugiat cupidatat ea deserunt ut qui est adipisicing amet duis occaecat minim ea ad.', '2020-06-10 10:57:47', 'https://via.placeholder.com/400/909/fff/?text=Aquazure'),
(29, 7, 'Omnigog', 'dog', 'Labrador', 'Consequat velit velit enim id irure occaecat dolore. Aliqua veniam duis ex in enim aliquip veniam. Cupidatat commodo mollit cillum et.', '2020-05-30 01:21:05', 'https://via.placeholder.com/400/770/fff/?text=Omnigog'),
(30, 4, 'Viagrand', 'bird', 'parrot', 'Elit aute duis voluptate id sunt ad in aute ad amet. Velit exercitation culpa duis nulla reprehenderit esse eiusmod minim tempor. Ea sunt reprehenderit reprehenderit occaecat eiusmod magna occaecat.', '2020-04-03 12:42:10', 'https://via.placeholder.com/400/797/fff/?text=Viagrand'),
(31, 4, 'Iplax', 'bird', 'parrot', 'Commodo Lorem commodo officia magna anim anim culpa amet duis voluptate. Do amet minim ex proident duis fugiat cupidatat sint. Irure sint ea pariatur laborum pariatur dolore Lorem eiusmod deserunt fugiat anim reprehenderit sint.', '2020-05-20 07:09:48', 'https://via.placeholder.com/400/884/fff/?text=Iplax'),
(32, 4, 'Genekom', 'bird', 'bluejay', 'Irure ad eiusmod ullamco do elit irure esse eiusmod incididunt. Reprehenderit excepteur excepteur anim quis sint culpa mollit nostrud cillum elit est cillum id. Eu deserunt incididunt officia dolor et sint elit.', '2020-03-10 08:04:03', 'https://via.placeholder.com/400/871/fff/?text=Genekom'),
(33, 2, 'Isoplex', 'bird', 'bluejay', 'Consectetur qui reprehenderit officia aliquip enim. Velit id labore aute elit. Qui amet duis ex eu reprehenderit minim veniam aute ex cupidatat excepteur non ut aliquip.', '2020-01-10 10:56:27', 'https://via.placeholder.com/400/949/fff/?text=Isoplex'),
(34, 9, 'Olucore', 'cat', 'ginger', 'Ipsum dolor magna sit pariatur adipisicing sunt adipisicing irure laborum. Lorem minim cupidatat consectetur adipisicing dolore. Duis consectetur velit anim veniam ipsum consectetur aute eiusmod laboris cupidatat cupidatat reprehenderit.', '2020-02-03 06:10:53', 'https://via.placeholder.com/400/771/fff/?text=Olucore'),
(35, 9, 'Ozean', 'cat', 'Civet cat', 'Velit Lorem sint aliqua consequat ullamco ea. Ea est exercitation et minim. Magna eiusmod occaecat qui commodo officia minim veniam non eu elit.', '2020-05-29 06:50:34', 'https://via.placeholder.com/400/942/fff/?text=Ozean'),
(36, 1, 'Earbang', 'dog', 'pitpull', 'Ex dolore in ad adipisicing fugiat amet irure adipisicing esse aliquip pariatur labore. Sunt laborum ad mollit ea. Reprehenderit culpa culpa eiusmod veniam ad nisi laborum id sunt commodo velit culpa.', '2020-06-05 09:03:45', 'https://via.placeholder.com/400/756/fff/?text=Earbang'),
(37, 3, 'Magnafone', 'cat', 'Civet cat', 'Magna mollit elit aliqua excepteur aliqua pariatur reprehenderit occaecat cupidatat excepteur tempor excepteur. Qui culpa et reprehenderit nulla consectetur Lorem nisi incididunt laboris tempor enim. Aliquip fugiat deserunt et nostrud esse.', '2020-01-08 02:36:32', 'https://via.placeholder.com/400/794/fff/?text=Magnafone'),
(38, 7, 'Firewax', 'cat', 'Civet cat', 'Qui officia ea ex eu quis velit voluptate pariatur officia nisi duis. Aliquip anim aute anim tempor. Elit eiusmod eu id voluptate voluptate officia et ullamco consequat non commodo.', '2020-06-30 12:57:37', 'https://via.placeholder.com/400/721/fff/?text=Firewax'),
(39, 5, 'Gonkle', 'cat', 'ginger', 'In duis eu deserunt id ex consequat qui esse. Consequat occaecat eiusmod id officia. Cupidatat ea quis ullamco cupidatat voluptate laboris id duis eu tempor.', '2020-06-09 09:40:23', 'https://via.placeholder.com/400/720/fff/?text=Gonkle'),
(40, 10, 'Mantro', 'cat', 'ginger', 'Aliquip ullamco in duis commodo excepteur. Dolore proident ad in elit in. Sint enim quis ut ad est do magna veniam anim.', '2020-02-05 08:53:13', 'https://via.placeholder.com/400/992/fff/?text=Mantro'),
(41, 3, 'Trasola', 'cat', 'Civet cat', 'Do laborum culpa aliqua id exercitation non aliquip sint. Culpa ea irure excepteur ullamco consectetur. Aliqua sunt do in ullamco dolor incididunt do reprehenderit ea nostrud aliqua eiusmod.', '2020-05-28 07:55:52', 'https://via.placeholder.com/400/945/fff/?text=Trasola'),
(42, 2, 'Bullzone', 'cat', 'ginger', 'Mollit cupidatat ipsum ullamco aliqua commodo deserunt. Ad excepteur labore in consequat. Velit do eu sint dolor enim dolore amet proident magna.', '2020-04-06 08:25:43', 'https://via.placeholder.com/400/815/fff/?text=Bullzone'),
(43, 6, 'Zappix', 'bird', 'bluejay', 'Incididunt tempor id veniam nisi labore voluptate dolor ullamco. Deserunt fugiat labore fugiat cillum. Consectetur ullamco adipisicing ex minim exercitation id esse veniam voluptate velit.', '2020-02-03 03:30:27', 'https://via.placeholder.com/400/827/fff/?text=Zappix'),
(44, 3, 'Norali', 'cat', 'Civet cat', 'Sint aute officia dolor eu nulla. Do exercitation laboris aliqua reprehenderit nisi consectetur aliquip qui. Dolor laboris commodo minim anim nisi cillum qui.', '2020-01-05 07:53:39', 'https://via.placeholder.com/400/834/fff/?text=Norali'),
(45, 10, 'Zorromop', 'bird', 'bluejay', 'Culpa id officia cupidatat dolore cillum occaecat. Aliquip ullamco aliqua et et tempor adipisicing. Do et quis minim voluptate ipsum elit adipisicing deserunt.', '2020-04-01 02:46:49', 'https://via.placeholder.com/400/927/fff/?text=Zorromop'),
(46, 2, 'Xumonk', 'dog', 'Labrador', 'Commodo irure culpa ad irure mollit id mollit quis laboris nostrud id enim dolor nisi. Consectetur occaecat aute cillum do deserunt nostrud voluptate irure. Ea qui aliquip sint ut dolor.', '2020-01-13 05:16:03', 'https://via.placeholder.com/400/776/fff/?text=Xumonk'),
(47, 9, 'Zillactic', 'cat', 'ginger', 'Duis dolor incididunt esse proident incididunt aute. Dolor amet sunt aute veniam in reprehenderit deserunt adipisicing reprehenderit reprehenderit amet quis cillum enim. Incididunt laborum voluptate Lorem cupidatat mollit sit dolore est nisi.', '2020-07-10 08:00:36', 'https://via.placeholder.com/400/739/fff/?text=Zillactic'),
(48, 3, 'Cogentry', 'bird', 'parrot', 'Labore exercitation reprehenderit proident dolore dolor culpa nulla nulla reprehenderit nostrud laboris ex ut. Eiusmod id ullamco commodo incididunt anim veniam eu irure cillum quis esse exercitation nostrud elit. Laborum enim quis do eiusmod et.', '2020-05-22 09:37:38', 'https://via.placeholder.com/400/755/fff/?text=Cogentry'),
(49, 10, 'Konnect', 'cat', 'Civet cat', 'Aute ipsum consectetur occaecat occaecat labore aliquip magna adipisicing quis dolor officia eu. Cillum commodo magna sunt ex Lorem et deserunt. Sunt laboris deserunt eiusmod commodo culpa elit aute laborum quis ut ad laborum nulla.', '2020-04-07 09:36:18', 'https://via.placeholder.com/400/729/fff/?text=Konnect'),
(50, 10, 'Eschoir', 'cat', 'Civet cat', 'Eiusmod commodo commodo commodo occaecat deserunt sunt nisi ex aliquip elit et mollit ipsum sint. Anim ea fugiat proident mollit officia anim magna ipsum magna consequat est enim ipsum. Ullamco ad velit qui eiusmod amet labore laboris magna consectetur in tempor Lorem qui.', '2020-07-01 06:49:12', 'https://via.placeholder.com/400/732/fff/?text=Eschoir');

-- --------------------------------------------------------

--
-- Table structure for table `track_locations`
--

CREATE TABLE `track_locations` (
  `id` int(11) NOT NULL,
  `animal_id` int(11) NOT NULL,
  `lat` double NOT NULL,
  `lng` double NOT NULL,
  `decription` text NOT NULL,
  `date_create` datetime NOT NULL,
  `photo` varchar(256) NOT NULL,
  `icon` varchar(256) NOT NULL
) ENGINE=MyISAM DEFAULT CHARSET=latin1;

--
-- Dumping data for table `track_locations`
--

INSERT INTO `track_locations` (`id`, `animal_id`, `lat`, `lng`, `decription`, `date_create`, `photo`, `icon`) VALUES
(1, 6, 37.779433, -122.383953, 'Aliqua enim esse sunt commodo consequat enim Lorem sit esse do minim mollit. Anim ea pariatur qui nulla aliquip velit. Ullamco id aliqua magna enim adipisicing ex adipisicing laborum culpa exercitation magna occaecat velit deserunt.', '2020-02-02 04:41:25', 'https://via.placeholder.com/400', 'https://via.placeholder.com/100/888/fff/?text = ICON'),
(2, 33, 37.793002, -122.477467, 'Occaecat enim eiusmod incididunt ex velit ipsum non qui excepteur. Eu do eiusmod eiusmod labore. Veniam deserunt aliqua reprehenderit pariatur commodo reprehenderit.', '2020-04-17 01:13:18', 'https://via.placeholder.com/400', 'https://via.placeholder.com/100/888/fff/?text = ICON'),
(3, 33, 37.770346, -122.448625, 'Adipisicing mollit ea officia ipsum sunt sint tempor dolor duis. Amet enim consectetur proident veniam nulla dolore deserunt aute. Esse amet sit exercitation anim laboris cillum aute sunt fugiat.', '2020-04-26 09:38:27', 'https://via.placeholder.com/400', 'https://via.placeholder.com/100/888/fff/?text = ICON'),
(4, 45, 37.780341, -122.469262, 'Sunt enim proident minim in sint velit labore. Minim aliquip aliquip id elit sint irure eu aliqua esse fugiat. Et nostrud voluptate pariatur mollit nisi est adipisicing nulla mollit sit.', '2020-07-12 09:31:56', 'https://via.placeholder.com/400', 'https://via.placeholder.com/100/888/fff/?text = ICON'),
(5, 50, 37.704336, -122.491686, 'Aute ullamco dolor enim anim eu. Magna commodo quis officia laborum veniam eiusmod sunt nisi aliqua eu exercitation irure. Cupidatat eu enim consectetur velit tempor.', '2020-04-14 06:37:41', 'https://via.placeholder.com/400', 'https://via.placeholder.com/100/888/fff/?text = ICON'),
(6, 49, 37.701952, -122.4015, 'Dolor aliqua sit consequat amet enim amet est aliqua incididunt labore. Eu eiusmod mollit nulla qui consectetur eiusmod amet in duis fugiat officia veniam. Mollit incididunt mollit et incididunt.', '2020-05-18 05:36:49', 'https://via.placeholder.com/400', 'https://via.placeholder.com/100/888/fff/?text = ICON'),
(7, 35, 37.795586, -122.412997, 'Sint aute incididunt laborum esse exercitation nulla labore. Voluptate veniam ea elit laborum id eu commodo ad do excepteur. Aliqua deserunt Lorem id sunt fugiat aliquip irure.', '2020-02-19 03:53:02', 'https://via.placeholder.com/400', 'https://via.placeholder.com/100/888/fff/?text = ICON'),
(8, 21, 37.731983, -122.48447, 'Sunt commodo ea occaecat irure voluptate est sunt sunt elit ut consequat tempor. Velit Lorem fugiat consequat anim pariatur. Esse esse quis nisi laboris culpa ut.', '2020-01-21 02:40:05', 'https://via.placeholder.com/400', 'https://via.placeholder.com/100/888/fff/?text = ICON'),
(9, 28, 37.778445, -122.465002, 'Commodo esse id dolore non. Laboris labore nulla ut sint qui reprehenderit. Ad sit duis velit aute eiusmod mollit dolor exercitation proident fugiat proident ipsum voluptate mollit.', '2020-01-05 08:10:55', 'https://via.placeholder.com/400', 'https://via.placeholder.com/100/888/fff/?text = ICON'),
(10, 37, 37.738695, -122.501525, 'Deserunt officia adipisicing enim eu quis in. Irure sint cupidatat ad ipsum enim culpa mollit amet excepteur laborum irure aliqua veniam. Ipsum veniam nisi est tempor cupidatat.', '2020-07-01 07:12:21', 'https://via.placeholder.com/400', 'https://via.placeholder.com/100/888/fff/?text = ICON'),
(11, 37, 37.769858, -122.490971, 'Esse ex do laboris Lorem quis Lorem qui ullamco ad. Non ex mollit ullamco laboris laborum veniam id cupidatat enim ut velit cillum. Amet labore est amet pariatur reprehenderit esse commodo minim reprehenderit ut eiusmod ex in cillum.', '2020-06-04 04:14:35', 'https://via.placeholder.com/400', 'https://via.placeholder.com/100/888/fff/?text = ICON'),
(12, 9, 37.79942, -122.500491, 'Officia irure sit excepteur qui est ut aliquip est sit. Aliquip consectetur Lorem sit consequat aute ea ea aliquip proident ad adipisicing. Elit anim magna do sint proident nulla incididunt culpa incididunt voluptate.', '2020-06-24 12:12:56', 'https://via.placeholder.com/400', 'https://via.placeholder.com/100/888/fff/?text = ICON'),
(13, 32, 37.735152, -122.481907, 'Occaecat nisi cillum et et ipsum dolore in Lorem non. Tempor sint quis ipsum in amet anim sit sint. Nostrud qui anim dolore anim sit non aliquip enim minim et cillum nulla.', '2020-03-06 05:29:29', 'https://via.placeholder.com/400', 'https://via.placeholder.com/100/888/fff/?text = ICON'),
(14, 47, 37.721376, -122.467171, 'Occaecat amet est do fugiat veniam duis quis Lorem elit labore dolore do sint. Aute sit ex duis ea ea quis laboris non fugiat id quis ea. Adipisicing est aute velit ad laborum nisi qui ex mollit sunt amet enim sint.', '2020-01-04 04:45:21', 'https://via.placeholder.com/400', 'https://via.placeholder.com/100/888/fff/?text = ICON'),
(15, 30, 37.732133, -122.402037, 'Labore id ex reprehenderit reprehenderit elit do labore. Magna elit officia sint ullamco id nostrud nulla magna irure mollit. Reprehenderit nostrud irure veniam quis qui pariatur ullamco laboris veniam consectetur velit consequat officia.', '2020-02-15 02:44:08', 'https://via.placeholder.com/400', 'https://via.placeholder.com/100/888/fff/?text = ICON'),
(16, 14, 37.766467, -122.429489, 'Do labore occaecat tempor non non. Adipisicing dolore veniam esse reprehenderit reprehenderit ea commodo labore eu. Aliqua officia laboris cupidatat laboris cupidatat cupidatat reprehenderit.', '2020-04-19 07:46:50', 'https://via.placeholder.com/400', 'https://via.placeholder.com/100/888/fff/?text = ICON'),
(17, 14, 37.721417, -122.467894, 'Ex tempor est occaecat ea magna. Proident dolor nisi nostrud ad esse consectetur deserunt magna. Sit labore officia nostrud et est culpa ullamco irure voluptate aliquip est consectetur sit.', '2020-04-03 01:47:10', 'https://via.placeholder.com/400', 'https://via.placeholder.com/100/888/fff/?text = ICON'),
(18, 43, 37.762884, -122.379376, 'Ad laborum proident eiusmod elit exercitation tempor id irure laborum tempor eu excepteur sunt. Et amet sint adipisicing sunt pariatur voluptate dolor reprehenderit occaecat exercitation esse ut nulla. Consectetur culpa anim et sit nulla.', '2020-04-22 11:13:28', 'https://via.placeholder.com/400', 'https://via.placeholder.com/100/888/fff/?text = ICON'),
(19, 6, 37.782364, -122.387739, 'Reprehenderit voluptate dolor aute consectetur amet. Aliqua ut minim excepteur id fugiat dolor. Cupidatat labore culpa aliqua ullamco laborum sunt sunt aliquip et velit in id labore nulla.', '2020-03-07 08:27:34', 'https://via.placeholder.com/400', 'https://via.placeholder.com/100/888/fff/?text = ICON'),
(20, 2, 37.762275, -122.439956, 'Sint in velit aliquip irure adipisicing velit nulla. Eiusmod non nulla eiusmod in elit deserunt laborum ea. Non id ipsum consequat velit fugiat fugiat consectetur aliqua nulla sint non Lorem culpa.', '2020-03-10 07:10:54', 'https://via.placeholder.com/400', 'https://via.placeholder.com/100/888/fff/?text = ICON'),
(21, 32, 37.763111, -122.388722, 'Commodo enim aliquip sunt veniam anim sint Lorem aliqua aliquip. Consequat qui mollit dolore laboris occaecat voluptate cillum deserunt Lorem ex magna minim elit ad. Ut dolor minim commodo aliqua non sunt minim incididunt eu aute tempor.', '2020-01-27 09:21:02', 'https://via.placeholder.com/400', 'https://via.placeholder.com/100/888/fff/?text = ICON'),
(22, 28, 37.717292, -122.478167, 'Deserunt aliquip cillum laboris labore pariatur non aliqua ullamco do. Ea sint laboris qui ea consequat enim aliquip ea eiusmod nostrud voluptate laborum excepteur adipisicing. Sunt minim sunt sint commodo laboris est exercitation eu sit officia laborum.', '2020-02-13 05:50:25', 'https://via.placeholder.com/400', 'https://via.placeholder.com/100/888/fff/?text = ICON'),
(23, 21, 37.752698, -122.378283, 'Reprehenderit quis minim anim ullamco quis aliqua do laboris. Amet Lorem occaecat eu voluptate aliquip sunt magna consequat nostrud anim ex elit laborum est. Pariatur fugiat et eiusmod sint cupidatat magna irure dolore.', '2020-05-31 09:40:28', 'https://via.placeholder.com/400', 'https://via.placeholder.com/100/888/fff/?text = ICON'),
(24, 11, 37.800291, -122.434496, 'Lorem sit esse sint amet nostrud. Sint cillum voluptate proident in qui ullamco. Proident exercitation consequat consequat irure commodo est aliqua exercitation reprehenderit proident tempor laboris ad.', '2020-05-19 11:13:25', 'https://via.placeholder.com/400', 'https://via.placeholder.com/100/888/fff/?text = ICON'),
(25, 29, 37.801285, -122.453114, 'Eu deserunt sint excepteur velit laboris et. Non elit velit officia duis dolore cupidatat dolor consequat ex aute. Sint nulla dolor aliqua id dolore cillum quis sint dolore quis cupidatat.', '2020-04-17 08:44:55', 'https://via.placeholder.com/400', 'https://via.placeholder.com/100/888/fff/?text = ICON'),
(26, 44, 37.759053, -122.4433, 'Anim commodo veniam ipsum laboris eiusmod ad tempor. Ut quis Lorem officia ullamco reprehenderit et minim ullamco. Deserunt laborum nisi ea sunt officia occaecat aliqua nostrud.', '2020-02-18 06:49:47', 'https://via.placeholder.com/400', 'https://via.placeholder.com/100/888/fff/?text = ICON'),
(27, 7, 37.780328, -122.386652, 'Officia ut qui nostrud cillum id qui ex amet deserunt ipsum culpa. Sint mollit adipisicing nulla proident esse consectetur nulla excepteur anim. Minim deserunt nulla sint aliqua aliqua Lorem non ex est velit nostrud enim.', '2020-04-26 10:02:15', 'https://via.placeholder.com/400', 'https://via.placeholder.com/100/888/fff/?text = ICON'),
(28, 40, 37.790683, -122.488193, 'Eiusmod incididunt exercitation nisi aute quis enim magna laborum. Aliquip excepteur sunt nulla magna culpa aliqua duis proident. Lorem Lorem consequat est exercitation laborum irure aliqua laboris exercitation.', '2020-06-30 10:43:19', 'https://via.placeholder.com/400', 'https://via.placeholder.com/100/888/fff/?text = ICON'),
(29, 41, 37.780607, -122.486877, 'Nostrud adipisicing pariatur ipsum quis consectetur aliqua velit ipsum. Nisi consectetur esse nisi culpa est dolore eiusmod laboris elit aute. Eu laboris sunt anim labore est velit consectetur mollit elit aliqua cillum occaecat et.', '2020-02-12 02:42:42', 'https://via.placeholder.com/400', 'https://via.placeholder.com/100/888/fff/?text = ICON'),
(30, 36, 37.769026, -122.395232, 'Velit esse incididunt ad aliqua voluptate officia duis minim exercitation. Nostrud veniam officia dolore do duis minim voluptate aliqua consectetur in minim laborum consequat excepteur. Aliqua esse labore officia cupidatat Lorem et et velit proident.', '2020-01-13 02:34:49', 'https://via.placeholder.com/400', 'https://via.placeholder.com/100/888/fff/?text = ICON'),
(31, 45, 37.729259, -122.451339, 'Do aliquip ex anim deserunt est nostrud sunt Lorem dolore irure nostrud reprehenderit. In minim reprehenderit labore culpa aliqua officia. Minim fugiat consequat veniam qui qui ad dolor qui cupidatat anim ad nisi magna.', '2020-07-02 10:05:31', 'https://via.placeholder.com/400', 'https://via.placeholder.com/100/888/fff/?text = ICON'),
(32, 50, 37.783761, -122.430363, 'Minim mollit culpa pariatur ex duis reprehenderit nisi cillum id consectetur culpa velit ea irure. Laboris cillum nisi enim proident. Nisi sunt commodo in aliqua ea eiusmod aliqua cillum velit officia non.', '2020-05-11 01:49:33', 'https://via.placeholder.com/400', 'https://via.placeholder.com/100/888/fff/?text = ICON'),
(33, 47, 37.752006, -122.390722, 'Amet irure pariatur magna quis irure est sunt adipisicing do consectetur ex voluptate consequat veniam. Sint eu proident amet consectetur dolor officia consequat labore enim nostrud enim. Magna culpa aute ea tempor pariatur laborum incididunt consectetur nisi ullamco.', '2020-04-04 12:03:52', 'https://via.placeholder.com/400', 'https://via.placeholder.com/100/888/fff/?text = ICON'),
(34, 8, 37.729324, -122.492529, 'Proident amet do ipsum nulla quis quis aliquip Lorem consequat. Culpa sit adipisicing laborum tempor occaecat culpa eu labore irure laboris voluptate ea qui. Nostrud culpa ut pariatur eiusmod.', '2020-01-12 09:25:28', 'https://via.placeholder.com/400', 'https://via.placeholder.com/100/888/fff/?text = ICON'),
(35, 7, 37.704377, -122.438557, 'Id labore incididunt pariatur sunt amet officia duis nisi id enim ullamco nisi. Enim id magna incididunt id fugiat deserunt enim commodo. Occaecat magna et cupidatat mollit.', '2020-01-31 06:41:32', 'https://via.placeholder.com/400', 'https://via.placeholder.com/100/888/fff/?text = ICON'),
(36, 28, 37.701952, -122.457194, 'Culpa incididunt minim commodo voluptate. Dolor ea aliquip esse ullamco non occaecat excepteur id veniam proident cillum commodo qui excepteur. Lorem do laborum amet adipisicing velit magna sint.', '2020-06-09 10:55:58', 'https://via.placeholder.com/400', 'https://via.placeholder.com/100/888/fff/?text = ICON'),
(37, 4, 37.785433, -122.468052, 'Officia dolor deserunt nostrud voluptate reprehenderit aliqua commodo proident anim exercitation aute amet. Pariatur incididunt ullamco officia non sit anim qui veniam Lorem ad irure. Cupidatat nostrud eu cillum non fugiat.', '2020-06-15 08:56:09', 'https://via.placeholder.com/400', 'https://via.placeholder.com/100/888/fff/?text = ICON'),
(38, 46, 37.752873, -122.44892, 'Ex nisi veniam tempor do ut sunt. Nostrud exercitation Lorem eu tempor sunt anim Lorem est sint tempor ex sunt ex. Lorem adipisicing consequat ipsum eu laborum voluptate consequat ea culpa nostrud elit.', '2020-05-18 05:19:26', 'https://via.placeholder.com/400', 'https://via.placeholder.com/100/888/fff/?text = ICON'),
(39, 38, 37.786812, -122.41443, 'Fugiat in ullamco et occaecat adipisicing anim adipisicing et proident deserunt adipisicing. In excepteur qui nulla do mollit veniam dolor mollit nostrud amet. Nostrud qui in adipisicing sit.', '2020-04-12 12:51:48', 'https://via.placeholder.com/400', 'https://via.placeholder.com/100/888/fff/?text = ICON'),
(40, 24, 37.740837, -122.403021, 'Ex occaecat laboris officia consectetur est ex. Nulla irure sint ipsum irure consequat. Nostrud ad non ea elit irure exercitation et reprehenderit excepteur eu cillum do.', '2020-06-03 10:14:32', 'https://via.placeholder.com/400', 'https://via.placeholder.com/100/888/fff/?text = ICON'),
(41, 10, 37.707724, -122.42567, 'Enim esse deserunt nisi labore voluptate laboris laboris. Quis sint enim non sit. Non amet incididunt eu velit et deserunt tempor ipsum elit.', '2020-03-26 11:41:39', 'https://via.placeholder.com/400', 'https://via.placeholder.com/100/888/fff/?text = ICON'),
(42, 33, 37.709759, -122.480968, 'Esse esse in amet veniam amet fugiat magna sunt do laboris. Cupidatat minim non non minim tempor et anim enim labore minim eu incididunt consequat deserunt. Proident exercitation mollit velit commodo esse sint cupidatat dolore laboris.', '2020-01-07 08:09:14', 'https://via.placeholder.com/400', 'https://via.placeholder.com/100/888/fff/?text = ICON'),
(43, 42, 37.760942, -122.445058, 'In do consectetur voluptate id qui enim adipisicing. Cupidatat ullamco cupidatat est labore sint cupidatat pariatur duis ad tempor pariatur quis ea. Eiusmod anim nisi duis pariatur exercitation aliquip fugiat velit non non aliqua dolor.', '2020-03-24 02:02:48', 'https://via.placeholder.com/400', 'https://via.placeholder.com/100/888/fff/?text = ICON'),
(44, 2, 37.787276, -122.457487, 'Non quis enim minim id. Voluptate dolor anim velit labore incididunt enim. Nulla eiusmod qui ipsum ex consectetur fugiat.', '2020-05-26 05:07:51', 'https://via.placeholder.com/400', 'https://via.placeholder.com/100/888/fff/?text = ICON'),
(45, 25, 37.735815, -12m/40085, 'Dolore irure ipsum aliquip amet laboris nostrud sint reprehenderit. Velit non veniam culpa magna. Ex nisi deserunt proident quis cillum.', '2020-03-10 10:38:07', 'https://via.placeholder.com/400', 'https://via.placeholder.com/100/888/fff/?text = ICON'),
(46, 26, 37.759271, -122.428604, 'Tempor deserunt consequat nulla dolor non mollit velit nostrud commodo. Culpa non esse nulla culpa eu. Incididunt duis sunt laborum aliquip ut eu in velit non culpa ad nisi duis ea.', '2020-03-09 05:13:38', 'https://via.placeholder.com/400', 'https://via.placeholder.com/100/888/fff/?text = ICON'),
(47, 12, 37.716755, -122.433933, 'Enim sint qui do cillum laborum proident elit et cupidatat est ut qui tempor commodo. Duis elit nulla culpa laborum dolore proident esse consequat est ex ad ipsum sunt proident. Ipsum nostrud proident do excepteur velit duis consequat dolore duis est cillum officia.', '2020-04-15 12:38:23', 'https://via.placeholder.com/400', 'https://via.placeholder.com/100/888/fff/?text = ICON'),
(48, 5, 37.709545, -122.487998, 'Cupidatat reprehenderit ipsum occaecat cillum tempor aute duis ullamco duis ipsum. Elit labore ullamco pariatur commodo. Cupidatat culpa ad non ipsum elit dolore velit consectetur est ad consectetur minim Lorem.', '2020-07-06 01:04:29', 'https://via.placeholder.com/400', 'https://via.placeholder.com/100/888/fff/?text = ICON'),
(49, 31, 37.734298, -122.437005, 'Pariatur aliquip consequat voluptate culpa elit sunt fugiat id duis reprehenderit enim exercitation excepteur aute. Laboris officia adipisicing cillum consequat nostrud non cillum officia non amet ipsum non. Consectetur duis et ut cillum.', '2020-05-12 01:45:17', 'https://via.placeholder.com/400', 'https://via.placeholder.com/100/888/fff/?text = ICON'),
(50, 34, 37.706283, -122.481063, 'Do amet non occaecat sint est culpa in cillum ullamco reprehenderit officia nostrud consectetur. Ea commodo eu labore nulla labore nostrud sit enim sint officia dolore velit. Do anim quis proident sint irure minim laborum sit et aute esse.', '2020-01-25 10:07:38', 'https://via.placeholder.com/400', 'https://via.placeholder.com/100/888/fff/?text = ICON'),
(51, 20, 37.790512, -122.405674, 'Lorem laboris excepteur amet incididunt ex deserunt qui cillum sunt nulla. Commodo consequat qui voluptate occaecat. Id nulla officia culpa deserunt amet eu magna.', '2020-04-10 10:05:12', 'https://via.placeholder.com/400', 'https://via.placeholder.com/100/888/fff/?text = ICON'),
(52, 5, 37.743469, -122.456335, 'Dolore duis velit laboris eu. Amet adipisicing magna laboris incididunt officia. Nostrud sit labore laborum laborum in aute enim ullamco dolor ipsum.', '2020-05-21 03:04:46', 'https://via.placeholder.com/400', 'https://via.placeholder.com/100/888/fff/?text = ICON'),
(53, 20, 37.773635, -122.450715, 'Cillum duis nulla qui id. Anim ad mollit cillum aliquip cillum eiusmod in commodo excepteur qui elit. Et fugiat aute qui duis laborum laborum pariatur.', '2020-06-29 06:09:59', 'https://via.placeholder.com/400', 'https://via.placeholder.com/100/888/fff/?text = ICON'),
(54, 47, 37.70481, -122.392607, 'Irure velit eu eu ullamco esse amet ad irure et minim aliqua. Nostrud veniam exercitation Lorem incididunt fugiat nulla enim velit proident sit incididunt. Non sit reprehenderit voluptate est id.', '2020-05-19 07:29:02', 'https://via.placeholder.com/400', 'https://via.placeholder.com/100/888/fff/?text = ICON'),
(55, 24, 37.786623, -122.4612, 'Incididunt id nostrud ad exercitation amet sit adipisicing. Nostrud nulla ad consectetur aute elit ex velit ea irure do incididunt dolor. Dolor laborum sunt ullamco eiusmod culpa esse pariatur enim exercitation.', '2020-03-04 10:27:59', 'https://via.placeholder.com/400', 'https://via.placeholder.com/100/888/fff/?text = ICON'),
(56, 10, 37.769387, -122.476846, 'Veniam reprehenderit quis proident ut excepteur fugiat sunt sint. Ad reprehenderit esse aliqua aute laboris ea id aute. Cupidatat sit occaecat culpa ex commodo.', '2020-04-15 07:28:37', 'https://via.placeholder.com/400', 'https://via.placeholder.com/100/888/fff/?text = ICON'),
(57, 9, 37.710281, -122.433792, 'Pariatur cupidatat est amet incididunt deserunt voluptate ut nostrud eu ullamco. Duis mollit tempor nostrud non id eiusmod commodo velit. Nostrud non mollit exercitation mollit ex amet veniam esse irure aliqua fugiat proident reprehenderit.', '2020-02-06 11:58:14', 'https://via.placeholder.com/400', 'https://via.placeholder.com/100/888/fff/?text = ICON'),
(58, 5, 37.783388, -122.425129, 'Amet consequat voluptate id culpa eiusmod labore qui irure magna fugiat adipisicing non. Irure eiusmod sunt consequat officia ullamco elit minim. Do cupidatat fugiat veniam Lorem occaecat enim Lorem.', '2020-06-08 10:21:03', 'https://via.placeholder.com/400', 'https://via.placeholder.com/100/888/fff/?text = ICON'),
(59, 49, 37.762986, -122.457763, 'Exercitation veniam voluptate nisi est ea ex mollit aliqua in ipsum incididunt magna ullamco nulla. Quis veniam eiusmod occaecat ullamco sit deserunt quis fugiat do id aliqua laborum in laborum. Culpa qui pariatur reprehenderit nulla Lorem in.', '2020-03-11 11:48:46', 'https://via.placeholder.com/400', 'https://via.placeholder.com/100/888/fff/?text = ICON'),
(60, 34, 37.780324, -122.457377, 'Elit ad culpa dolor proident laborum qui nulla. Velit et sit in adipisicing est exercitation elit eiusmod ea culpa. Commodo excepteur dolor consequat commodo id duis eiusmod.', '2020-02-27 06:20:55', 'https://via.placeholder.com/400', 'https://via.placeholder.com/100/888/fff/?text = ICON'),
(61, 36, 37.780689, -122.403752, 'Deserunt tempor est excepteur laboris tempor tempor exercitation aliquip. Consectetur fugiat deserunt id exercitation exercitation fugiat ut minim eu minim consectetur ipsum mollit. Est tempor qui cillum culpa.', '2020-05-08 10:09:38', 'https://via.placeholder.com/400', 'https://via.placeholder.com/100/888/fff/?text = ICON'),
(62, 19, 37.715778, -122.428878, 'Esse elit minim officia id consequat adipisicing cillum adipisicing dolor do pariatur irure. Nisi nostrud dolor dolor do aliqua dolore tempor eu laboris enim minim minim excepteur minim. Nostrud consequat deserunt ullamco deserunt.', '2020-01-14 07:38:13', 'https://via.placeholder.com/400', 'https://via.placeholder.com/100/888/fff/?text = ICON'),
(63, 40, 37.799829, -122.405376, 'In minim eu culpa reprehenderit laboris dolore adipisicing est aliqua labore enim nulla. Magna elit incididunt voluptate adipisicing laborum. Non esse et occaecat fugiat et ad in nisi amet occaecat.', '2020-04-02 05:20:37', 'https://via.placeholder.com/400', 'https://via.placeholder.com/100/888/fff/?text = ICON'),
(64, 7, 37.792118, -122.390593, 'Dolore commodo cillum nostrud dolor aliqua velit nostrud eu amet in officia id Lorem minim. Do nulla cupidatat et exercitation adipisicing voluptate mollit cupidatat eu consequat reprehenderit. Velit commodo commodo ut non exercitation dolore ipsum in.', '2020-05-23 12:39:58', 'https://via.placeholder.com/400', 'https://via.placeholder.com/100/888/fff/?text = ICON'),
(65, 9, 37.799385, -122.486383, 'Enim veniam cupidatat veniam incididunt labore mollit occaecat irure officia labore dolore labore ex tempor. Excepteur id id proident aute pariatur cillum. Mollit nulla adipisicing reprehenderit amet commodo fugiat officia eu commodo anim duis culpa enim officia.', '2020-06-27 04:42:21', 'https://via.placeholder.com/400', 'https://via.placeholder.com/100/888/fff/?text = ICON'),
(66, 17, 37.733667, -122.466947, 'Ea magna aute fugiat excepteur nostrud id ut minim sunt aute sit irure. Culpa officia Lorem do aliqua. Veniam pariatur occaecat pariatur sint enim ipsum aliqua veniam pariatur nulla elit.', '2020-05-06 08:33:24', 'https://via.placeholder.com/400', 'https://via.placeholder.com/100/888/fff/?text = ICON'),
(67, 41, 37.790293, -122.393834, 'Esse elit qui voluptate dolore consectetur adipisicing. Ex velit ea cupidatat ullamco incididunt ex magna. Non incididunt cillum proident sint consectetur.', '2020-04-02 06:51:45', 'https://via.placeholder.com/400', 'https://via.placeholder.com/100/888/fff/?text = ICON'),
(68, 8, 37.802734, -122.376379, 'Pariatur exercitation ullamco et consectetur id Lorem elit do laborum ad sunt dolore occaecat. Dolore reprehenderit sint nostrud ad et proident. Deserunt sit tempor nostrud labore.', '2020-04-22 01:43:47', 'https://via.placeholder.com/400', 'https://via.placeholder.com/100/888/fff/?text = ICON'),
(69, 2, 37.734097, -122.394007, 'Tempor fugiat excepteur cupidatat irure deserunt labore laborum. Laboris id reprehenderit non cillum ipsum mollit. Incididunt deserunt laborum aliqua dolor Lorem proident velit duis aute nulla.', '2020-01-14 06:10:57', 'https://via.placeholder.com/400', 'https://via.placeholder.com/100/888/fff/?text = ICON'),
(70, 39, 37.743964, -122.417868, 'Cillum excepteur voluptate ex ipsum pariatur mollit id Lorem. Irure consectetur qui proident sunt mollit mollit tempor. Labore quis quis consequat voluptate.', '2020-02-21 09:31:48', 'https://via.placeholder.com/400', 'https://via.placeholder.com/100/888/fff/?text = ICON'),
(71, 30, 37.765702, -12m/40074, 'Magna non ut sunt in do dolore pariatur nisi tempor. Sunt cillum non et aliqua magna incididunt ullamco et eu ut consequat laboris magna. Et reprehenderit pariatur qui tempor cillum tempor aliqua nulla qui veniam irure aliquip exercitation.', '2020-02-08 07:45:45', 'https://via.placeholder.com/400', 'https://via.placeholder.com/100/888/fff/?text = ICON'),
(72, 39, 37.795034, -122.450892, 'Aliqua qui duis amet id consequat sunt qui adipisicing reprehenderit dolore duis reprehenderit. Nulla amet dolor quis proident in nisi sint cillum ea. Ex est ipsum aliqua fugiat Lorem consectetur non veniam veniam ipsum consequat.', '2020-03-07 07:21:01', 'https://via.placeholder.com/400', 'https://via.placeholder.com/100/888/fff/?text = ICON'),
(73, 16, 37.710012, -122.446814, 'Duis deserunt magna magna excepteur consequat est officia do consectetur. Esse adipisicing laboris non deserunt eu non occaecat minim Lorem ea consectetur anim reprehenderit ullamco. Tempor proident id laboris commodo sunt ut consectetur.', '2020-07-12 05:03:03', 'https://via.placeholder.com/400', 'https://via.placeholder.com/100/888/fff/?text = ICON'),
(74, 19, 37.79846, -122.472729, 'Ad velit consequat pariatur velit qui magna do non. Laborum elit in sint commodo cupidatat sunt adipisicing reprehenderit id culpa reprehenderit ipsum sit fugiat. Laboris aliqua ipsum non tempor deserunt qui nostrud exercitation sit officia magna laborum.', '2020-04-30 10:43:58', 'https://via.placeholder.com/400', 'https://via.placeholder.com/100/888/fff/?text = ICON'),
(75, 17, 37.800486, -122.380491, 'Fugiat commodo cillum ex laborum sint reprehenderit esse aliquip irure deserunt consectetur ex. Aliquip Lorem quis sit irure consequat nisi est. Irure nulla exercitation culpa sit mollit occaecat sit cupidatat et aute consectetur sint et qui.', '2020-07-01 10:44:18', 'https://via.placeholder.com/400', 'https://via.placeholder.com/100/888/fff/?text = ICON'),
(76, 44, 37.785062, -122.412279, 'Qui est id non eu tempor eu occaecat eiusmod voluptate officia aute. Ipsum velit consequat in Lorem. Anim duis nisi non ipsum.', '2020-01-09 11:14:55', 'https://via.placeholder.com/400', 'https://via.placeholder.com/100/888/fff/?text = ICON'),
(77, 18, 37.779246, -122.489197, 'Et non reprehenderit sint ut culpa. Proident nostrud sunt veniam tempor pariatur. Minim magna dolor ex ex labore consequat voluptate Lorem et.', '2020-06-21 05:35:05', 'https://via.placeholder.com/400', 'https://via.placeholder.com/100/888/fff/?text = ICON'),
(78, 39, 37.792195, -122.492799, 'Nisi aliqua do occaecat sunt deserunt. Voluptate elit esse enim aliquip. Nostrud nisi magna occaecat sunt anim voluptate ex ex non voluptate duis id.', '2020-06-28 06:20:00', 'https://via.placeholder.com/400', 'https://via.placeholder.com/100/888/fff/?text = ICON'),
(79, 5, 37.746205, -122.432304, 'Reprehenderit voluptate proident irure aute aliqua ea quis duis. Minim duis culpa magna ut voluptate consequat consequat consectetur. Occaecat in sunt id occaecat cillum deserunt cillum cupidatat officia.', '2020-01-07 08:07:06', 'https://via.placeholder.com/400', 'https://via.placeholder.com/100/888/fff/?text = ICON'),
(80, 27, 37.704223, -122.439081, 'Irure cupidatat minim nulla nostrud officia laboris irure. Ad et anim exercitation commodo veniam eu Lorem do in. Elit proident nisi irure officia dolor.', '2020-06-08 05:01:37', 'https://via.placeholder.com/400', 'https://via.placeholder.com/100/888/fff/?text = ICON'),
(81, 21, 37.802546, -122.44418, 'Minim dolore et ipsum irure. Adipisicing enim aute nulla cupidatat sint id amet nostrud esse esse. Ipsum sit labore occaecat ut non commodo velit reprehenderit ullamco esse labore eiusmod commodo nostrud.', '2020-06-23 07:10:42', 'https://via.placeholder.com/400', 'https://via.placeholder.com/100/888/fff/?text = ICON'),
(82, 20, 37.70527, -122.437494, 'Duis nostrud qui laborum aliquip do exercitation non nulla in ad voluptate sint eiusmod. Occaecat Lorem qui occaecat eiusmod sint eu exercitation proident cillum do est laboris ad. Minim excepteur laborum id officia.', '2020-06-10 05:22:57', 'https://via.placeholder.com/400', 'https://via.placeholder.com/100/888/fff/?text = ICON'),
(83, 31, 37.700008, -122.44129, 'Laboris cillum dolore velit dolore laborum occaecat ut laborum nulla tempor enim ullamco. Ea proident do ex id sunt ut amet adipisicing nisi enim. Adipisicing laborum velit commodo eiusmod velit irure sunt Lorem est est magna incididunt.', '2020-03-24 04:51:24', 'https://via.placeholder.com/400', 'https://via.placeholder.com/100/888/fff/?text = ICON'),
(84, 44, 37.730844, -122.475264, 'Amet esse consectetur voluptate dolor duis commodo adipisicing exercitation non. Exercitation cillum excepteur voluptate sunt sint. Exercitation deserunt labore tempor eu reprehenderit deserunt officia nostrud amet est adipisicing id culpa irure.', '2020-07-13 11:20:48', 'https://via.placeholder.com/400', 'https://via.placeholder.com/100/888/fff/?text = ICON'),
(85, 27, 37.706254, -122.383178, 'Pariatur in qui voluptate exercitation exercitation nisi laboris in. Incididunt est dolor sit quis ipsum. Qui ad magna Lorem anim anim tempor nulla adipisicing non aute non officia.', '2020-05-23 06:58:38', 'https://via.placeholder.com/400', 'https://via.placeholder.com/100/888/fff/?text = ICON'),
(86, 17, 37.763836, -122.383453, 'Lorem amet sint nisi sunt nulla elit id laboris adipisicing. Qui id quis duis duis minim et dolor ullamco duis voluptate amet. Aliqua ut id consequat ipsum excepteur culpa ut proident excepteur irure consequat mollit.', '2020-01-30 10:34:00', 'https://via.placeholder.com/400', 'https://via.placeholder.com/100/888/fff/?text = ICON'),
(87, 31, 37.769641, -122.464386, 'Aliquip sit aliqua nisi et ad magna magna fugiat consectetur cupidatat aliquip adipisicing. Amet duis ea ipsum laboris. Elit nisi dolor ad nulla.', '2020-01-03 03:36:28', 'https://via.placeholder.com/400', 'https://via.placeholder.com/100/888/fff/?text = ICON'),
(88, 17, 37.72242, -122.441792, 'Commodo sunt adipisicing cupidatat esse id incididunt et. Reprehenderit nulla eiusmod labore irure. Ullamco deserunt id qui pariatur fugiat exercitation consectetur qui officia est exercitation eiusmod anim.', '2020-02-15 08:29:31', 'https://via.placeholder.com/400', 'https://via.placeholder.com/100/888/fff/?text = ICON'),
(89, 25, 37.795866, -122.470583, 'Commodo labore anim amet aute ullamco ipsum exercitation fugiat cupidatat ex in fugiat. Duis in proident officia pariatur nulla quis. Dolor incididunt deserunt in nostrud laborum in tempor amet commodo non do mollit officia.', '2020-06-25 01:13:25', 'https://via.placeholder.com/400', 'https://via.placeholder.com/100/888/fff/?text = ICON'),
(90, 49, 37.722027, -122.475602, 'Minim voluptate nostrud aliqua consectetur quis anim irure laborum officia elit ut est. Veniam mollit magna in consectetur non officia occaecat aute elit. Qui ex laborum qui nisi magna magna.', '2020-07-11 10:02:19', 'https://via.placeholder.com/400', 'https://via.placeholder.com/100/888/fff/?text = ICON'),
(91, 39, 37.721701, -122.443781, 'Et deserunt anim deserunt fugiat reprehenderit labore sint cupidatat dolore id ad sunt qui. Ex sit id elit consectetur qui non id commodo. Exercitation dolore minim sit deserunt excepteur qui quis cillum consequat occaecat.', '2020-01-22 12:51:52', 'https://via.placeholder.com/400', 'https://via.placeholder.com/100/888/fff/?text = ICON'),
(92, 46, 37.739848, -122.421328, 'Fugiat labore occaecat ut do dolore nulla aliqua ex ad adipisicing mollit voluptate mollit ex. Amet adipisicing nostrud velit aliquip sint. Aute excepteur ullamco sint ea laborum aute officia et anim qui.', '2020-03-12 10:32:18', 'https://via.placeholder.com/400', 'https://via.placeholder.com/100/888/fff/?text = ICON'),
(93, 32, 37.779375, -122.476332, 'Quis minim dolore nostrud laborum duis nisi nisi reprehenderit. Anim aliquip eiusmod sunt do consequat proident ad ut mollit excepteur minim eiusmod. Do cillum cillum magna dolor ex laboris anim do ut.', '2020-02-13 09:55:02', 'https://via.placeholder.com/400', 'https://via.placeholder.com/100/888/fff/?text = ICON'),
(94, 16, 37.730491, -122.439454, 'Quis ipsum laboris commodo nulla consectetur et cupidatat consequat quis minim. Non deserunt in elit fugiat labore nostrud mollit pariatur veniam commodo do sint minim. Est pariatur qui laborum eu nostrud enim elit exercitation veniam eiusmod et.', '2020-01-01 02:48:26', 'https://via.placeholder.com/400', 'https://via.placeholder.com/100/888/fff/?text = ICON'),
(95, 33, 37.732216, -122.424307, 'Laborum adipisicing aliquip reprehenderit voluptate in cillum velit occaecat nisi non fugiat incididunt ex. Fugiat voluptate velit proident aliqua mollit adipisicing dolor adipisicing duis sit adipisicing nostrud. Aute fugiat incididunt occaecat Lorem nostrud nisi.', '2020-05-04 03:22:26', 'https://via.placeholder.com/400', 'https://via.placeholder.com/100/888/fff/?text = ICON'),
(96, 29, 37.784153, -122.435891, 'Mollit et consequat officia consectetur minim ut nostrud quis occaecat qui consequat dolore non. Do excepteur et culpa aliqua pariatur non minim consectetur occaecat id excepteur commodo. Nulla nisi veniam eu nisi voluptate.', '2020-03-21 08:35:03', 'https://via.placeholder.com/400', 'https://via.placeholder.com/100/888/fff/?text = ICON'),
(97, 36, 37.800192, -122.430665, 'Fugiat id tempor nostrud dolor laborum duis minim elit. Ad qui cupidatat Lorem fugiat consectetur nulla ullamco duis non veniam. Fugiat ex officia duis velit reprehenderit in officia laborum ex.', '2020-03-06 11:11:21', 'https://via.placeholder.com/400', 'https://via.placeholder.com/100/888/fff/?text = ICON'),
(98, 45, 37.704016, -122.407079, 'Amet velit reprehenderit nostrud esse. Labore minim ex officia sit exercitation aliquip minim magna ea commodo fugiat commodo. Ullamco proident in labore aliqua qui aute ipsum minim aliqua.', '2020-03-14 06:34:29', 'https://via.placeholder.com/400', 'https://via.placeholder.com/100/888/fff/?text = ICON'),
(99, 14, 37.77457, -122.416621, 'Incididunt minim Lorem enim cupidatat minim nisi eiusmod cillum minim ea. Minim officia culpa reprehenderit voluptate reprehenderit commodo in Lorem tempor. Sunt mollit nisi proident esse eiusmod elit commodo voluptate esse adipisicing enim mollit elit aute.', '2020-06-14 07:27:51', 'https://via.placeholder.com/400', 'https://via.placeholder.com/100/888/fff/?text = ICON'),
(100, 25, 37.708017, -122.480712, 'Eu culpa consectetur amet qui fugiat excepteur cillum eiusmod sit occaecat quis do. Dolore sit voluptate velit qui eiusmod ut velit tempor cupidatat. Aute pariatur ea laboris anim id consequat eu cupidatat ea minim incididunt exercitation culpa irure.', '2020-05-02 02:11:41', 'https://via.placeholder.com/400', 'https://via.placeholder.com/100/888/fff/?text = ICON'),
(101, 9, 37.762464, -122.374659, 'Laborum adipisicing deserunt ex quis exercitation et. Nulla cillum et nulla dolor anim magna id ullamco id do id velit. Voluptate sit elit in sunt eiusmod nostrud est nisi.', '2020-04-16 05:26:56', 'https://via.placeholder.com/400', 'https://via.placeholder.com/100/888/fff/?text = ICON'),
(102, 35, 37.739477, -122.377108, 'Magna et dolore anim ullamco ex. Pariatur aliquip duis culpa ipsum Lorem pariatur laboris deserunt duis culpa. Esse id ullamco esse culpa ad laborum sunt.', '2020-04-01 09:56:21', 'https://via.placeholder.com/400', 'https://via.placeholder.com/100/888/fff/?text = ICON'),
(103, 44, 37.700299, -122.37529, 'Tempor aliqua reprehenderit ex magna aliquip proident cupidatat. Tempor do minim dolore laborum velit Lorem cillum ex amet duis quis voluptate cillum dolore. Tempor mollit labore adipisicing voluptate enim duis cillum.', '2020-03-18 02:45:35', 'https://via.placeholder.com/400', 'https://via.placeholder.com/100/888/fff/?text = ICON'),
(104, 45, 37.720227, -122.477286, 'Adipisicing duis in nisi elit sint id dolor adipisicing reprehenderit officia enim officia sit cupidatat. Eu esse eu magna nostrud commodo occaecat. Exercitation esse sunt ullamco laboris do.', '2020-02-04 11:55:12', 'https://via.placeholder.com/400', 'https://via.placeholder.com/100/888/fff/?text = ICON'),
(105, 15, 37.770926, -122.46784, 'Est fugiat tempor aute ea ex ad fugiat laboris adipisicing. Officia consequat nulla nulla dolore est exercitation id nulla est Lorem ipsum Lorem. Veniam minim anim aute culpa nulla consequat in sint proident commodo dolor sint labore.', '2020-03-18 01:04:37', 'https://via.placeholder.com/400', 'https://via.placeholder.com/100/888/fff/?text = ICON'),
(106, 47, 37.770338, -122.455182, 'Sunt labore qui aute elit ipsum laboris occaecat quis exercitation sunt cillum irure sint. In dolor tempor proident ex excepteur irure veniam ullamco qui consectetur. Nisi ad deserunt exercitation enim exercitation consectetur pariatur.', '2020-05-05 11:29:22', 'https://via.placeholder.com/400', 'https://via.placeholder.com/100/888/fff/?text = ICON'),
(107, 2, 37.783269, -122.503055, 'Nostrud esse id elit sit. Fugiat exercitation id elit aute id aute esse occaecat. Ipsum deserunt in ea deserunt occaecat est deserunt eiusmod aliquip irure in deserunt culpa.', '2020-07-03 10:43:03', 'https://via.placeholder.com/400', 'https://via.placeholder.com/100/888/fff/?text = ICON'),
(108, 28, 37.719834, -122.473942, 'Laborum velit non in excepteur occaecat. Magna do do dolor non nisi eu est et. Ex ut sint anim consectetur duis et in excepteur incididunt do reprehenderit minim culpa.', '2020-03-25 03:39:36', 'https://via.placeholder.com/400', 'https://via.placeholder.com/100/888/fff/?text = ICON'),
(109, 42, 37.722971, -122.458024, 'Labore irure voluptate ut consectetur officia eiusmod ad laboris ad. Lorem minim reprehenderit excepteur ut dolor consectetur commodo amet tempor cupidatat commodo ullamco. Quis ut incididunt deserunt exercitation fugiat incididunt magna id eu eiusmod labore id sit.', '2020-01-28 01:52:46', 'https://via.placeholder.com/400', 'https://via.placeholder.com/100/888/fff/?text = ICON'),
(110, 15, 37.72889, -122.433425, 'Consequat Lorem ut id Lorem cillum sit. Dolore laborum ut culpa velit sint aliquip qui labore enim magna minim minim sit. Irure exercitation ex velit proident magna ad sint sint duis aliquip.', '2020-01-16 07:09:47', 'https://via.placeholder.com/400', 'https://via.placeholder.com/100/888/fff/?text = ICON'),
(111, 3, 37.760908, -122.47888, 'Exercitation culpa anim in commodo ea ea irure in id nisi. Dolore labore quis magna cupidatat exercitation dolore sunt nisi excepteur officia ut elit incididunt irure. Veniam nulla voluptate ex consequat duis deserunt laborum Lorem.', '2020-04-29 08:07:28', 'https://via.placeholder.com/400', 'https://via.placeholder.com/100/888/fff/?text = ICON'),
(112, 31, 37.773796, -122.412999, 'Sit laboris do dolore ullamco sint proident incididunt voluptate. Consectetur id duis ut non cillum aliqua cupidatat commodo nisi reprehenderit sit. Consectetur labore est sit non dolore non.', '2020-03-12 04:08:16', 'https://via.placeholder.com/400', 'https://via.placeholder.com/100/888/fff/?text = ICON'),
(113, 21, 37.774901, -122.387898, 'Tempor voluptate non labore laborum et laboris. Labore magna exercitation aliquip consequat labore tempor consequat aute. Commodo magna pariatur sit qui ea veniam commodo Lorem ea dolore ea.', '2020-04-24 02:22:36', 'https://via.placeholder.com/400', 'https://via.placeholder.com/100/888/fff/?text = ICON'),
(114, 11, 37.750191, -122.486206, 'Laboris qui culpa nisi ipsum anim consequat nisi in. Officia duis cupidatat ut irure ut fugiat magna consequat nisi in. Sunt ea labore excepteur in consequat exercitation ullamco amet.', '2020-02-08 05:17:15', 'https://via.placeholder.com/400', 'https://via.placeholder.com/100/888/fff/?text = ICON'),
(115, 10, 37.80131, -122.376047, 'Labore esse ipsum fugiat sunt amet labore. Fugiat reprehenderit reprehenderit elit irure excepteur consequat aliquip ea sit. Duis minim elit occaecat do.', '2020-01-18 11:13:29', 'https://via.placeholder.com/400', 'https://via.placeholder.com/100/888/fff/?text = ICON'),
(116, 17, 37.78412, -122.485418, 'Culpa labore ipsum et anim excepteur proident eiusmod culpa irure occaecat qui anim. Deserunt adipisicing ad aliquip voluptate laborum dolore velit voluptate commodo aliqua duis enim. Pariatur sunt ullamco amet anim eiusmod quis Lorem ex.', '2020-02-04 01:17:24', 'https://via.placeholder.com/400', 'https://via.placeholder.com/100/888/fff/?text = ICON'),
(117, 49, 37.801824, -122.423548, 'Cupidatat ullamco nostrud velit labore minim cupidatat esse sit ea. Sit labore eu pariatur irure do qui quis sunt ut sint. Officia tempor ex reprehenderit dolor do quis anim laborum fugiat excepteur consequat.', '2020-06-16 10:51:43', 'https://via.placeholder.com/400', 'https://via.placeholder.com/100/888/fff/?text = ICON'),
(118, 4, 37.738921, -122.384437, 'Laboris labore elit ullamco do ex irure ex eiusmod. Veniam culpa officia veniam fugiat. Elit id veniam non tempor cillum sint anim sint ullamco nulla sunt fugiat aliqua quis.', '2020-02-05 08:03:44', 'https://via.placeholder.com/400', 'https://via.placeholder.com/100/888/fff/?text = ICON'),
(119, 48, 37.78593, -122.447057, 'Dolor consequat mollit duis proident pariatur cillum occaecat consequat reprehenderit Lorem sint ex duis. Fugiat anim excepteur tempor ut. Reprehenderit culpa magna ea culpa nulla et laborum ut esse.', '2020-05-06 03:00:10', 'https://via.placeholder.com/400', 'https://via.placeholder.com/100/888/fff/?text = ICON'),
(120, 8, 37.759968, -122.493141, 'Non aute reprehenderit non aute velit ullamco minim ullamco officia est ad cillum. Minim reprehenderit aliqua aliqua mollit et anim ullamco duis quis. Et minim sint dolore ullamco ut et.', '2020-02-23 07:40:37', 'https://via.placeholder.com/400', 'https://via.placeholder.com/100/888/fff/?text = ICON'),
(121, 22, 37.726056, -122.448101, 'Id quis ut ullamco cupidatat proident. Commodo voluptate veniam laboris consequat adipisicing. Et aute minim ea sunt incididunt commodo ut cillum.', '2020-06-25 12:45:18', 'https://via.placeholder.com/400', 'https://via.placeholder.com/100/888/fff/?text = ICON'),
(122, 11, 37.761073, -122.473611, 'Irure enim irure ad sunt est aliqua consectetur ex cillum. Proident aliquip proident ex aliquip qui commodo elit pariatur et. Qui ea ullamco occaecat aliquip eiusmod in deserunt est occaecat laboris.', '2020-01-28 03:35:54', 'https://via.placeholder.com/400', 'https://via.placeholder.com/100/888/fff/?text = ICON'),
(123, 3, 37.728995, -122.410628, 'Nulla cupidatat ex voluptate pariatur ipsum amet deserunt eiusmod labore laboris. Eu sint sunt id enim elit laborum in. Aute labore dolore nisi eiusmod ut exercitation qui commodo amet.', '2020-01-04 06:26:30', 'https://via.placeholder.com/400', 'https://via.placeholder.com/100/888/fff/?text = ICON'),
(124, 45, 37.739207, -122.380033, 'Sint esse consequat voluptate sit. Duis id nulla excepteur commodo occaecat incididunt ex laborum proident nisi. Pariatur sunt adipisicing in voluptate nulla esse consequat est elit pariatur labore excepteur minim Lorem.', '2020-06-04 01:02:04', 'https://via.placeholder.com/400', 'https://via.placeholder.com/100/888/fff/?text = ICON'),
(125, 41, 37.795169, -122.472674, 'Reprehenderit sunt sunt amet culpa anim. Ad esse est est sit consectetur sit aliquip non ipsum irure dolore. Excepteur voluptate velit anim ex duis elit elit ad elit in elit voluptate magna.', '2020-04-07 05:41:55', 'https://via.placeholder.com/400', 'https://via.placeholder.com/100/888/fff/?text = ICON'),
(126, 38, 37.699344, -122.404527, 'Amet laboris nisi cupidatat dolor labore Lorem. Irure ex labore dolore veniam ut incididunt cupidatat voluptate do occaecat dolor non sit. Eu aliqua aliquip reprehenderit dolor ad minim culpa sint.', '2020-03-13 03:25:28', 'https://via.placeholder.com/400', 'https://via.placeholder.com/100/888/fff/?text = ICON'),
(127, 37, 37.768237, -122.446727, 'Veniam excepteur incididunt sint cupidatat anim ipsum nulla adipisicing et do fugiat nostrud esse est. Quis cupidatat est minim occaecat proident consequat. Ea incididunt qui duis aliqua officia aliqua eu id incididunt ea eiusmod laboris dolore.', '2020-01-27 11:21:21', 'https://via.placeholder.com/400', 'https://via.placeholder.com/100/888/fff/?text = ICON'),
(128, 1, 37.789695, -122.502743, 'Ea tempor do labore nulla in eu anim. Proident sit ad veniam exercitation minim. Magna labore sit sunt in ullamco commodo aliqua cupidatat eu.', '2020-04-26 09:24:56', 'https://via.placeholder.com/400', 'https://via.placeholder.com/100/888/fff/?text = ICON'),
(129, 46, 37.783889, -122.470763, 'Reprehenderit reprehenderit adipisicing ut consequat do. Ipsum ad ea minim et ea. Culpa consequat nisi sit adipisicing tempor mollit commodo ex nisi.', '2020-06-20 12:42:49', 'https://via.placeholder.com/400', 'https://via.placeholder.com/100/888/fff/?text = ICON'),
(130, 2, 37.702341, -122.397886, 'Consectetur non laborum esse magna eiusmod nisi. Proident dolor id ea elit labore occaecat. Qui quis nostrud consectetur incididunt.', '2020-03-26 11:14:10', 'https://via.placeholder.com/400', 'https://via.placeholder.com/100/888/fff/?text = ICON'),
(131, 29, 37.719366, -122.469958, 'Tempor labore enim ad veniam. Ea velit ea ullamco proident culpa. Laborum voluptate reprehenderit sint occaecat aliquip Lorem.', '2020-06-26 01:54:09', 'https://via.placeholder.com/400', 'https://via.placeholder.com/100/888/fff/?text = ICON'),
(132, 15, 37.772695, -122.452419, 'Et cupidatat dolore culpa anim enim pariatur. Et culpa est cupidatat amet eiusmod magna. Dolor sunt quis esse do.', '2020-07-14 08:24:50', 'https://via.placeholder.com/400', 'https://via.placeholder.com/100/888/fff/?text = ICON'),
(133, 15, 37.766579, -122.454836, 'Enim in aliquip officia in. Adipisicing ex incididunt sit laboris reprehenderit sunt. Lorem nisi sint dolor tempor irure fugiat ex aliqua culpa in irure aute.', '2020-02-18 08:33:44', 'https://via.placeholder.com/400', 'https://via.placeholder.com/100/888/fff/?text = ICON'),
(134, 32, 37.794629, -122.420624, 'Exercitation dolore officia quis non consectetur non ad non proident occaecat ut elit minim. Magna duis qui ullamco qui do esse dolore occaecat culpa sint aute. Quis esse excepteur magna reprehenderit pariatur officia aute et minim voluptate.', '2020-01-15 05:03:31', 'https://via.placeholder.com/400', 'https://via.placeholder.com/100/888/fff/?text = ICON'),
(135, 45, 37.69977, -122.392273, 'Consequat deserunt velit consequat nulla consequat. Aute ex laborum excepteur anim. Reprehenderit nulla fugiat in exercitation reprehenderit aliquip laborum anim.', '2020-02-02 10:49:16', 'https://via.placeholder.com/400', 'https://via.placeholder.com/100/888/fff/?text = ICON'),
(136, 43, 37.756054, -122.416257, 'Sint tempor ipsum mollit dolor mollit enim magna ex in non sint veniam ullamco sunt. Irure adipisicing dolore proident pariatur adipisicing mollit irure. Duis proident mollit pariatur ea.', '2020-04-21 12:47:18', 'https://via.placeholder.com/400', 'https://via.placeholder.com/100/888/fff/?text = ICON'),
(137, 26, 37.743526, -122.397965, 'Est qui consectetur ullamco laboris sit proident exercitation ea consectetur magna eu velit. Incididunt mollit qui consequat incididunt adipisicing enim mollit velit. Nostrud labore ea aute duis consequat et officia dolore.', '2020-05-28 04:33:04', 'https://via.placeholder.com/400', 'https://via.placeholder.com/100/888/fff/?text = ICON'),
(138, 48, 37.785846, -122.410557, 'Aute labore laborum nisi cupidatat eiusmod ullamco velit. Cupidatat do elit quis aliqua minim velit laboris anim. Commodo sit duis voluptate excepteur velit sit aliqua consectetur exercitation.', '2020-04-17 10:44:40', 'https://via.placeholder.com/400', 'https://via.placeholder.com/100/888/fff/?text = ICON'),
(139, 1, 37.762675, -122.456646, 'Est nisi commodo commodo qui qui proident est quis sit voluptate et cupidatat Lorem nulla. Aute aute cupidatat et duis sunt consequat proident aute minim proident eiusmod. Veniam esse mollit ipsum ad nostrud nisi sunt aliquip.', '2020-02-26 11:59:21', 'https://via.placeholder.com/400', 'https://via.placeholder.com/100/888/fff/?text = ICON'),
(140, 45, 37.705338, -122.448464, 'Sit in cillum non amet proident. Culpa exercitation quis ullamco id qui esse est adipisicing Lorem reprehenderit ea labore laborum reprehenderit. Duis non cillum et consectetur ex mollit aute sint officia eiusmod aute proident proident aliqua.', '2020-06-18 09:10:26', 'https://via.placeholder.com/400', 'https://via.placeholder.com/100/888/fff/?text = ICON'),
(141, 45, 37.718877, -122.495669, 'Minim consectetur proident voluptate nostrud. Consequat consectetur do sit duis sint ad fugiat proident consectetur do excepteur eiusmod eiusmod magna. Voluptate officia est deserunt non sint pariatur sunt Lorem proident ad sunt laboris.', '2020-01-02 09:22:02', 'https://via.placeholder.com/400', 'https://via.placeholder.com/100/888/fff/?text = ICON'),
(142, 8, 37.701849, -122.450303, 'Ad elit id et est veniam nisi amet eu pariatur labore irure. Dolor occaecat ea irure incididunt dolore enim. Amet eiusmod laboris do ipsum proident ut pariatur sint irure.', '2020-02-29 12:33:45', 'https://via.placeholder.com/400', 'https://via.placeholder.com/100/888/fff/?text = ICON');
INSERT INTO `track_locations` (`id`, `animal_id`, `lat`, `lng`, `decription`, `date_create`, `photo`, `icon`) VALUES
(143, 16, 37.789494, -122.479237, 'Dolore occaecat magna cillum qui cillum exercitation irure sunt qui proident ea ipsum. Quis ipsum in ex ipsum ut tempor ex dolore irure. Ea sunt in cupidatat consectetur reprehenderit dolor esse cupidatat enim laboris fugiat aliqua.', '2020-05-29 06:50:17', 'https://via.placeholder.com/400', 'https://via.placeholder.com/100/888/fff/?text = ICON'),
(144, 37, 37.739152, -122.379447, 'Reprehenderit laboris reprehenderit id adipisicing quis. Ipsum adipisicing et adipisicing sunt nisi eu duis enim. Adipisicing est veniam eu velit enim ad est cillum amet laboris Lorem do adipisicing Lorem.', '2020-06-20 06:12:45', 'https://via.placeholder.com/400', 'https://via.placeholder.com/100/888/fff/?text = ICON'),
(145, 48, 37.699554, -122.500735, 'Eu irure duis dolor ipsum eiusmod ex do tempor ex sint. Adipisicing excepteur consectetur labore irure elit tempor in. Ipsum culpa cillum eiusmod labore reprehenderit qui.', '2020-03-12 01:56:39', 'https://via.placeholder.com/400', 'https://via.placeholder.com/100/888/fff/?text = ICON'),
(146, 31, 37.743488, -122.381281, 'Tempor in do ea voluptate culpa et magna. Fugiat aliqua irure sunt laboris ullamco aliquip. Id sit eu Lorem amet proident voluptate ea officia elit eiusmod minim amet.', '2020-01-24 09:02:09', 'https://via.placeholder.com/400', 'https://via.placeholder.com/100/888/fff/?text = ICON'),
(147, 39, 37.701215, -122.455847, 'Officia anim cupidatat voluptate non fugiat veniam in ipsum id. Culpa aliquip aute enim qui. Irure sit consequat ut aliquip ullamco ullamco.', '2020-01-07 04:12:44', 'https://via.placeholder.com/400', 'https://via.placeholder.com/100/888/fff/?text = ICON'),
(148, 30, 37.776401, -122.472533, 'Cupidatat ex anim exercitation eu aliqua fugiat sit quis in occaecat ea non proident. Excepteur officia dolore Lorem consectetur dolore anim adipisicing elit ut aliquip eiusmod anim. Do qui officia nulla mollit ut aliqua fugiat aliquip esse non.', '2020-03-09 10:59:32', 'https://via.placeholder.com/400', 'https://via.placeholder.com/100/888/fff/?text = ICON'),
(149, 11, 37.802381, -122.384456, 'Commodo occaecat dolor officia culpa. Commodo eu amet dolore aliquip officia anim sint sunt. Adipisicing minim amet aliqua pariatur aliquip elit cillum cillum.', '2020-01-30 05:01:27', 'https://via.placeholder.com/400', 'https://via.placeholder.com/100/888/fff/?text = ICON'),
(150, 5, 37.728739, -122.434293, 'Nisi incididunt aliquip mollit ullamco deserunt. Laborum eiusmod dolor esse consectetur fugiat et nisi. Cillum exercitation nisi est magna dolor non.', '2020-06-22 01:07:41', 'https://via.placeholder.com/400', 'https://via.placeholder.com/100/888/fff/?text = ICON');

-- --------------------------------------------------------

--
-- Table structure for table `track_users`
--

CREATE TABLE `track_users` (
  `id` int(11) NOT NULL,
  `name` varchar(64) NOT NULL,
  `username` varchar(64) NOT NULL,
  `email` varchar(128) NOT NULL,
  `password` varchar(32) NOT NULL,
  `date_create` datetime NOT NULL,
  `img` varchar(128) NOT NULL
) ENGINE=MyISAM DEFAULT CHARSET=latin1;

--
-- Dumping data for table `track_users`
--

INSERT INTO `track_users` (`id`, `name`, `username`, `email`, `password`, `date_create`, `img`) VALUES
(1, 'Bass Jensen', 'user1', 'user1@gmail.com', '1a1dc91c907325c69271ddf0c944bc72', '2020-06-29 10:29:23', 'https://via.placeholder.com/400/962/fff/?text=user1'),
(2, 'Marta Chang', 'user2', 'user2@gmail.com', '1a1dc91c907325c69271ddf0c944bc72', '2020-03-05 08:32:14', 'https://via.placeholder.com/400/970/fff/?text=user2'),
(3, 'Randolph Roberson', 'user3', 'user3@gmail.com', '1a1dc91c907325c69271ddf0c944bc72', '2020-06-13 03:29:10', 'https://via.placeholder.com/400/891/fff/?text=user3'),
(4, 'Mckee Avery', 'user4', 'user4@gmail.com', '1a1dc91c907325c69271ddf0c944bc72', '2020-05-13 09:49:05', 'https://via.placeholder.com/400/957/fff/?text=user4'),
(5, 'Angelina Hughes', 'user5', 'user5@gmail.com', '1a1dc91c907325c69271ddf0c944bc72', '2020-07-14 11:19:25', 'https://via.placeholder.com/400/852/fff/?text=user5'),
(6, 'Traci Campbell', 'user6', 'user6@gmail.com', '1a1dc91c907325c69271ddf0c944bc72', '2020-05-09 01:21:18', 'https://via.placeholder.com/400/833/fff/?text=user6'),
(7, 'Rodriquez Casey', 'user7', 'user7@gmail.com', '1a1dc91c907325c69271ddf0c944bc72', '2020-06-22 02:22:07', 'https://via.placeholder.com/400/954/fff/?text=user7'),
(8, 'Merle Byers', 'user8', 'user8@gmail.com', '1a1dc91c907325c69271ddf0c944bc72', '2020-04-28 09:44:56', 'https://via.placeholder.com/400/967/fff/?text=user8'),
(9, 'Talley Maldonado', 'user9', 'user9@gmail.com', '1a1dc91c907325c69271ddf0c944bc72', '2020-01-31 12:16:00', 'https://via.placeholder.com/400/821/fff/?text=user9'),
(10, 'Lessie Swanson', 'user10', 'user10@gmail.com', '1a1dc91c907325c69271ddf0c944bc72', '2020-01-11 07:32:55', 'https://via.placeholder.com/400/879/fff/?text=user10');

--
-- Indexes for dumped tables
--

--
-- Indexes for table `track_animals`
--
ALTER TABLE `track_animals`
  ADD PRIMARY KEY (`id`);

--
-- Indexes for table `track_locations`
--
ALTER TABLE `track_locations`
  ADD PRIMARY KEY (`id`);

--
-- Indexes for table `track_users`
--
ALTER TABLE `track_users`
  ADD PRIMARY KEY (`id`);

--
-- AUTO_INCREMENT for dumped tables
--

--
-- AUTO_INCREMENT for table `track_animals`
--
ALTER TABLE `track_animals`
  MODIFY `id` int(11) NOT NULL AUTO_INCREMENT, AUTO_INCREMENT=51;

--
-- AUTO_INCREMENT for table `track_locations`
--
ALTER TABLE `track_locations`
  MODIFY `id` int(11) NOT NULL AUTO_INCREMENT, AUTO_INCREMENT=151;

--
-- AUTO_INCREMENT for table `track_users`
--
ALTER TABLE `track_users`
  MODIFY `id` int(11) NOT NULL AUTO_INCREMENT, AUTO_INCREMENT=11;
COMMIT;

/*!40101 SET CHARACTER_SET_CLIENT=@OLD_CHARACTER_SET_CLIENT */;
/*!40101 SET CHARACTER_SET_RESULTS=@OLD_CHARACTER_SET_RESULTS */;
/*!40101 SET COLLATION_CONNECTION=@OLD_COLLATION_CONNECTION */;
