-- phpMyAdmin SQL Dump
-- version 4.9.5
-- https://www.phpmyadmin.net/
--
-- Host: localhost
-- Generation Time: Jul 25, 2020 at 09:06 AM
-- Server version: 5.6.49
-- PHP Version: 7.2.25

SET SQL_MODE = "NO_AUTO_VALUE_ON_ZERO";
SET AUTOCOMMIT = 0;
START TRANSACTION;
SET time_zone = "+00:00";


/*!40101 SET @OLD_CHARACTER_SET_CLIENT=@@CHARACTER_SET_CLIENT */;
/*!40101 SET @OLD_CHARACTER_SET_RESULTS=@@CHARACTER_SET_RESULTS */;
/*!40101 SET @OLD_COLLATION_CONNECTION=@@COLLATION_CONNECTION */;
/*!40101 SET NAMES utf8mb4 */;

--

--

-- --------------------------------------------------------

--
-- Table structure for table `track_animals`
--

CREATE TABLE `track_animals` (
  `id` int(11) NOT NULL,
  `user_id` int(11) NOT NULL,
  `name` varchar(64) NOT NULL,
  `type` varchar(64) NOT NULL,
  `breed` varchar(64) NOT NULL,
  `description` text NOT NULL,
  `date_create` datetime NOT NULL,
  `img` varchar(256) NOT NULL
) ENGINE=InnoDB DEFAULT CHARSET=utf8;

--
-- Dumping data for table `track_animals`
--

INSERT INTO `track_animals` (`id`, `user_id`, `name`, `type`, `breed`, `description`, `date_create`, `img`) VALUES
(1, 10, 'Pigzart', 'poisonous', 'Pessimism', 'Ipsum nulla duis officia tempor duis mollit anim elit quis do veniam. Tempor pariatur labore eu consequat amet elit. Occaecat fugiat ut aliquip deserunt.', '2020-07-10 02:22:16', 'https://via.placeholder.com/400/889/fff/?text=Pigzart'),
(2, 1, 'Bullzone', 'poisonous', 'Cunning', 'Culpa commodo id minim ut anim est magna commodo enim consectetur veniam. Dolor mollit aliquip esse irure proident cillum eu sit aliquip duis. Minim sunt laborum esse dolor labore magna aliquip.', '2020-04-05 11:46:40', 'https://via.placeholder.com/400/922/fff/?text=Bullzone'),
(3, 3, 'Hopeli', 'poisonous', 'Narcissism', 'Eu nulla nostrud nostrud sint esse magna irure dolore. Ullamco quis cupidatat dolore sint magna ex nulla irure tempor est cupidatat nulla dolor est. Elit ipsum est minim laboris sit et nulla elit.', '2020-05-07 03:46:56', 'https://via.placeholder.com/400/733/fff/?text=Hopeli'),
(4, 4, 'Proflex', 'nonpoisonous', 'Lively', 'Est eiusmod nulla laborum do ex. Incididunt Lorem sint consectetur adipisicing laboris nulla dolor aute sunt. Est in reprehenderit aliqua veniam culpa ea.', '2020-05-01 05:17:11', 'https://via.placeholder.com/400/960/fff/?text=Proflex'),
(5, 8, 'Retrotex', 'nonpoisonous', 'Peacefulness', 'In officia in eiusmod occaecat ea. Non dolor deserunt anim commodo laboris. Quis consequat consequat aliqua ipsum in nostrud aute non duis incididunt excepteur.', '2020-01-20 01:44:00', 'https://via.placeholder.com/400/807/fff/?text=Retrotex'),
(6, 10, 'Remold', 'nonpoisonous', 'Peacefulness', 'Velit veniam aute voluptate anim do tempor fugiat sit excepteur ut et. Enim eu Lorem aliquip laboris. Ipsum ipsum dolore exercitation enim anim do adipisicing dolore minim consequat magna.', '2020-05-24 03:45:51', 'https://via.placeholder.com/400/721/fff/?text=Remold'),
(7, 9, 'Turnling', 'nonpoisonous', 'Lively', 'Eu quis incididunt do veniam quis proident veniam ea laboris ad aute nostrud minim. Ad velit id aliqua quis labore cillum qui sunt quis quis occaecat deserunt. Ullamco culpa tempor est occaecat velit consequat minim eiusmod ea eiusmod labore.', '2020-06-02 08:38:52', 'https://via.placeholder.com/400/971/fff/?text=Turnling'),
(8, 2, 'Orbiflex', 'poisonous', 'Cunning', 'Sint occaecat velit exercitation eiusmod deserunt excepteur cupidatat ea occaecat. Cupidatat anim mollit sunt aliqua ullamco. Officia ipsum esse quis est amet excepteur nostrud commodo adipisicing occaecat do.', '2020-06-21 11:37:51', 'https://via.placeholder.com/400/851/fff/?text=Orbiflex'),
(9, 10, 'Zolarity', 'poisonous', 'Murderous', 'Sit incididunt culpa excepteur voluptate nulla sunt ut. Minim officia qui mollit eiusmod sunt consequat exercitation id culpa nulla. Cillum mollit labore veniam anim qui mollit ad dolore anim aliquip tempor elit.', '2020-06-05 02:00:11', 'https://via.placeholder.com/400/743/fff/?text=Zolarity'),
(10, 1, 'Earbang', 'nonpoisonous', 'Peacefulness', 'Ut in aute minim exercitation et. Ipsum deserunt et fugiat est ea cupidatat consectetur cupidatat non qui fugiat id. Minim sint voluptate sunt ex.', '2020-04-26 03:03:10', 'https://via.placeholder.com/400/816/fff/?text=Earbang'),
(11, 8, 'Tubalum', 'nonpoisonous', 'Loyalty', 'Sunt ullamco velit ad ullamco proident. Officia esse laborum amet irure labore magna ex dolor reprehenderit. Ipsum labore eiusmod amet Lorem pariatur velit consectetur qui enim culpa proident.', '2020-02-02 01:23:32', 'https://via.placeholder.com/400/715/fff/?text=Tubalum'),
(12, 3, 'Zytrek', 'poisonous', 'Murderous', 'Lorem pariatur dolore ut magna. Exercitation ullamco irure ut Lorem ut culpa occaecat minim ex commodo commodo nostrud. Mollit elit sunt qui exercitation consequat ipsum aliqua magna laboris.', '2020-01-19 12:01:35', 'https://via.placeholder.com/400/922/fff/?text=Zytrek'),
(13, 5, 'Senmao', 'poisonous', 'Cruelty', 'Anim amet proident amet consequat aliquip non elit consectetur. Non enim amet minim consectetur fugiat cupidatat irure eiusmod dolore tempor labore nostrud esse. Laborum irure aute pariatur ea voluptate dolor ut exercitation ullamco sunt do laborum.', '2020-06-17 04:53:50', 'https://via.placeholder.com/400/866/fff/?text=Senmao'),
(14, 1, 'Katakana', 'nonpoisonous', 'Peacefulness', 'Occaecat aliquip ullamco esse do veniam. Dolore velit aliquip aliquip non eu. Pariatur id tempor laboris ea exercitation deserunt esse.', '2020-01-16 05:55:50', 'https://via.placeholder.com/400/724/fff/?text=Katakana'),
(15, 10, 'Jetsilk', 'nonpoisonous', 'Funny', 'Culpa elit ad mollit adipisicing occaecat reprehenderit magna ullamco. Aute mollit cupidatat laboris elit officia sit nostrud incididunt nisi dolore quis. Consectetur occaecat cillum elit ipsum ad ipsum consectetur nisi incididunt.', '2020-06-14 10:30:29', 'https://via.placeholder.com/400/950/fff/?text=Jetsilk'),
(16, 6, 'Signidyne', 'nonpoisonous', 'Funny', 'Cillum adipisicing aliqua labore velit aliqua laboris. Cillum labore amet laboris minim cillum velit. Sunt eu laboris mollit tempor nisi tempor adipisicing.', '2020-04-07 11:09:26', 'https://via.placeholder.com/400/812/fff/?text=Signidyne'),
(17, 2, 'Assistix', 'nonpoisonous', 'Funny', 'Laborum pariatur Lorem reprehenderit elit nisi deserunt sit non aliqua laborum pariatur Lorem Lorem nisi. Est deserunt ea labore ex dolore. In et proident tempor magna.', '2020-01-09 02:50:26', 'https://via.placeholder.com/400/929/fff/?text=Assistix'),
(18, 3, 'Freakin', 'nonpoisonous', 'Lively', 'Sunt consectetur tempor tempor consequat esse ullamco laboris. Nulla dolor id pariatur culpa do. Labore mollit qui est proident reprehenderit excepteur aliquip excepteur.', '2020-05-13 09:06:05', 'https://via.placeholder.com/400/873/fff/?text=Freakin'),
(19, 9, 'Reversus', 'nonpoisonous', 'Funny', 'Excepteur magna adipisicing deserunt enim officia non ullamco minim. Reprehenderit anim elit officia qui veniam. Commodo laborum do amet officia cupidatat voluptate nisi nisi aliqua veniam aliqua reprehenderit.', '2020-05-30 09:58:55', 'https://via.placeholder.com/400/861/fff/?text=Reversus'),
(20, 1, 'Adornica', 'nonpoisonous', 'Peacefulness', 'Tempor sint cupidatat ex irure fugiat consectetur Lorem ad cupidatat consectetur pariatur fugiat. Fugiat dolor nisi mollit deserunt velit culpa laboris cupidatat officia ipsum ipsum. Nostrud minim elit proident culpa irure labore eiusmod nisi commodo deserunt sunt minim.', '2020-07-01 02:35:00', 'https://via.placeholder.com/400/771/fff/?text=Adornica'),
(21, 1, 'Rubadub', 'poisonous', 'Maniacal', 'Reprehenderit labore quis excepteur et non dolore exercitation sit aliquip magna quis fugiat. Culpa aliquip eiusmod nostrud est veniam non enim sunt. Esse aute velit tempor nisi et.', '2020-06-30 03:13:57', 'https://via.placeholder.com/400/889/fff/?text=Rubadub'),
(22, 7, 'Emoltra', 'nonpoisonous', 'Loyalty', 'Eu occaecat est laboris magna minim tempor adipisicing eu laboris. Nostrud quis sunt ex pariatur do. Mollit et aute amet duis exercitation consequat.', '2020-04-28 04:45:38', 'https://via.placeholder.com/400/839/fff/?text=Emoltra'),
(23, 8, 'Atgen', 'poisonous', 'Cunning', 'Amet irure nulla culpa qui aute ipsum dolor. Enim fugiat et sint non sunt. Qui enim cupidatat magna minim officia ad laborum eu sint aute Lorem esse.', '2020-07-14 11:42:19', 'https://via.placeholder.com/400/756/fff/?text=Atgen'),
(24, 1, 'Fortean', 'nonpoisonous', 'Funny', 'Aliquip dolor reprehenderit sunt non pariatur labore veniam sit magna eu. Aliqua ad amet ex velit nisi voluptate eiusmod minim sunt veniam magna nostrud quis. Elit dolore ex ad commodo cillum exercitation.', '2020-04-03 01:44:05', 'https://via.placeholder.com/400/795/fff/?text=Fortean'),
(25, 8, 'Anarco', 'poisonous', 'Narcissism', 'Quis qui exercitation dolore deserunt. Nisi labore ullamco aute fugiat. Ea incididunt ad ad eu Lorem amet commodo reprehenderit quis duis ex.', '2020-07-05 09:42:14', 'https://via.placeholder.com/400/883/fff/?text=Anarco'),
(26, 5, 'Neteria', 'poisonous', 'Cunning', 'Nostrud et elit ex Lorem deserunt consequat consectetur consectetur mollit amet nulla. Proident amet amet reprehenderit excepteur elit cupidatat ipsum ea fugiat esse qui officia officia ea. Nisi nisi ex sint mollit in irure Lorem ad consectetur ut amet officia.', '2020-04-02 11:50:31', 'https://via.placeholder.com/400/983/fff/?text=Neteria'),
(27, 9, 'Comdom', 'nonpoisonous', 'Shy', 'Proident pariatur cillum aliqua reprehenderit sunt id excepteur adipisicing amet. Laboris tempor reprehenderit esse non commodo deserunt. Aliquip ullamco fugiat dolor cillum veniam nulla laboris.', '2020-01-16 04:12:34', 'https://via.placeholder.com/400/801/fff/?text=Comdom'),
(28, 7, 'Songlines', 'poisonous', 'Cruelty', 'Reprehenderit aliqua proident commodo minim non nisi proident veniam ad officia id amet id cupidatat. Aliquip veniam ut minim reprehenderit irure consequat proident. Laboris mollit ea nisi deserunt nostrud ut mollit nulla.', '2020-06-15 05:09:23', 'https://via.placeholder.com/400/743/fff/?text=Songlines'),
(29, 9, 'Elentrix', 'poisonous', 'Narcissism', 'Eu tempor ea minim nisi nostrud enim cupidatat enim irure enim est. Laboris commodo et pariatur consectetur id. Proident labore enim culpa non est esse nulla excepteur duis cillum.', '2020-03-19 03:32:26', 'https://via.placeholder.com/400/950/fff/?text=Elentrix'),
(30, 1, 'Applidec', 'nonpoisonous', 'Fearless', 'Cillum minim elit qui officia anim occaecat cillum enim pariatur. Cupidatat proident est excepteur adipisicing laboris fugiat Lorem cillum consectetur. Ex consequat voluptate non laborum reprehenderit qui ullamco officia.', '2020-07-02 08:08:15', 'https://via.placeholder.com/400/779/fff/?text=Applidec'),
(31, 4, 'Equicom', 'poisonous', 'Pessimism', 'Qui officia enim nulla mollit sunt quis exercitation. Consectetur dolore qui proident cillum enim nisi. Deserunt pariatur laborum proident ea.', '2020-01-27 04:01:17', 'https://via.placeholder.com/400/957/fff/?text=Equicom'),
(32, 8, 'Slumberia', 'poisonous', 'Pessimism', 'Ut fugiat qui fugiat id ea nisi elit cupidatat mollit id commodo sit irure. Est non exercitation ad id amet culpa exercitation incididunt commodo incididunt consequat ad. Culpa ex eu ad anim eu est reprehenderit.', '2020-04-28 12:10:23', 'https://via.placeholder.com/400/700/fff/?text=Slumberia'),
(33, 5, 'Bulljuice', 'nonpoisonous', 'Loyalty', 'Dolor aute proident mollit velit aliquip proident magna. Excepteur aliqua aliquip est dolor elit est incididunt. Culpa adipisicing quis sunt est culpa id esse.', '2020-01-03 03:11:53', 'https://via.placeholder.com/400/712/fff/?text=Bulljuice'),
(34, 1, 'Securia', 'poisonous', 'Murderous', 'Irure excepteur qui magna dolore ullamco. Et ad nostrud ex aliqua aliqua commodo sunt labore pariatur ea. Eu non cupidatat amet laborum enim occaecat fugiat reprehenderit ex fugiat exercitation.', '2020-01-10 01:10:19', 'https://via.placeholder.com/400/935/fff/?text=Securia'),
(35, 7, 'Enomen', 'poisonous', 'Murderous', 'Officia esse dolor aliquip qui non ex irure est dolor quis do. In ullamco anim magna voluptate. Commodo anim ex in dolore non commodo esse ut laboris.', '2020-04-14 11:42:41', 'https://via.placeholder.com/400/860/fff/?text=Enomen'),
(36, 2, 'Wazzu', 'poisonous', 'Narcissism', 'Nulla aute pariatur dolore ad proident quis elit voluptate sit non occaecat. Ut veniam veniam consectetur excepteur mollit aliquip commodo cupidatat in est exercitation. Culpa ex aute ea ex sint aliqua qui eu ipsum ipsum reprehenderit.', '2020-01-21 10:11:49', 'https://via.placeholder.com/400/903/fff/?text=Wazzu'),
(37, 6, 'Dentrex', 'poisonous', 'Pessimism', 'Anim tempor sit duis aliqua fugiat cillum enim ea cupidatat id eu ipsum. Ex exercitation incididunt esse dolor id. Non velit exercitation laborum ad est ad incididunt cillum ex aliqua labore veniam irure.', '2020-03-22 07:22:36', 'https://via.placeholder.com/400/827/fff/?text=Dentrex'),
(38, 6, 'Earthpure', 'nonpoisonous', 'Shy', 'Proident et nulla deserunt Lorem enim est voluptate ut in anim irure minim. Nostrud aliqua do et sit elit in cillum fugiat non ex sit minim. Laboris ex ipsum ex nostrud.', '2020-06-10 11:16:42', 'https://via.placeholder.com/400/988/fff/?text=Earthpure'),
(39, 10, 'Isoswitch', 'poisonous', 'Murderous', 'Sint mollit tempor ea voluptate nulla mollit aliquip aliquip esse elit exercitation officia. Nisi nulla qui quis minim ad et sint amet minim enim quis. Magna veniam eu nisi commodo pariatur qui commodo ipsum cillum.', '2020-06-27 05:04:38', 'https://via.placeholder.com/400/910/fff/?text=Isoswitch'),
(40, 9, 'Assurity', 'nonpoisonous', 'Loyalty', 'Adipisicing consequat id duis sunt culpa. In proident labore eiusmod laboris. Sit Lorem occaecat amet ipsum nisi.', '2020-04-14 11:22:44', 'https://via.placeholder.com/400/992/fff/?text=Assurity'),
(41, 1, 'Kengen', 'poisonous', 'Maniacal', 'Cillum anim nulla occaecat dolore. Anim ex dolor minim sunt do Lorem ut adipisicing. Officia ipsum veniam occaecat magna sunt eu qui sunt amet irure.', '2020-04-30 12:23:16', 'https://via.placeholder.com/400/707/fff/?text=Kengen'),
(42, 7, 'Bisba', 'nonpoisonous', 'Funny', 'Voluptate ad magna ut adipisicing cillum est ullamco enim pariatur. Et est in ipsum consectetur cillum nisi elit cillum. Officia aliqua tempor ullamco qui.', '2020-04-08 08:18:50', 'https://via.placeholder.com/400/981/fff/?text=Bisba'),
(43, 4, 'Namegen', 'poisonous', 'Maniacal', 'Et laboris Lorem consectetur ex velit. Ex labore elit Lorem nostrud ullamco adipisicing. Ad deserunt elit consequat id esse commodo elit.', '2020-07-05 07:35:22', 'https://via.placeholder.com/400/732/fff/?text=Namegen'),
(44, 4, 'Aquasure', 'poisonous', 'Cruelty', 'Proident duis esse pariatur quis veniam pariatur irure consectetur ex irure ad. Dolor ad officia consectetur deserunt duis excepteur. Incididunt eu sunt voluptate et in Lorem nisi ut cillum fugiat ex do.', '2020-01-19 03:02:59', 'https://via.placeholder.com/400/745/fff/?text=Aquasure'),
(45, 8, 'Ziggles', 'poisonous', 'Pessimism', 'Ad cillum duis velit veniam in dolor est voluptate ea. Commodo ipsum sit sit deserunt et Lorem irure. Nisi veniam cupidatat anim dolore aliqua quis elit magna non amet dolor.', '2020-03-17 03:51:32', 'https://via.placeholder.com/400/946/fff/?text=Ziggles'),
(46, 9, 'Martgo', 'nonpoisonous', 'Fearless', 'Qui exercitation voluptate commodo ipsum eiusmod duis sunt laboris excepteur cillum consectetur. Reprehenderit eu id ullamco dolore enim esse ipsum elit id ad in cupidatat eiusmod consectetur. Anim adipisicing commodo quis duis nulla in occaecat ipsum quis labore sint consectetur aute.', '2020-04-20 08:56:19', 'https://via.placeholder.com/400/750/fff/?text=Martgo'),
(47, 10, 'Isotrack', 'nonpoisonous', 'Lively', 'Ut velit ex officia sunt tempor cillum. Nisi cillum qui exercitation officia labore eu et nulla consectetur in Lorem ullamco occaecat. Eiusmod dolor minim amet et esse enim nostrud.', '2020-05-06 08:15:46', 'https://via.placeholder.com/400/980/fff/?text=Isotrack'),
(48, 9, 'Gynk', 'nonpoisonous', 'Fearless', 'Pariatur proident laborum non mollit esse ex in labore consectetur. Laborum et magna excepteur consequat nostrud occaecat dolor ipsum occaecat. Consectetur eiusmod cupidatat culpa do cupidatat sunt laboris in consequat proident nulla commodo in.', '2020-04-06 04:29:09', 'https://via.placeholder.com/400/764/fff/?text=Gynk'),
(49, 10, 'Centregy', 'poisonous', 'Cunning', 'Qui quis exercitation exercitation adipisicing aliquip mollit sit elit Lorem minim eu ad ipsum. Culpa id ut excepteur commodo magna sit officia sit adipisicing excepteur anim deserunt veniam laborum. Nostrud ex cillum magna est.', '2020-07-13 05:42:02', 'https://via.placeholder.com/400/819/fff/?text=Centregy'),
(50, 2, 'Strezzo', 'nonpoisonous', 'Peacefulness', 'Consequat ad do mollit incididunt nulla exercitation consectetur eiusmod est incididunt proident. Ad excepteur et proident laboris minim mollit nostrud. Quis aliquip ipsum commodo tempor ut ex in deserunt enim deserunt velit do aliqua sunt.', '2020-03-30 09:21:15', 'https://via.placeholder.com/400/882/fff/?text=Strezzo');

-- --------------------------------------------------------

--
-- Table structure for table `track_locations`
--

CREATE TABLE `track_locations` (
  `id` int(11) NOT NULL,
  `animal_id` int(11) NOT NULL,
  `lat` double NOT NULL,
  `lng` double NOT NULL,
  `description` text NOT NULL,
  `date_create` datetime NOT NULL,
  `photo` varchar(256) NOT NULL,
  `icon` varchar(256) NOT NULL
) ENGINE=InnoDB DEFAULT CHARSET=utf8;

--
-- Dumping data for table `track_locations`
--

INSERT INTO `track_locations` (`id`, `animal_id`, `lat`, `lng`, `description`, `date_create`, `photo`, `icon`) VALUES
(1, 13, 37.74231, -122.450905, 'Amet excepteur excepteur amet officia minim consequat ad mollit Lorem anim dolor. Aute est aute ad occaecat. Enim amet aliquip aliqua amet magna Lorem eiusmod amet dolore.', '2020-04-30 04:02:42', 'https://via.placeholder.com/400/', 'https://via.placeholder.com/100/888/fff/?text=ICON'),
(2, 12, 37.74361, -122.483888, 'Aliquip magna esse esse eu. Deserunt eu officia reprehenderit amet et proident. Enim officia irure in minim veniam exercitation proident do amet amet tempor elit mollit.', '2020-05-01 11:21:59', 'https://via.placeholder.com/400/', 'https://via.placeholder.com/100/888/fff/?text=ICON'),
(3, 42, 37.76328, -122.434285, 'Laborum qui nisi Lorem ad laboris ullamco dolore Lorem proident cupidatat laborum do. In magna aute et aliquip ut cupidatat eiusmod nostrud est. Cupidatat aliqua cupidatat amet et laboris commodo sint consequat cupidatat ea magna irure.', '2020-01-05 08:12:27', 'https://via.placeholder.com/400/', 'https://via.placeholder.com/100/888/fff/?text=ICON'),
(4, 25, 37.77105, -122.413217, 'Dolor veniam proident laborum aliquip ex elit reprehenderit ex aliqua sint nostrud veniam magna velit. Ut mollit aliqua nisi adipisicing est in. Et culpa ut aute in et tempor et.', '2020-02-20 04:56:48', 'https://via.placeholder.com/400/', 'https://via.placeholder.com/100/888/fff/?text=ICON'),
(5, 34, 37.71476, -122.494478, 'Labore laborum Lorem pariatur reprehenderit ea laborum. Mollit et enim qui dolor consectetur eiusmod cillum reprehenderit do. Voluptate exercitation et minim in quis aliqua sunt enim et.', '2020-03-12 02:15:14', 'https://via.placeholder.com/400/', 'https://via.placeholder.com/100/888/fff/?text=ICON'),
(6, 18, 37.71371, -122.396157, 'Velit ad sint eiusmod cupidatat nostrud consequat tempor. Consectetur ut pariatur non anim aute nostrud. In dolor ea consectetur consequat eu elit laborum in dolore proident enim.', '2020-06-12 01:39:07', 'https://via.placeholder.com/400/', 'https://via.placeholder.com/100/888/fff/?text=ICON'),
(7, 31, 37.76027, -122.488835, 'Nulla magna consequat occaecat do consequat reprehenderit amet laborum aute non cillum pariatur laboris. Deserunt consequat nulla aliquip consequat. Ipsum et dolor Lorem amet nulla duis laboris sit adipisicing Lorem exercitation laboris.', '2020-03-10 11:31:32', 'https://via.placeholder.com/400/', 'https://via.placeholder.com/100/888/fff/?text=ICON'),
(8, 40, 37.76879, -122.495883, 'Amet reprehenderit est anim nisi deserunt nostrud id irure laboris nulla. Eu duis tempor duis veniam ex irure deserunt sit labore enim sint reprehenderit aliquip. Anim laborum aliquip pariatur est ad consectetur veniam ex esse veniam.', '2020-02-29 06:44:02', 'https://via.placeholder.com/400/', 'https://via.placeholder.com/100/888/fff/?text=ICON'),
(9, 36, 37.76768, -122.443835, 'Nostrud irure aliquip ullamco mollit est sunt fugiat reprehenderit adipisicing. Laboris dolor excepteur labore anim ad proident dolore cupidatat sunt elit veniam id aute et. Ullamco do non velit nostrud Lorem.', '2020-07-10 06:41:07', 'https://via.placeholder.com/400/', 'https://via.placeholder.com/100/888/fff/?text=ICON'),
(10, 47, 37.74672, -122.484173, 'Mollit laboris reprehenderit deserunt nostrud aliqua anim enim voluptate sunt esse velit. Ex quis exercitation sint proident mollit nostrud officia et ullamco. Amet magna elit cillum nisi in qui nulla.', '2020-01-12 04:47:14', 'https://via.placeholder.com/400/', 'https://via.placeholder.com/100/888/fff/?text=ICON'),
(11, 43, 37.77689, -122.457105, 'Proident quis ex dolore nisi cupidatat ipsum sit proident non occaecat proident laborum. Proident cupidatat ut nulla ullamco esse. Enim nulla aliqua eu aliqua Lorem dolor do proident dolor ullamco.', '2020-02-28 02:31:26', 'https://via.placeholder.com/400/', 'https://via.placeholder.com/100/888/fff/?text=ICON'),
(12, 26, 37.75105, -122.460848, 'Irure esse non velit eiusmod cillum nisi velit exercitation anim ea. Aliquip ad aliquip aliqua velit cupidatat aute laborum esse deserunt Lorem. Fugiat cupidatat duis occaecat veniam fugiat enim do fugiat officia nostrud Lorem.', '2020-02-22 06:47:05', 'https://via.placeholder.com/400/', 'https://via.placeholder.com/100/888/fff/?text=ICON'),
(13, 19, 37.70733, -122.437276, 'Dolor Lorem elit cupidatat sint reprehenderit nulla. Lorem veniam minim laboris sint. Incididunt nostrud amet aliqua elit qui ipsum minim proident.', '2020-03-11 02:43:49', 'https://via.placeholder.com/400/', 'https://via.placeholder.com/100/888/fff/?text=ICON'),
(14, 40, 37.70275, -122.437888, 'Fugiat mollit laboris est quis consectetur Lorem labore excepteur. Magna et deserunt enim magna ut. Esse fugiat nostrud cillum eiusmod.', '2020-03-29 01:25:55', 'https://via.placeholder.com/400/', 'https://via.placeholder.com/100/888/fff/?text=ICON'),
(15, 47, 37.70916, -122.456151, 'Ipsum ipsum consectetur dolor amet duis non id Lorem occaecat non. Irure eiusmod sint consequat sit. Irure enim do et ex ea adipisicing labore incididunt mollit commodo.', '2020-02-14 08:58:25', 'https://via.placeholder.com/400/', 'https://via.placeholder.com/100/888/fff/?text=ICON'),
(16, 19, 37.73346, -122.474255, 'Et ut velit aute qui nulla non anim duis eiusmod aliqua laboris. Tempor ex sit mollit sunt velit ea veniam quis Lorem exercitation voluptate duis dolor. Quis do sunt aliqua proident.', '2020-06-08 06:18:39', 'https://via.placeholder.com/400/', 'https://via.placeholder.com/100/888/fff/?text=ICON'),
(17, 5, 37.70055, -122.489008, 'Consectetur tempor non in consequat voluptate sit magna culpa minim. Veniam qui labore aliqua quis ex et proident adipisicing fugiat. Esse dolore elit incididunt labore dolor.', '2020-01-11 10:13:38', 'https://via.placeholder.com/400/', 'https://via.placeholder.com/100/888/fff/?text=ICON'),
(18, 50, 37.76344, -122.430838, 'Anim consectetur laboris do fugiat esse sunt amet ipsum sint. Adipisicing ullamco cupidatat aliqua commodo commodo exercitation deserunt minim aliquip culpa laboris nisi quis. Mollit duis est sit officia elit est Lorem amet tempor.', '2020-02-13 01:22:50', 'https://via.placeholder.com/400/', 'https://via.placeholder.com/100/888/fff/?text=ICON'),
(19, 2, 37.73947, -122.39789, 'Ad ut cillum aliqua pariatur ex excepteur nisi. Commodo reprehenderit anim ad deserunt occaecat cillum pariatur. Mollit ad labore reprehenderit commodo dolor culpa ipsum deserunt veniam et.', '2020-05-20 04:22:52', 'https://via.placeholder.com/400/', 'https://via.placeholder.com/100/888/fff/?text=ICON'),
(20, 33, 37.70937, -122.496647, 'Do reprehenderit laborum ut ea veniam. Pariatur reprehenderit esse officia veniam et laboris ea enim laboris minim officia enim ullamco amet. Ea veniam sint sunt veniam qui eu.', '2020-01-10 08:50:30', 'https://via.placeholder.com/400/', 'https://via.placeholder.com/100/888/fff/?text=ICON'),
(21, 1, 37.79966, -122.424935, 'Sunt aliquip ut magna cillum sint. Fugiat laboris minim tempor dolore consequat in exercitation. Labore consequat qui mollit sint labore aute ex pariatur velit eiusmod aliquip.', '2020-04-20 09:44:55', 'https://via.placeholder.com/400/', 'https://via.placeholder.com/100/888/fff/?text=ICON'),
(22, 24, 37.75024, -122.477297, 'Laboris elit aliquip anim non do ad culpa. Eiusmod aliqua aliqua aliquip quis qui excepteur velit enim deserunt quis sunt dolor. Ullamco commodo voluptate labore dolore ex dolor minim.', '2020-03-08 02:52:22', 'https://via.placeholder.com/400/', 'https://via.placeholder.com/100/888/fff/?text=ICON'),
(23, 9, 37.76832, -122.497424, 'Et dolore ut elit ullamco id incididunt nulla. Sunt duis aliqua aliquip duis cupidatat proident culpa esse mollit eu. Commodo enim in consequat ad dolore nisi amet veniam mollit duis reprehenderit eiusmod voluptate cillum.', '2020-05-22 06:39:54', 'https://via.placeholder.com/400/', 'https://via.placeholder.com/100/888/fff/?text=ICON'),
(24, 12, 37.7496, -122.490666, 'Dolor ullamco magna irure nulla aliquip ullamco ea laboris dolor labore ut sint aute eiusmod. Ea exercitation et dolore culpa voluptate qui consequat amet sunt exercitation reprehenderit duis laborum ipsum. Qui cillum id enim adipisicing eiusmod aute officia nulla ut excepteur voluptate adipisicing aliquip adipisicing.', '2020-06-06 10:24:30', 'https://via.placeholder.com/400/', 'https://via.placeholder.com/100/888/fff/?text=ICON'),
(25, 32, 37.71769, -122.45591, 'Sit sunt do non sint velit ullamco. Nostrud excepteur elit quis velit quis quis mollit dolore. Incididunt laborum nisi laborum anim velit fugiat.', '2020-05-21 11:27:57', 'https://via.placeholder.com/400/', 'https://via.placeholder.com/100/888/fff/?text=ICON'),
(26, 15, 37.76391, -122.405869, 'Tempor esse ex aliqua labore nostrud irure ut et ipsum culpa anim. Ex elit anim excepteur non mollit commodo est. Mollit laborum aute ad aute tempor dolor amet amet amet ea veniam qui velit.', '2020-04-27 09:44:25', 'https://via.placeholder.com/400/', 'https://via.placeholder.com/100/888/fff/?text=ICON'),
(27, 1, 37.79591, -122.500485, 'Nisi incididunt mollit ea consequat consequat reprehenderit exercitation nostrud non do enim velit magna. Cupidatat esse non fugiat cupidatat adipisicing. Deserunt amet velit id in voluptate.', '2020-06-18 07:17:19', 'https://via.placeholder.com/400/', 'https://via.placeholder.com/100/888/fff/?text=ICON'),
(28, 31, 37.73979, -122.472337, 'Minim ea consectetur laborum consectetur elit nisi ad labore esse aliqua anim laborum. Labore labore ad in fugiat sunt enim quis Lorem cupidatat voluptate est fugiat. Occaecat in Lorem exercitation pariatur ipsum et fugiat.', '2020-03-28 07:05:48', 'https://via.placeholder.com/400/', 'https://via.placeholder.com/100/888/fff/?text=ICON'),
(29, 14, 37.76905, -122.395929, 'In enim qui id amet deserunt tempor. Esse sint consectetur eu ullamco incididunt laborum ut et labore do non fugiat eiusmod dolor. Id velit tempor enim commodo occaecat dolor commodo ad ut veniam.', '2020-03-22 07:08:52', 'https://via.placeholder.com/400/', 'https://via.placeholder.com/100/888/fff/?text=ICON'),
(30, 1, 37.74759, -122.413283, 'Cupidatat eiusmod quis sit nisi eu excepteur cupidatat esse veniam veniam aliqua Lorem laborum. Do duis consequat incididunt mollit nulla. Proident culpa ut sit duis ipsum.', '2020-05-11 03:09:38', 'https://via.placeholder.com/400/', 'https://via.placeholder.com/100/888/fff/?text=ICON'),
(31, 13, 37.77055, -122.40415, 'Enim voluptate magna cillum ad duis deserunt anim ullamco enim. Pariatur adipisicing proident elit proident exercitation voluptate sint ut labore consectetur duis anim eiusmod. Quis duis voluptate in aliqua cupidatat in.', '2020-01-04 03:32:36', 'https://via.placeholder.com/400/', 'https://via.placeholder.com/100/888/fff/?text=ICON'),
(32, 43, 37.75436, -122.471628, 'Excepteur est ea non consectetur labore est occaecat ex in sint aliquip. Tempor amet ipsum do excepteur quis ea Lorem. Adipisicing reprehenderit ullamco laborum est sunt eiusmod exercitation incididunt aute reprehenderit do non.', '2020-03-08 03:01:05', 'https://via.placeholder.com/400/', 'https://via.placeholder.com/100/888/fff/?text=ICON'),
(33, 36, 37.7403, -122.434851, 'Elit est adipisicing cillum sit duis mollit sunt dolor sit mollit ad. Ut ipsum reprehenderit deserunt velit fugiat nulla sunt anim eu excepteur veniam anim sunt. Id aliquip elit sunt adipisicing pariatur aliquip laborum est.', '2020-07-17 05:40:57', 'https://via.placeholder.com/400/', 'https://via.placeholder.com/100/888/fff/?text=ICON'),
(34, 1, 37.79417, -122.485588, 'Et excepteur do ullamco esse sit occaecat id ad ad. Amet nulla labore cupidatat magna consequat consequat minim. Aliqua occaecat esse in et pariatur sunt adipisicing nisi nisi ullamco enim.', '2020-06-11 03:03:32', 'https://via.placeholder.com/400/', 'https://via.placeholder.com/100/888/fff/?text=ICON'),
(35, 33, 37.70157, -122.460554, 'Eiusmod nostrud mollit nulla quis ipsum enim voluptate duis. Magna pariatur amet cillum fugiat dolore do Lorem pariatur labore ipsum ut ex. Esse sit cupidatat nulla sint aliquip ut fugiat duis veniam velit.', '2020-04-17 12:44:09', 'https://via.placeholder.com/400/', 'https://via.placeholder.com/100/888/fff/?text=ICON'),
(36, 23, 37.77301, -122.499462, 'Consequat labore nisi et id minim nisi reprehenderit quis eu exercitation nostrud ex sint labore. Elit nulla non sunt excepteur. Fugiat consequat commodo pariatur quis veniam consequat ad occaecat ullamco pariatur reprehenderit adipisicing nisi.', '2020-04-11 05:07:58', 'https://via.placeholder.com/400/', 'https://via.placeholder.com/100/888/fff/?text=ICON'),
(37, 42, 37.74123, -122.474128, 'Adipisicing exercitation laborum officia cillum consequat do et in occaecat aliqua non irure sint enim. Fugiat ullamco magna mollit sint laborum velit duis duis enim. Irure reprehenderit aliquip enim nostrud nulla.', '2020-02-06 03:30:13', 'https://via.placeholder.com/400/', 'https://via.placeholder.com/100/888/fff/?text=ICON'),
(38, 14, 37.70586, -122.418922, 'Nulla magna ex qui do occaecat voluptate ipsum pariatur. Consectetur nostrud officia irure do. Sint dolor duis elit esse dolore irure occaecat qui cillum.', '2020-03-03 07:28:15', 'https://via.placeholder.com/400/', 'https://via.placeholder.com/100/888/fff/?text=ICON'),
(39, 14, 37.77801, -122.406525, 'Enim commodo fugiat eiusmod ipsum. Sit reprehenderit veniam culpa tempor adipisicing do et adipisicing tempor non dolor deserunt aliqua. Eiusmod ullamco sint irure cupidatat commodo dolor sunt aliquip eu reprehenderit consectetur ea.', '2020-06-25 03:19:59', 'https://via.placeholder.com/400/', 'https://via.placeholder.com/100/888/fff/?text=ICON'),
(40, 11, 37.70416, -122.495586, 'Cupidatat esse eu officia ex dolor ea non. Aute est ea sunt tempor aliquip nisi cupidatat ex quis tempor sunt incididunt ipsum. Ipsum non eiusmod incididunt minim consequat aute deserunt ea.', '2020-06-01 08:29:55', 'https://via.placeholder.com/400/', 'https://via.placeholder.com/100/888/fff/?text=ICON'),
(41, 48, 37.78426, -122.405278, 'Veniam ex adipisicing qui consectetur do elit magna ex. Ipsum sint elit dolore sit quis cillum. Labore eu tempor duis aute dolore aliqua fugiat non sint sint veniam adipisicing.', '2020-02-16 12:45:39', 'https://via.placeholder.com/400/', 'https://via.placeholder.com/100/888/fff/?text=ICON'),
(42, 21, 37.70541, -122.488053, 'Anim consectetur ipsum irure occaecat Lorem ipsum ex. Cillum laborum cillum laboris culpa ex dolore labore sint incididunt. Esse duis mollit labore aliqua nisi anim.', '2020-05-22 06:11:44', 'https://via.placeholder.com/400/', 'https://via.placeholder.com/100/888/fff/?text=ICON'),
(43, 3, 37.79182, -122.394957, 'Eiusmod anim pariatur laborum in velit ex adipisicing est duis commodo proident elit ex in. Fugiat incididunt incididunt quis cupidatat nisi eiusmod ipsum cupidatat labore ad. Lorem qui aliqua ipsum proident.', '2020-03-17 01:09:24', 'https://via.placeholder.com/400/', 'https://via.placeholder.com/100/888/fff/?text=ICON'),
(44, 11, 37.77057, -122.475134, 'Occaecat aute nisi ea dolore dolor cillum qui labore nulla do. Aliqua ipsum tempor dolore anim dolore. Nostrud consequat laboris cillum minim labore nostrud qui.', '2020-06-03 09:45:21', 'https://via.placeholder.com/400/', 'https://via.placeholder.com/100/888/fff/?text=ICON'),
(45, 26, 37.71173, -122.420258, 'Consequat minim et incididunt anim sint sint anim dolore velit proident cillum. Irure ullamco dolor eiusmod Lorem. Dolore laboris velit qui amet minim deserunt magna ullamco.', '2020-07-22 11:20:12', 'https://via.placeholder.com/400/', 'https://via.placeholder.com/100/888/fff/?text=ICON'),
(46, 12, 37.73786, -122.473854, 'Dolor ullamco esse culpa in et voluptate aliqua laborum dolor non do consequat. Nulla exercitation velit commodo nulla exercitation voluptate voluptate aliquip consectetur Lorem commodo laboris. Sit minim mollit irure laboris Lorem reprehenderit ullamco laboris qui adipisicing ullamco pariatur ea.', '2020-03-14 04:31:21', 'https://via.placeholder.com/400/', 'https://via.placeholder.com/100/888/fff/?text=ICON'),
(47, 11, 37.75759, -122.435097, 'Culpa anim cillum laboris excepteur irure elit esse laborum voluptate esse tempor. Velit officia dolor minim consequat nostrud minim reprehenderit sint non qui labore enim tempor. Nostrud veniam qui dolor mollit aliqua dolore aute dolore.', '2020-06-14 02:12:57', 'https://via.placeholder.com/400/', 'https://via.placeholder.com/100/888/fff/?text=ICON'),
(48, 11, 37.74178, -122.40773, 'Sit dolore eiusmod dolore elit quis aute laborum aute. Reprehenderit sint officia Lorem culpa velit amet sit aliquip. Reprehenderit occaecat aute cillum sint nostrud officia ullamco id exercitation incididunt.', '2020-03-29 03:34:00', 'https://via.placeholder.com/400/', 'https://via.placeholder.com/100/888/fff/?text=ICON'),
(49, 47, 37.74523, -122.428126, 'Reprehenderit culpa aliqua amet qui ut ex do sit occaecat ut duis id adipisicing. Eu veniam aliquip id ut ex id laborum do et fugiat sint. Non pariatur reprehenderit ullamco pariatur exercitation occaecat ex.', '2020-07-01 11:42:21', 'https://via.placeholder.com/400/', 'https://via.placeholder.com/100/888/fff/?text=ICON'),
(50, 43, 37.77484, -122.404756, 'Laborum id officia ex nostrud laboris id enim reprehenderit. Occaecat adipisicing Lorem fugiat ad aliquip fugiat exercitation deserunt et tempor ad enim fugiat. Dolore aliquip anim elit duis voluptate esse sunt occaecat consequat.', '2020-05-27 07:58:12', 'https://via.placeholder.com/400/', 'https://via.placeholder.com/100/888/fff/?text=ICON'),
(51, 15, 37.75931, -122.4674, 'Proident dolor sit nostrud sint eiusmod anim quis nisi non mollit culpa proident in Lorem. Esse id ad do tempor laborum pariatur fugiat culpa laborum Lorem eu eu. Aute incididunt labore qui nostrud labore amet.', '2020-02-29 05:13:31', 'https://via.placeholder.com/400/', 'https://via.placeholder.com/100/888/fff/?text=ICON'),
(52, 2, 37.75264, -122.424652, 'Sint nisi fugiat commodo aute id id in ipsum eu adipisicing consequat ex cupidatat tempor. Magna mollit ut Lorem et adipisicing Lorem ipsum esse quis sunt sit. Irure occaecat qui laboris nostrud aliqua do laboris et sunt nostrud in commodo irure nisi.', '2020-05-06 06:52:40', 'https://via.placeholder.com/400/', 'https://via.placeholder.com/100/888/fff/?text=ICON'),
(53, 4, 37.78737, -122.424338, 'Dolor ex cupidatat id sit aute. Ullamco nulla excepteur aliquip cupidatat magna anim laborum. Mollit do amet et tempor mollit exercitation exercitation ullamco aute est incididunt.', '2020-01-21 10:59:39', 'https://via.placeholder.com/400/', 'https://via.placeholder.com/100/888/fff/?text=ICON'),
(54, 4, 37.75588, -122.414894, 'Deserunt laboris sint labore ea. Nostrud eiusmod labore nostrud sunt ullamco. Est nisi laboris est amet laborum eiusmod elit culpa minim laboris excepteur aliquip.', '2020-07-06 09:32:15', 'https://via.placeholder.com/400/', 'https://via.placeholder.com/100/888/fff/?text=ICON'),
(55, 30, 37.72111, -122.502602, 'Commodo ut aliquip ut nostrud enim minim esse commodo exercitation Lorem pariatur et. Aliquip nostrud nulla pariatur Lorem. Consectetur anim culpa commodo voluptate.', '2020-03-15 01:03:06', 'https://via.placeholder.com/400/', 'https://via.placeholder.com/100/888/fff/?text=ICON'),
(56, 7, 37.71835, -122.487138, 'Culpa esse eu voluptate elit nostrud est quis anim nostrud quis eu aute. Incididunt occaecat sunt aliquip laboris officia occaecat. Pariatur tempor elit officia enim quis.', '2020-01-24 01:13:49', 'https://via.placeholder.com/400/', 'https://via.placeholder.com/100/888/fff/?text=ICON'),
(57, 17, 37.70651, -122.415439, 'Cillum magna exercitation voluptate occaecat id deserunt. Minim sunt cupidatat incididunt reprehenderit in elit et mollit. Culpa proident et sunt proident voluptate esse magna aliqua culpa nisi duis qui in.', '2020-02-03 03:03:16', 'https://via.placeholder.com/400/', 'https://via.placeholder.com/100/888/fff/?text=ICON'),
(58, 10, 37.79766, -122.467998, 'Fugiat ex fugiat deserunt commodo labore quis culpa sunt laborum nisi proident dolor ex veniam. Sit deserunt in enim reprehenderit dolor. Laboris fugiat cupidatat dolor mollit incididunt proident duis ex aute.', '2020-04-06 07:35:04', 'https://via.placeholder.com/400/', 'https://via.placeholder.com/100/888/fff/?text=ICON'),
(59, 38, 37.72248, -122.392358, 'Do non eiusmod consequat in adipisicing laborum dolor irure ad ullamco anim esse. Ut quis sint proident in aliquip exercitation laboris commodo aliquip culpa ea do deserunt non. Laboris aliqua minim est excepteur laboris nostrud aliqua Lorem esse sint nisi fugiat.', '2020-04-08 10:42:37', 'https://via.placeholder.com/400/', 'https://via.placeholder.com/100/888/fff/?text=ICON'),
(60, 8, 37.79099, -122.396968, 'Officia nulla quis nisi laboris commodo excepteur pariatur ullamco ex sit Lorem anim dolor. Enim pariatur Lorem dolor eu sunt deserunt cillum exercitation adipisicing et adipisicing. Pariatur Lorem sit mollit non sit laboris enim aliqua id non voluptate id.', '2020-06-09 07:55:44', 'https://via.placeholder.com/400/', 'https://via.placeholder.com/100/888/fff/?text=ICON'),
(61, 35, 37.79219, -122.479934, 'Magna anim non velit sint dolor deserunt reprehenderit reprehenderit aliquip do ut enim. Et duis veniam velit fugiat eu sunt dolor amet mollit magna excepteur occaecat minim. Do laboris incididunt magna aliquip.', '2020-05-19 11:16:44', 'https://via.placeholder.com/400/', 'https://via.placeholder.com/100/888/fff/?text=ICON'),
(62, 11, 37.74906, -122.404211, 'Tempor duis non dolore culpa nulla qui mollit proident officia veniam ad enim nisi eu. Sint aute amet laborum nulla tempor occaecat proident ex fugiat proident. Labore labore ad sunt non eu sint commodo ullamco aliquip eu quis excepteur.', '2020-06-08 09:10:57', 'https://via.placeholder.com/400/', 'https://via.placeholder.com/100/888/fff/?text=ICON'),
(63, 21, 37.74884, -122.405721, 'Nisi elit non commodo quis voluptate aliqua anim sint ut aliqua et et duis mollit. Sunt irure laborum cillum in non dolor adipisicing irure et aliquip in ullamco. Deserunt sunt nisi sunt ea consequat occaecat.', '2020-05-17 11:45:32', 'https://via.placeholder.com/400/', 'https://via.placeholder.com/100/888/fff/?text=ICON'),
(64, 29, 37.71062, -122.415243, 'Duis occaecat id non culpa ipsum aute deserunt eiusmod excepteur occaecat amet duis irure est. Reprehenderit proident tempor adipisicing culpa tempor in nulla aute voluptate velit excepteur Lorem tempor. Exercitation quis sit amet dolor.', '2020-02-08 04:39:22', 'https://via.placeholder.com/400/', 'https://via.placeholder.com/100/888/fff/?text=ICON'),
(65, 37, 37.73048, -122.402113, 'Anim est ipsum tempor enim nisi ut irure anim dolore ullamco aliqua irure ut laboris. Irure cillum proident exercitation mollit Lorem. Velit sunt magna fugiat sint.', '2020-03-28 09:40:10', 'https://via.placeholder.com/400/', 'https://via.placeholder.com/100/888/fff/?text=ICON'),
(66, 36, 37.79541, -122.480193, 'Fugiat minim tempor tempor in voluptate. Ut exercitation ad cupidatat ut minim commodo laborum ex aliquip. Aliquip consectetur ad ullamco quis nostrud enim sit in irure reprehenderit veniam elit ad.', '2020-01-03 12:41:52', 'https://via.placeholder.com/400/', 'https://via.placeholder.com/100/888/fff/?text=ICON'),
(67, 28, 37.71525, -122.436976, 'Esse et nostrud id incididunt culpa. Do sint exercitation magna cupidatat incididunt nulla. Laborum consectetur nulla ex aliqua Lorem minim duis incididunt eiusmod esse.', '2020-01-09 12:38:55', 'https://via.placeholder.com/400/', 'https://via.placeholder.com/100/888/fff/?text=ICON'),
(68, 17, 37.74528, -122.499414, 'Velit id dolor fugiat adipisicing fugiat ad amet minim aute elit amet cupidatat qui. Ea magna in aute ipsum. Minim ut elit voluptate quis occaecat in dolor consequat nostrud labore pariatur minim sunt.', '2020-05-20 10:53:50', 'https://via.placeholder.com/400/', 'https://via.placeholder.com/100/888/fff/?text=ICON'),
(69, 48, 37.70999, -122.457865, 'Laboris tempor cillum eiusmod ex qui reprehenderit ad amet incididunt amet. Sint minim veniam quis commodo. Dolore et officia amet ad laborum enim do.', '2020-01-21 10:29:48', 'https://via.placeholder.com/400/', 'https://via.placeholder.com/100/888/fff/?text=ICON'),
(70, 10, 37.75116, -122.390544, 'Id est laboris officia elit nisi deserunt laboris ex. Incididunt amet dolore commodo qui eu. Qui est id reprehenderit ut in nisi culpa pariatur do.', '2020-06-03 11:10:28', 'https://via.placeholder.com/400/', 'https://via.placeholder.com/100/888/fff/?text=ICON'),
(71, 33, 37.71064, -122.412895, 'Ad aliquip elit aliqua minim enim in deserunt id ut. Anim proident elit consequat nostrud mollit cillum est duis consequat veniam aute ipsum ullamco. Irure sit mollit anim reprehenderit deserunt ea pariatur adipisicing sunt.', '2020-06-03 05:24:59', 'https://via.placeholder.com/400/', 'https://via.placeholder.com/100/888/fff/?text=ICON'),
(72, 6, 37.79585, -122.444937, 'Reprehenderit adipisicing in nulla eu tempor tempor dolore aute elit. Do incididunt aliquip eu voluptate pariatur duis. Laboris ex pariatur reprehenderit dolore enim mollit exercitation dolore laboris sit amet veniam ea.', '2020-07-01 08:02:52', 'https://via.placeholder.com/400/', 'https://via.placeholder.com/100/888/fff/?text=ICON'),
(73, 33, 37.801, -122.437992, 'Id velit non ex adipisicing ipsum irure laboris. Deserunt nostrud sit culpa duis deserunt elit consectetur irure sit nostrud ipsum amet enim irure. Est enim pariatur et ipsum labore in fugiat.', '2020-05-02 11:40:49', 'https://via.placeholder.com/400/', 'https://via.placeholder.com/100/888/fff/?text=ICON'),
(74, 28, 37.7587, -122.467955, 'Ut eu cillum magna sunt labore esse pariatur deserunt commodo. Aliqua elit ipsum eiusmod sit est mollit fugiat do quis nisi et sit sit eiusmod. Elit irure ad commodo dolor exercitation consequat est consequat sint nisi ipsum adipisicing.', '2020-07-09 10:08:36', 'https://via.placeholder.com/400/', 'https://via.placeholder.com/100/888/fff/?text=ICON'),
(75, 28, 37.74636, -122.468096, 'Anim officia dolor qui aliquip minim est pariatur pariatur et. Dolore amet sunt sint magna ea in laboris ut minim. Duis voluptate adipisicing cillum labore qui ut voluptate dolore ut ullamco laborum ad commodo.', '2020-02-11 10:18:42', 'https://via.placeholder.com/400/', 'https://via.placeholder.com/100/888/fff/?text=ICON'),
(76, 41, 37.71889, -122.474794, 'Reprehenderit aliquip aute nostrud adipisicing veniam veniam nulla fugiat magna proident. Est sit cillum occaecat commodo nisi tempor mollit excepteur fugiat dolor voluptate mollit excepteur est. Voluptate dolor ex ex cupidatat cupidatat anim laborum do mollit quis veniam.', '2020-07-23 04:58:58', 'https://via.placeholder.com/400/', 'https://via.placeholder.com/100/888/fff/?text=ICON'),
(77, 5, 37.75596, -122.432427, 'Sunt sit consectetur ullamco irure consequat mollit dolore cupidatat culpa non sit pariatur in cupidatat. Culpa culpa eu reprehenderit aute ea qui ea in esse exercitation cupidatat quis esse veniam. Qui enim culpa Lorem qui laborum est sunt labore pariatur velit labore sunt dolore.', '2020-03-04 05:59:28', 'https://via.placeholder.com/400/', 'https://via.placeholder.com/100/888/fff/?text=ICON'),
(78, 16, 37.78462, -122.431732, 'Sunt deserunt enim consectetur amet aliquip velit velit dolore excepteur incididunt. Cupidatat non laboris aliquip eiusmod mollit tempor culpa in. Consectetur cupidatat et proident non id ut ea anim nostrud proident exercitation anim.', '2020-07-24 06:57:27', 'https://via.placeholder.com/400/', 'https://via.placeholder.com/100/888/fff/?text=ICON'),
(79, 27, 37.74038, -122.454632, 'Ex laboris ex pariatur incididunt proident id laborum fugiat aute laborum sint. Adipisicing enim nostrud est cillum incididunt ad excepteur. Ut veniam aliquip id eiusmod in minim ut sint amet irure mollit culpa.', '2020-02-10 08:54:15', 'https://via.placeholder.com/400/', 'https://via.placeholder.com/100/888/fff/?text=ICON'),
(80, 14, 37.72394, -122.474262, 'Dolore labore eiusmod cillum ad sunt cillum ad aute dolor ex anim deserunt eu. Ipsum irure laborum ullamco ad fugiat cillum eiusmod aliquip laboris. Ad esse ipsum duis do commodo.', '2020-07-07 12:45:55', 'https://via.placeholder.com/400/', 'https://via.placeholder.com/100/888/fff/?text=ICON'),
(81, 16, 37.72006, -122.464699, 'Dolore consequat dolor ad velit velit veniam enim occaecat veniam ex enim officia excepteur. Cupidatat consectetur velit excepteur consectetur dolore veniam sint incididunt dolore tempor laboris. Sint incididunt cupidatat adipisicing exercitation elit minim anim nisi voluptate ad cillum.', '2020-01-04 04:03:40', 'https://via.placeholder.com/400/', 'https://via.placeholder.com/100/888/fff/?text=ICON'),
(82, 26, 37.74338, -122.415639, 'Labore adipisicing esse veniam deserunt sint reprehenderit aliquip velit proident nulla reprehenderit. Consequat magna esse tempor officia officia. Deserunt do non qui commodo reprehenderit sint deserunt labore.', '2020-06-11 09:25:11', 'https://via.placeholder.com/400/', 'https://via.placeholder.com/100/888/fff/?text=ICON'),
(83, 3, 37.69942, -122.4913, 'Esse duis dolor nisi ullamco sunt laborum ad Lorem esse enim esse Lorem eiusmod ad. Tempor laborum elit magna veniam incididunt consectetur labore adipisicing consequat magna velit consequat reprehenderit. Nulla est irure mollit ipsum voluptate commodo eu.', '2020-04-07 08:40:59', 'https://via.placeholder.com/400/', 'https://via.placeholder.com/100/888/fff/?text=ICON'),
(84, 13, 37.72826, -122.501566, 'Ut deserunt ullamco ex quis ex. Irure cillum ea sunt cupidatat dolore aliquip ex. Magna ex sit mollit aliqua voluptate eu aute.', '2020-03-12 11:04:08', 'https://via.placeholder.com/400/', 'https://via.placeholder.com/100/888/fff/?text=ICON'),
(85, 34, 37.70447, -122.495887, 'Pariatur dolore proident irure laborum aliquip cupidatat reprehenderit veniam quis ea proident officia voluptate labore. Nisi incididunt ullamco ea pariatur ipsum elit mollit est ea eu adipisicing. Proident consectetur aute aute velit qui et irure.', '2020-01-07 01:14:43', 'https://via.placeholder.com/400/', 'https://via.placeholder.com/100/888/fff/?text=ICON'),
(86, 34, 37.7383, -122.47303, 'Reprehenderit ullamco tempor ex id cupidatat ex deserunt exercitation Lorem. Nostrud sit consectetur Lorem do. Eu qui proident aute esse exercitation voluptate nostrud.', '2020-03-01 05:04:34', 'https://via.placeholder.com/400/', 'https://via.placeholder.com/100/888/fff/?text=ICON'),
(87, 28, 37.70769, -122.430806, 'Eu sunt reprehenderit nulla aute. Lorem dolore aliqua proident dolor reprehenderit velit in ut et minim aliqua. Excepteur qui voluptate ea cillum mollit in.', '2020-07-02 12:09:41', 'https://via.placeholder.com/400/', 'https://via.placeholder.com/100/888/fff/?text=ICON'),
(88, 8, 37.78712, -122.45698, 'Cupidatat est ut cupidatat minim culpa voluptate est aliquip eu eu aute Lorem. Laborum laborum adipisicing voluptate incididunt pariatur in voluptate aliqua culpa aliquip culpa enim commodo. Aute Lorem quis eiusmod nulla dolor in id in reprehenderit non laboris qui.', '2020-05-26 12:08:05', 'https://via.placeholder.com/400/', 'https://via.placeholder.com/100/888/fff/?text=ICON'),
(89, 46, 37.72858, -122.39548, 'Sunt ex qui pariatur ipsum consequat consequat et consequat. Minim consequat dolore labore ut. Labore tempor minim commodo consectetur adipisicing esse amet ad non.', '2020-04-04 01:07:20', 'https://via.placeholder.com/400/', 'https://via.placeholder.com/100/888/fff/?text=ICON'),
(90, 15, 37.80023, -122.479326, 'Aliquip ullamco excepteur nulla et aliqua sit veniam in commodo commodo adipisicing. Culpa irure eiusmod quis aliquip proident duis. Laboris reprehenderit deserunt velit duis consectetur excepteur occaecat aliquip ea magna veniam sint commodo consequat.', '2020-07-25 04:07:31', 'https://via.placeholder.com/400/', 'https://via.placeholder.com/100/888/fff/?text=ICON'),
(91, 29, 37.74101, -122.500105, 'Nisi enim velit quis consectetur officia voluptate. Nulla laborum laboris consectetur ipsum nisi dolor excepteur culpa mollit cillum fugiat do laboris amet. Laboris proident cupidatat enim aute magna.', '2020-03-26 09:00:36', 'https://via.placeholder.com/400/', 'https://via.placeholder.com/100/888/fff/?text=ICON'),
(92, 33, 37.73195, -122.413514, 'Aliqua aliquip magna ullamco qui nostrud ipsum mollit voluptate. Ut laboris enim tempor eu. Sit ea nulla exercitation est ad fugiat qui deserunt ipsum sint commodo dolor occaecat incididunt.', '2020-04-23 04:44:52', 'https://via.placeholder.com/400/', 'https://via.placeholder.com/100/888/fff/?text=ICON'),
(93, 17, 37.74753, -122.416016, 'Amet pariatur elit Lorem laborum velit exercitation ex sint aute. Minim est non eu consectetur ipsum. Ipsum aliquip eiusmod est elit aute nisi adipisicing duis et enim.', '2020-02-14 03:03:53', 'https://via.placeholder.com/400/', 'https://via.placeholder.com/100/888/fff/?text=ICON'),
(94, 32, 37.79732, -122.396506, 'Anim fugiat amet esse irure irure culpa eiusmod. Ad magna minim sunt non. Qui irure nisi ea est consequat laboris mollit enim.', '2020-03-09 08:08:12', 'https://via.placeholder.com/400/', 'https://via.placeholder.com/100/888/fff/?text=ICON'),
(95, 14, 37.79138, -122.396831, 'In mollit irure reprehenderit non dolor aute dolore officia enim consectetur nisi ullamco dolor. Anim minim cillum tempor esse consectetur elit. Sint magna occaecat deserunt exercitation tempor dolore fugiat anim est voluptate.', '2020-01-31 04:05:55', 'https://via.placeholder.com/400/', 'https://via.placeholder.com/100/888/fff/?text=ICON'),
(96, 6, 37.7922, -122.4677, 'Pariatur voluptate non in ea. Elit esse est ad sint Lorem et mollit. Voluptate aute cillum anim pariatur id adipisicing dolore et laborum commodo velit laborum minim in.', '2020-03-09 09:03:10', 'https://via.placeholder.com/400/', 'https://via.placeholder.com/100/888/fff/?text=ICON'),
(97, 1, 37.77372, -122.419762, 'Proident id voluptate est consectetur quis adipisicing laboris adipisicing excepteur. Occaecat velit culpa culpa tempor dolor magna officia sint voluptate dolore esse ad aliquip velit. Duis esse consequat nulla mollit aute ex ut fugiat amet.', '2020-03-06 02:14:32', 'https://via.placeholder.com/400/', 'https://via.placeholder.com/100/888/fff/?text=ICON'),
(98, 27, 37.74936, -122.422903, 'Tempor tempor commodo deserunt sint enim commodo consequat consectetur velit commodo laboris excepteur veniam nostrud. Aute veniam mollit voluptate exercitation pariatur irure nostrud ut ut voluptate et occaecat deserunt. Laborum tempor proident laboris et veniam voluptate ipsum ex culpa veniam deserunt tempor.', '2020-06-14 05:46:48', 'https://via.placeholder.com/400/', 'https://via.placeholder.com/100/888/fff/?text=ICON'),
(99, 26, 37.72838, -122.465564, 'Voluptate reprehenderit magna laborum cillum culpa. Ad cillum ad cupidatat esse enim in velit. Esse esse in fugiat consequat esse irure aute minim.', '2020-04-19 01:17:20', 'https://via.placeholder.com/400/', 'https://via.placeholder.com/100/888/fff/?text=ICON'),
(100, 47, 37.79097, -122.444488, 'Laborum fugiat exercitation occaecat cupidatat ea ullamco qui nisi ipsum tempor dolor. Minim irure aliqua pariatur aliqua do anim qui. Sit occaecat Lorem non pariatur enim irure aute do labore ut sunt ad dolore qui.', '2020-06-24 10:10:14', 'https://via.placeholder.com/400/', 'https://via.placeholder.com/100/888/fff/?text=ICON'),
(101, 19, 37.71953, -122.451069, 'Tempor aute laborum elit nisi est. Cillum irure eiusmod elit cillum aute ex amet consectetur pariatur proident id elit. Veniam laboris id deserunt sunt.', '2020-01-07 08:33:21', 'https://via.placeholder.com/400/', 'https://via.placeholder.com/100/888/fff/?text=ICON'),
(102, 37, 37.72348, -122.447249, 'Nulla occaecat adipisicing minim sint. Voluptate ullamco laboris enim non proident non occaecat. Qui ullamco aliquip excepteur esse irure ut nostrud excepteur deserunt mollit adipisicing veniam.', '2020-04-07 06:43:20', 'https://via.placeholder.com/400/', 'https://via.placeholder.com/100/888/fff/?text=ICON'),
(103, 24, 37.75929, -122.473402, 'Dolor minim veniam eu ullamco officia labore duis incididunt irure eu. Velit non irure duis aliqua eu excepteur irure dolor proident. Adipisicing dolor ipsum voluptate sint labore ut.', '2020-03-23 05:30:49', 'https://via.placeholder.com/400/', 'https://via.placeholder.com/100/888/fff/?text=ICON'),
(104, 26, 37.75477, -122.401635, 'Tempor ipsum Lorem exercitation laboris ullamco est do laborum aliquip aliqua velit culpa. Eu Lorem est enim quis amet nulla laborum. Fugiat do voluptate voluptate sint deserunt.', '2020-02-23 05:19:08', 'https://via.placeholder.com/400/', 'https://via.placeholder.com/100/888/fff/?text=ICON'),
(105, 37, 37.77789, -122.461684, 'Id do sunt est sint. Elit cupidatat aliquip excepteur et officia nostrud dolor occaecat amet nulla in et consectetur pariatur. Est reprehenderit consectetur laborum cupidatat amet adipisicing pariatur id qui consequat occaecat officia do.', '2020-07-08 09:23:20', 'https://via.placeholder.com/400/', 'https://via.placeholder.com/100/888/fff/?text=ICON'),
(106, 47, 37.79771, -122.49754, 'Nostrud commodo adipisicing sunt ad veniam veniam ad ut aute ut enim. Dolore cupidatat sit laborum incididunt ex minim id consequat in elit excepteur cupidatat ullamco do. Consequat anim pariatur culpa esse consectetur Lorem fugiat Lorem quis ipsum eu ipsum.', '2020-01-18 01:13:08', 'https://via.placeholder.com/400/', 'https://via.placeholder.com/100/888/fff/?text=ICON'),
(107, 19, 37.76722, -122.451903, 'Ullamco in incididunt culpa dolore ex veniam anim deserunt incididunt. Consectetur velit sunt aute sunt nisi proident. Velit dolore laboris qui ut cillum ex eu eiusmod non fugiat.', '2020-04-26 09:34:16', 'https://via.placeholder.com/400/', 'https://via.placeholder.com/100/888/fff/?text=ICON'),
(108, 31, 37.71486, -122.501488, 'Tempor enim nulla consequat sit id incididunt officia ullamco nulla consectetur. Ullamco reprehenderit enim adipisicing nulla ex eu dolore ad. Incididunt in occaecat est eiusmod fugiat dolor mollit quis deserunt duis ipsum sit quis.', '2020-07-18 08:46:10', 'https://via.placeholder.com/400/', 'https://via.placeholder.com/100/888/fff/?text=ICON'),
(109, 33, 37.75668, -122.453779, 'Ullamco id aliquip veniam elit ut do aute non elit consectetur magna sunt culpa. Veniam est velit deserunt tempor ex officia labore velit. Sint cupidatat anim adipisicing amet exercitation quis ullamco non do dolore adipisicing esse.', '2020-05-08 12:35:57', 'https://via.placeholder.com/400/', 'https://via.placeholder.com/100/888/fff/?text=ICON'),
(110, 47, 37.78421, -122.398604, 'Fugiat officia eu veniam tempor do incididunt cillum adipisicing duis cupidatat nisi exercitation reprehenderit dolore. Nostrud sit culpa ut ad. Ea cupidatat ad duis ipsum non veniam proident cillum duis officia Lorem proident aliquip ullamco.', '2020-03-28 05:23:04', 'https://via.placeholder.com/400/', 'https://via.placeholder.com/100/888/fff/?text=ICON'),
(111, 5, 37.7723, -122.448917, 'Non ut elit mollit consectetur dolore aliqua ipsum nisi proident laboris aliquip esse. Irure eu nulla tempor ipsum aliquip laborum reprehenderit ut ullamco ullamco cillum dolore. Aliqua velit ipsum ea sint ad elit consectetur laborum aute occaecat qui Lorem id.', '2020-02-22 04:06:39', 'https://via.placeholder.com/400/', 'https://via.placeholder.com/100/888/fff/?text=ICON'),
(112, 7, 37.74489, -122.460736, 'Non nisi ex enim aliqua in adipisicing officia veniam commodo non mollit mollit. Do cupidatat ut incididunt voluptate id et sunt id. Fugiat ut sint cillum est incididunt proident consequat incididunt Lorem consequat veniam.', '2020-02-01 01:35:01', 'https://via.placeholder.com/400/', 'https://via.placeholder.com/100/888/fff/?text=ICON'),
(113, 37, 37.70894, -122.499753, 'Velit pariatur dolor amet quis cupidatat nulla non non. Elit eu officia ullamco quis ad qui enim nisi do ea. Excepteur voluptate cupidatat ullamco officia labore amet officia qui do nostrud pariatur cillum nisi cillum.', '2020-02-18 10:04:48', 'https://via.placeholder.com/400/', 'https://via.placeholder.com/100/888/fff/?text=ICON'),
(114, 49, 37.75, -122.483325, 'Cupidatat incididunt fugiat sit elit incididunt qui id tempor cillum officia fugiat sunt ullamco do. Officia tempor cupidatat pariatur minim aliquip adipisicing veniam irure. Commodo sint occaecat minim occaecat magna.', '2020-07-23 02:41:48', 'https://via.placeholder.com/400/', 'https://via.placeholder.com/100/888/fff/?text=ICON'),
(115, 42, 37.79021, -122.493858, 'Consequat eiusmod nulla ex elit nulla cupidatat eu et laborum culpa. Reprehenderit voluptate consectetur adipisicing dolor enim amet tempor Lorem mollit proident sit dolore esse et. Aute deserunt non labore voluptate ut aliqua occaecat nostrud nulla exercitation anim qui.', '2020-03-07 12:57:12', 'https://via.placeholder.com/400/', 'https://via.placeholder.com/100/888/fff/?text=ICON'),
(116, 46, 37.7059, -122.452861, 'Labore tempor consequat nulla eu. Adipisicing ad excepteur occaecat officia aute et pariatur veniam et exercitation ipsum ullamco ullamco. Aute consequat cupidatat reprehenderit esse incididunt id do ex sint sunt.', '2020-01-03 11:26:49', 'https://via.placeholder.com/400/', 'https://via.placeholder.com/100/888/fff/?text=ICON'),
(117, 42, 37.73656, -122.393256, 'Cupidatat exercitation nisi tempor occaecat eiusmod cupidatat commodo non amet reprehenderit ex nulla exercitation in. Irure commodo et mollit fugiat excepteur nisi aliqua commodo. Mollit incididunt magna mollit qui minim enim cupidatat cillum.', '2020-02-14 12:35:35', 'https://via.placeholder.com/400/', 'https://via.placeholder.com/100/888/fff/?text=ICON'),
(118, 28, 37.75738, -122.44805, 'Exercitation irure officia sint commodo eu est ut nisi tempor qui id. Do commodo aute sit enim sit culpa exercitation mollit aute aliquip labore. Laboris in duis nostrud nisi commodo anim sint ullamco aliqua.', '2020-04-08 09:35:25', 'https://via.placeholder.com/400/', 'https://via.placeholder.com/100/888/fff/?text=ICON'),
(119, 43, 37.70229, -122.474567, 'Anim commodo mollit sunt magna ad est aute officia ad sint anim. Occaecat mollit proident proident sunt excepteur do tempor ut sint velit ex. Elit cupidatat eiusmod nisi sint tempor fugiat aute aliqua excepteur cupidatat duis irure enim ullamco.', '2020-07-13 05:08:48', 'https://via.placeholder.com/400/', 'https://via.placeholder.com/100/888/fff/?text=ICON'),
(120, 10, 37.70004, -122.489918, 'Ex adipisicing fugiat elit sint nisi excepteur enim exercitation. Proident laboris nostrud aliqua cillum aute. Voluptate amet esse non non et deserunt dolore ex enim elit.', '2020-02-20 01:39:44', 'https://via.placeholder.com/400/', 'https://via.placeholder.com/100/888/fff/?text=ICON'),
(121, 30, 37.72858, -122.402021, 'Amet amet nulla officia consequat id fugiat commodo non tempor quis aliquip. Duis ad aliqua pariatur cupidatat elit id elit elit proident reprehenderit officia consectetur. Laboris excepteur cillum ipsum minim aliquip excepteur.', '2020-02-21 06:09:45', 'https://via.placeholder.com/400/', 'https://via.placeholder.com/100/888/fff/?text=ICON'),
(122, 44, 37.73414, -122.429568, 'Lorem cillum laborum cillum adipisicing labore velit consectetur nisi amet irure ipsum est velit adipisicing. Exercitation ad ullamco aute aliquip dolor dolor cupidatat. Consequat tempor officia mollit voluptate exercitation occaecat ut amet consequat sit Lorem est officia.', '2020-07-22 04:18:46', 'https://via.placeholder.com/400/', 'https://via.placeholder.com/100/888/fff/?text=ICON'),
(123, 3, 37.75609, -122.501377, 'Minim dolore laboris commodo anim cillum nisi dolore excepteur occaecat duis duis cupidatat. Non fugiat Lorem anim eiusmod ad deserunt ea nisi sit enim. Veniam ad ut amet enim.', '2020-05-06 01:18:48', 'https://via.placeholder.com/400/', 'https://via.placeholder.com/100/888/fff/?text=ICON'),
(124, 2, 37.76698, -122.480142, 'Reprehenderit ipsum deserunt exercitation irure commodo ullamco esse officia quis Lorem elit cillum. Consequat veniam sint labore consequat officia ea. Reprehenderit consectetur eu Lorem quis proident eiusmod do adipisicing.', '2020-05-02 10:17:05', 'https://via.placeholder.com/400/', 'https://via.placeholder.com/100/888/fff/?text=ICON'),
(125, 20, 37.73597, -122.445665, 'In nulla nisi et Lorem commodo nostrud anim officia cupidatat ullamco veniam. Cillum id aute fugiat ad sit esse ad ut. Eu aute tempor occaecat nisi minim dolore exercitation aliquip mollit nisi.', '2020-05-31 10:00:26', 'https://via.placeholder.com/400/', 'https://via.placeholder.com/100/888/fff/?text=ICON'),
(126, 14, 37.74804, -122.444693, 'Mollit adipisicing nisi amet ut amet. Adipisicing occaecat aliqua aliquip quis sit ut ipsum do culpa dolore non ut magna fugiat. Consequat dolor qui do elit labore.', '2020-04-16 01:39:31', 'https://via.placeholder.com/400/', 'https://via.placeholder.com/100/888/fff/?text=ICON'),
(127, 26, 37.70819, -122.50099, 'Ipsum eu sunt ad in consectetur cillum do proident ipsum tempor. Sit voluptate nisi cillum minim enim pariatur irure qui veniam. Labore pariatur voluptate exercitation eiusmod veniam elit.', '2020-03-18 08:20:19', 'https://via.placeholder.com/400/', 'https://via.placeholder.com/100/888/fff/?text=ICON'),
(128, 39, 37.71569, -122.438124, 'Elit incididunt elit qui duis dolor incididunt reprehenderit dolor. Consectetur laboris pariatur anim irure tempor incididunt occaecat ullamco velit sunt ullamco mollit magna consectetur. Adipisicing ullamco culpa esse proident ullamco.', '2020-02-23 04:49:56', 'https://via.placeholder.com/400/', 'https://via.placeholder.com/100/888/fff/?text=ICON'),
(129, 30, 37.75776, -122.485707, 'Culpa non commodo officia nulla. Aliqua labore officia labore reprehenderit. Fugiat labore sunt incididunt duis elit aliquip irure anim reprehenderit magna aliquip.', '2020-03-21 12:12:49', 'https://via.placeholder.com/400/', 'https://via.placeholder.com/100/888/fff/?text=ICON'),
(130, 38, 37.78182, -122.392742, 'Laboris nisi culpa aute ea irure irure et. Lorem laboris dolore ipsum consectetur tempor ea do culpa ipsum culpa quis qui sit Lorem. Laboris deserunt cupidatat cillum in duis consequat nulla mollit qui pariatur.', '2020-06-09 05:03:53', 'https://via.placeholder.com/400/', 'https://via.placeholder.com/100/888/fff/?text=ICON'),
(131, 32, 37.80011, -122.455869, 'Laboris veniam fugiat cillum sit magna eu do nisi. Consectetur irure aliqua nisi nulla in. Cillum elit velit irure commodo adipisicing cupidatat tempor excepteur occaecat ut commodo.', '2020-05-29 07:49:49', 'https://via.placeholder.com/400/', 'https://via.placeholder.com/100/888/fff/?text=ICON'),
(132, 7, 37.71104, -122.483042, 'Sunt sit esse labore magna ex laborum pariatur aute enim esse reprehenderit. Laborum nulla anim irure magna id esse laboris. Excepteur amet voluptate voluptate reprehenderit ad cillum do esse cillum est aliqua cillum tempor ex.', '2020-04-03 11:04:07', 'https://via.placeholder.com/400/', 'https://via.placeholder.com/100/888/fff/?text=ICON'),
(133, 9, 37.76589, -122.462008, 'Non sunt aliqua non labore quis ea nisi et eu. Sit mollit velit laborum excepteur. Mollit cupidatat nulla nulla magna fugiat tempor ipsum officia est nulla.', '2020-05-05 03:47:15', 'https://via.placeholder.com/400/', 'https://via.placeholder.com/100/888/fff/?text=ICON'),
(134, 47, 37.77934, -122.474544, 'Culpa aliquip ad ipsum excepteur aute exercitation ut veniam tempor ea eiusmod in quis. Deserunt pariatur ea in voluptate cupidatat minim proident dolor sit sint. Anim Lorem adipisicing incididunt dolor et.', '2020-06-14 02:20:07', 'https://via.placeholder.com/400/', 'https://via.placeholder.com/100/888/fff/?text=ICON'),
(135, 2, 37.78373, -122.458656, 'Magna dolor qui anim incididunt enim minim cupidatat anim enim sit qui id eiusmod. Tempor Lorem tempor ut fugiat proident minim sunt labore eiusmod pariatur veniam dolore. Sunt officia ex ad dolor ipsum nulla nulla do amet est laborum non labore eu.', '2020-03-20 06:49:35', 'https://via.placeholder.com/400/', 'https://via.placeholder.com/100/888/fff/?text=ICON'),
(136, 32, 37.70432, -122.500824, 'Aliquip et esse Lorem ullamco aute. Velit deserunt laboris culpa velit dolor veniam sit cupidatat id. Sit eiusmod in nulla minim id.', '2020-06-15 04:30:16', 'https://via.placeholder.com/400/', 'https://via.placeholder.com/100/888/fff/?text=ICON'),
(137, 26, 37.69878, -122.414489, 'Eu fugiat et ea duis non. Esse ad veniam aliqua culpa laboris reprehenderit sint sunt amet nisi duis mollit. Fugiat aliqua commodo do proident eiusmod exercitation id adipisicing labore dolor duis occaecat laboris veniam.', '2020-07-18 09:12:11', 'https://via.placeholder.com/400/', 'https://via.placeholder.com/100/888/fff/?text=ICON'),
(138, 22, 37.79583, -122.442092, 'Ad sit voluptate in sint consequat anim. Sint nulla ea culpa incididunt ipsum culpa nisi. Cupidatat cupidatat consectetur consequat ut in aliqua amet laborum in est.', '2020-07-18 08:48:19', 'https://via.placeholder.com/400/', 'https://via.placeholder.com/100/888/fff/?text=ICON'),
(139, 11, 37.74439, -122.497569, 'Duis pariatur quis incididunt laborum laboris ut occaecat labore quis ipsum ipsum do. Et minim ea pariatur voluptate officia commodo. Velit veniam ullamco enim aliquip id minim fugiat deserunt nostrud magna.', '2020-07-04 04:13:02', 'https://via.placeholder.com/400/', 'https://via.placeholder.com/100/888/fff/?text=ICON'),
(140, 19, 37.74316, -122.436341, 'Ex velit qui sit do cillum adipisicing commodo laboris dolore nulla sunt sunt occaecat. Aliquip aute cupidatat velit ea aliquip in qui et tempor est voluptate consequat sit et. Ex incididunt incididunt ex labore proident officia consectetur.', '2020-03-16 08:36:28', 'https://via.placeholder.com/400/', 'https://via.placeholder.com/100/888/fff/?text=ICON'),
(141, 8, 37.71688, -122.445554, 'Ut ut ad cupidatat nostrud aute voluptate laborum incididunt velit deserunt sunt qui consectetur. Ad culpa est duis proident. Enim et minim cupidatat consectetur nisi.', '2020-03-11 04:33:18', 'https://via.placeholder.com/400/', 'https://via.placeholder.com/100/888/fff/?text=ICON');
INSERT INTO `track_locations` (`id`, `animal_id`, `lat`, `lng`, `description`, `date_create`, `photo`, `icon`) VALUES
(142, 6, 37.7243, -122.461888, 'Qui ut est commodo irure anim proident ea. Cillum esse deserunt incididunt consectetur esse dolor. Exercitation ex irure nisi ex quis do sunt nostrud consequat nostrud.', '2020-03-05 01:29:42', 'https://via.placeholder.com/400/', 'https://via.placeholder.com/100/888/fff/?text=ICON'),
(143, 34, 37.74849, -122.48864, 'Et sit aliquip minim ipsum pariatur elit proident voluptate magna anim. Dolore sunt eiusmod est voluptate proident velit labore est laboris. Cillum veniam dolor tempor exercitation occaecat culpa velit reprehenderit aute officia ipsum ut cillum.', '2020-04-25 11:54:50', 'https://via.placeholder.com/400/', 'https://via.placeholder.com/100/888/fff/?text=ICON'),
(144, 34, 37.7502, -122.475958, 'Consectetur pariatur qui laboris reprehenderit Lorem dolore sit anim est quis. In amet incididunt ullamco dolore quis aliquip. Non officia amet qui culpa eu officia laboris consectetur laboris et nisi reprehenderit aute do.', '2020-07-04 06:56:20', 'https://via.placeholder.com/400/', 'https://via.placeholder.com/100/888/fff/?text=ICON'),
(145, 33, 37.7805, -122.492427, 'Et duis laboris ullamco duis magna reprehenderit cillum. Adipisicing culpa culpa aliquip deserunt sit voluptate eu sunt nulla sunt tempor mollit ex. Nostrud irure pariatur aute enim fugiat ad nisi culpa commodo excepteur Lorem in proident.', '2020-03-06 02:32:06', 'https://via.placeholder.com/400/', 'https://via.placeholder.com/100/888/fff/?text=ICON'),
(146, 16, 37.78537, -122.420998, 'Ut aliqua aute ea velit labore. Ea adipisicing consectetur et amet sunt anim consectetur cupidatat eiusmod minim ea. Lorem tempor minim voluptate aliquip et velit ut ullamco irure.', '2020-02-01 09:56:58', 'https://via.placeholder.com/400/', 'https://via.placeholder.com/100/888/fff/?text=ICON'),
(147, 9, 37.79321, -122.410698, 'Enim in nulla occaecat aute nostrud. Exercitation aliqua id id ea do velit. Eiusmod aliqua magna incididunt nisi mollit ad non.', '2020-07-17 04:13:05', 'https://via.placeholder.com/400/', 'https://via.placeholder.com/100/888/fff/?text=ICON'),
(148, 14, 37.72002, -122.415293, 'Mollit occaecat eiusmod occaecat veniam in ullamco irure nostrud nisi incididunt exercitation mollit deserunt. Cupidatat Lorem ipsum ad cupidatat sint voluptate. Aute cillum aliqua tempor ex ea irure reprehenderit dolore.', '2020-07-20 03:21:26', 'https://via.placeholder.com/400/', 'https://via.placeholder.com/100/888/fff/?text=ICON'),
(149, 49, 37.70475, -122.484899, 'Fugiat ipsum elit deserunt eiusmod sit. Elit reprehenderit cupidatat voluptate incididunt reprehenderit velit ea deserunt. Minim cupidatat proident exercitation sit ullamco proident.', '2020-06-27 10:46:51', 'https://via.placeholder.com/400/', 'https://via.placeholder.com/100/888/fff/?text=ICON'),
(150, 44, 37.78475, -122.419785, 'Amet dolor id sit minim anim sit est ex mollit. Commodo ea irure commodo Lorem consectetur mollit ad. Incididunt voluptate proident consectetur consectetur pariatur.', '2020-05-24 09:42:01', 'https://via.placeholder.com/400/', 'https://via.placeholder.com/100/888/fff/?text=ICON');

-- --------------------------------------------------------

--
-- Table structure for table `track_users`
--

CREATE TABLE `track_users` (
  `id` int(11) NOT NULL,
  `name` varchar(64) NOT NULL,
  `username` varchar(64) NOT NULL,
  `email` varchar(128) NOT NULL,
  `password` varchar(32) NOT NULL,
  `date_create` datetime NOT NULL,
  `img` varchar(128) NOT NULL
) ENGINE=InnoDB DEFAULT CHARSET=utf8;

--
-- Dumping data for table `track_users`
--

INSERT INTO `track_users` (`id`, `name`, `username`, `email`, `password`, `date_create`, `img`) VALUES
(1, 'Petra Holmes', 'user1', 'user1@gmail.com', '1a1dc91c907325c69271ddf0c944bc72', '2020-01-18 01:06:26', 'https://via.placeholder.com/400/847/fff/?text=user1'),
(2, 'Church Woods', 'user2', 'user2@gmail.com', '1a1dc91c907325c69271ddf0c944bc72', '2020-01-07 09:05:49', 'https://via.placeholder.com/400/750/fff/?text=user2'),
(3, 'Lakisha Perkins', 'user3', 'user3@gmail.com', '1a1dc91c907325c69271ddf0c944bc72', '2020-06-09 02:09:36', 'https://via.placeholder.com/400/817/fff/?text=user3'),
(4, 'Alisa Scott', 'user4', 'user4@gmail.com', '1a1dc91c907325c69271ddf0c944bc72', '2020-05-01 11:07:17', 'https://via.placeholder.com/400/842/fff/?text=user4'),
(5, 'Lelia Slater', 'user5', 'user5@gmail.com', '1a1dc91c907325c69271ddf0c944bc72', '2020-04-24 09:20:22', 'https://via.placeholder.com/400/926/fff/?text=user5'),
(6, 'Catherine Lindsay', 'user6', 'user6@gmail.com', '1a1dc91c907325c69271ddf0c944bc72', '2020-06-23 03:48:22', 'https://via.placeholder.com/400/895/fff/?text=user6'),
(7, 'Latisha Tran', 'user7', 'user7@gmail.com', '1a1dc91c907325c69271ddf0c944bc72', '2020-06-11 11:50:46', 'https://via.placeholder.com/400/732/fff/?text=user7'),
(8, 'Catalina Mcgee', 'user8', 'user8@gmail.com', '1a1dc91c907325c69271ddf0c944bc72', '2020-02-15 06:36:39', 'https://via.placeholder.com/400/927/fff/?text=user8'),
(9, 'Spencer Wade', 'user9', 'user9@gmail.com', '1a1dc91c907325c69271ddf0c944bc72', '2020-01-15 08:10:29', 'https://via.placeholder.com/400/919/fff/?text=user9'),
(10, 'Deena Grant', 'user10', 'user10@gmail.com', '1a1dc91c907325c69271ddf0c944bc72', '2020-05-23 04:44:21', 'https://via.placeholder.com/400/996/fff/?text=user10');

--
-- Indexes for dumped tables
--

--
-- Indexes for table `track_animals`
--
ALTER TABLE `track_animals`
  ADD PRIMARY KEY (`id`);

--
-- Indexes for table `track_locations`
--
ALTER TABLE `track_locations`
  ADD PRIMARY KEY (`id`);

--
-- Indexes for table `track_users`
--
ALTER TABLE `track_users`
  ADD PRIMARY KEY (`id`);

--
-- AUTO_INCREMENT for dumped tables
--

--
-- AUTO_INCREMENT for table `track_animals`
--
ALTER TABLE `track_animals`
  MODIFY `id` int(11) NOT NULL AUTO_INCREMENT, AUTO_INCREMENT=51;

--
-- AUTO_INCREMENT for table `track_locations`
--
ALTER TABLE `track_locations`
  MODIFY `id` int(11) NOT NULL AUTO_INCREMENT, AUTO_INCREMENT=151;

--
-- AUTO_INCREMENT for table `track_users`
--
ALTER TABLE `track_users`
  MODIFY `id` int(11) NOT NULL AUTO_INCREMENT, AUTO_INCREMENT=11;
COMMIT;

/*!40101 SET CHARACTER_SET_CLIENT=@OLD_CHARACTER_SET_CLIENT */;
/*!40101 SET CHARACTER_SET_RESULTS=@OLD_CHARACTER_SET_RESULTS */;
/*!40101 SET COLLATION_CONNECTION=@OLD_COLLATION_CONNECTION */;
