-- phpMyAdmin SQL Dump
-- version 4.8.3
-- https://www.phpmyadmin.net/
--
-- Host: localhost:3306
-- Generation Time: Jul 18, 2020 at 02:56 PM
-- Server version: 5.6.47-cll-lve
-- PHP Version: 7.2.7

SET SQL_MODE = "NO_AUTO_VALUE_ON_ZERO";
SET AUTOCOMMIT = 0;
START TRANSACTION;
SET time_zone = "+00:00";


/*!40101 SET @OLD_CHARACTER_SET_CLIENT=@@CHARACTER_SET_CLIENT */;
/*!40101 SET @OLD_CHARACTER_SET_RESULTS=@@CHARACTER_SET_RESULTS */;
/*!40101 SET @OLD_COLLATION_CONNECTION=@@COLLATION_CONNECTION */;
/*!40101 SET NAMES utf8mb4 */;

--
-- Database: `aau_wnm617`
--

-- --------------------------------------------------------

--
-- Table structure for table `track_food`
--

CREATE TABLE `track_food` (
  `id` int(11) NOT NULL,
  `user_id` int(11) NOT NULL,
  `name` varchar(64) DEFAULT NULL,
  `cuisine` varchar(64) DEFAULT NULL,
  `restaurant` varchar(64) DEFAULT NULL,
  `description` text,
  `date_create` datetime DEFAULT NULL,
  `img` varchar(256) DEFAULT NULL
) ENGINE=MyISAM DEFAULT CHARSET=latin1;

--
-- Dumping data for table `track_food`
--

INSERT INTO `track_food` (`id`, `user_id`, `name`, `cuisine`, `restaurant`, `description`, `date_create`, `img`) VALUES
(1, 3, 'Imkan', 'Korean', 'Jang Soo BBQ', 'Veniam officia voluptate fugiat veniam aliquip qui dolore id nisi. Dolor ipsum laboris commodo deserunt laborum laborum deserunt irure cillum ullamco dolor. Laborum do consequat aute ex ullamco adipisicing eu labore commodo dolore ex eiusmod.', '2020-02-18 06:23:28', 'https://via.placeholder.com/400/799/fff/?text=Imkan'),
(2, 5, 'Surelogic', 'Chinese', 'Chili House', 'Tempor magna culpa aute elit proident nisi nostrud excepteur officia ad est. Nostrud nostrud esse eiusmod veniam ex sint velit occaecat ea. Veniam aute deserunt anim aute ut amet magna.', '2020-03-31 03:58:12', 'https://via.placeholder.com/400/835/fff/?text=Surelogic'),
(3, 7, 'Digigene', 'Korean', 'Jang Soo BBQ', 'Ut nulla nisi ut id officia Lorem veniam minim. Consequat fugiat excepteur dolor ipsum eu. Enim eu id esse quis duis laboris ipsum exercitation irure aliqua officia magna Lorem proident.', '2020-03-13 02:56:54', 'https://via.placeholder.com/400/745/fff/?text=Digigene'),
(4, 7, 'Solaren', 'American', 'Roam Artisan Burgers', 'Non ex culpa velit duis irure sint anim excepteur in ad et laborum. Pariatur esse aute est laboris eu qui consequat velit ea. Do anim consequat fugiat duis.', '2020-01-24 07:38:17', 'https://via.placeholder.com/400/766/fff/?text=Solaren'),
(5, 9, 'Multron', 'Korean', 'Jang Soo BBQ', 'Anim ex dolor culpa ea minim esse tempor laboris nisi excepteur nisi id. Voluptate proident tempor cillum quis eiusmod. Commodo consectetur Lorem aute mollit.', '2020-01-31 09:57:26', 'https://via.placeholder.com/400/895/fff/?text=Multron'),
(6, 1, 'Animalia', 'Chinese', 'Chili House', 'Eiusmod sit eiusmod nisi amet pariatur ad labore anim. Excepteur labore exercitation ipsum deserunt reprehenderit aliqua deserunt occaecat exercitation irure aute id. Cillum laborum eiusmod reprehenderit id occaecat esse ut aliqua adipisicing amet ullamco velit commodo laboris.', '2020-04-04 11:59:50', 'https://via.placeholder.com/400/747/fff/?text=Animalia'),
(7, 2, 'Temorak', 'American', 'Roam Artisan Burgers', 'Aliqua laboris velit sit adipisicing proident veniam ex magna pariatur Lorem esse aliqua eu consectetur. Quis nostrud voluptate nostrud voluptate magna eu proident ullamco culpa consectetur aliqua aute nostrud irure. Proident ex labore eu commodo laboris cupidatat adipisicing minim.', '2020-05-02 02:46:05', 'https://via.placeholder.com/400/882/fff/?text=Temorak'),
(8, 2, 'Steelfab', 'American', 'Alexander\'s Steakhouse', 'Nulla voluptate ad et amet magna laboris laboris irure cillum ullamco occaecat. Minim excepteur dolor eiusmod deserunt fugiat reprehenderit veniam. Mollit do dolore non magna irure sunt incididunt mollit fugiat do.', '2020-06-07 02:38:59', 'https://via.placeholder.com/400/995/fff/?text=Steelfab'),
(9, 6, 'Syntac', 'American', 'Roam Artisan Burgers', 'Tempor nisi ut sunt do consequat officia et. Laborum consequat officia voluptate sunt ad dolor aliquip. Consequat ad occaecat ipsum magna.', '2020-04-21 04:33:22', 'https://via.placeholder.com/400/887/fff/?text=Syntac'),
(10, 8, 'Zentime', 'Chinese', 'Chili House', 'Ex irure Lorem enim cillum proident incididunt commodo non culpa fugiat deserunt velit qui. Est cupidatat tempor cillum pariatur ullamco cupidatat pariatur. Nostrud anim dolor et mollit sunt ex cillum exercitation commodo.', '2020-02-12 03:45:38', 'https://via.placeholder.com/400/870/fff/?text=Zentime'),
(11, 2, 'Snowpoke', 'Chinese', 'Chili House', 'Laborum aliqua culpa eiusmod labore irure deserunt occaecat dolor officia laboris est cupidatat. Magna veniam aliquip dolor non reprehenderit exercitation Lorem. Proident excepteur nulla id magna consectetur ut.', '2020-03-12 11:05:59', 'https://via.placeholder.com/400/876/fff/?text=Snowpoke'),
(12, 6, 'Jamnation', 'Korean', 'Jang Soo BBQ', 'Nisi cupidatat anim fugiat ut cupidatat proident non proident proident in. Et magna irure ipsum in voluptate proident deserunt aliqua consequat. Enim laboris enim minim ea.', '2020-07-02 04:30:09', 'https://via.placeholder.com/400/975/fff/?text=Jamnation'),
(13, 3, 'Hawkster', 'Korean', 'Jang Soo BBQ', 'Eiusmod laborum sit exercitation laboris consectetur aute velit exercitation. Cupidatat sit fugiat ad Lorem velit veniam pariatur. Aute ea irure qui est minim deserunt labore.', '2020-07-11 12:36:03', 'https://via.placeholder.com/400/778/fff/?text=Hawkster'),
(14, 9, 'Pyramia', 'Korean', 'My Tofu House', 'Exercitation reprehenderit sit proident pariatur. Incididunt enim quis pariatur ut magna excepteur do ut incididunt dolore voluptate pariatur reprehenderit. Ipsum duis incididunt Lorem commodo quis velit esse aliqua.', '2020-01-10 12:49:59', 'https://via.placeholder.com/400/886/fff/?text=Pyramia'),
(15, 6, 'Brainclip', 'Korean', 'My Tofu House', 'In nostrud excepteur id do eu do et fugiat ad sint eu esse. Cupidatat do ex laboris cillum et qui deserunt anim irure Lorem nisi sunt. Pariatur non id nisi occaecat laboris quis officia do.', '2020-06-20 11:55:01', 'https://via.placeholder.com/400/934/fff/?text=Brainclip'),
(16, 5, 'Idetica', 'American', 'Roam Artisan Burgers', 'Reprehenderit sit sint est mollit adipisicing. Pariatur reprehenderit quis tempor nisi consequat adipisicing proident minim. Aute voluptate do est proident voluptate nostrud cillum deserunt magna sint culpa.', '2020-01-17 11:04:38', 'https://via.placeholder.com/400/723/fff/?text=Idetica'),
(17, 3, 'Gology', 'Chinese', 'Old Roof', 'Commodo elit aute sint commodo ex sit mollit anim minim id labore. Ullamco fugiat do dolor proident non culpa proident do ullamco ut tempor pariatur. Amet tempor occaecat aute ex mollit cillum velit sint adipisicing exercitation culpa quis irure elit.', '2020-02-29 12:37:34', 'https://via.placeholder.com/400/879/fff/?text=Gology'),
(18, 8, 'Kenegy', 'Chinese', 'Chili House', 'Labore in sint fugiat qui qui Lorem non officia eu ullamco. Laboris est amet consequat aliqua nostrud fugiat. Voluptate exercitation magna enim occaecat dolore culpa nulla officia.', '2020-02-16 09:47:08', 'https://via.placeholder.com/400/820/fff/?text=Kenegy'),
(19, 1, 'Candecor', 'Korean', 'Jang Soo BBQ', 'Dolor Lorem culpa cillum et esse. Non dolore quis aliqua non ex nostrud non minim. Deserunt sit eu aliquip aliqua velit.', '2020-06-12 11:26:26', 'https://via.placeholder.com/400/902/fff/?text=Candecor'),
(20, 3, 'Liquidoc', 'American', 'Alexander\'s Steakhouse', 'Officia et esse reprehenderit voluptate elit veniam tempor consectetur anim in. Ullamco sint non in do aliqua excepteur anim. Sit officia ut deserunt consequat quis adipisicing sint dolor in quis.', '2020-04-13 03:14:21', 'https://via.placeholder.com/400/819/fff/?text=Liquidoc'),
(21, 3, 'Qiao', 'Korean', 'My Tofu House', 'Voluptate incididunt amet eu proident ad tempor dolore sunt. Sint adipisicing nisi do ipsum labore est aute nostrud. Labore culpa aliqua aliqua occaecat ut irure amet officia eiusmod anim.', '2020-06-09 09:31:08', 'https://via.placeholder.com/400/965/fff/?text=Qiao'),
(22, 10, 'Visualix', 'Korean', 'My Tofu House', 'Commodo culpa ut duis occaecat excepteur minim commodo nostrud ut magna elit fugiat sint. Dolore enim id dolor cupidatat ea ullamco commodo pariatur magna excepteur adipisicing reprehenderit ad. Amet elit tempor aute nulla incididunt esse magna sint aute labore ipsum esse ullamco ea.', '2020-05-11 09:21:27', 'https://via.placeholder.com/400/827/fff/?text=Visualix'),
(23, 7, 'Zillacon', 'Korean', 'Jang Soo BBQ', 'Culpa consequat nostrud officia in aliqua nisi esse quis ut Lorem Lorem duis sit. Ex reprehenderit occaecat do cupidatat. Lorem qui voluptate nostrud eu sint eiusmod dolore eu dolore reprehenderit pariatur consectetur occaecat.', '2020-03-09 07:24:56', 'https://via.placeholder.com/400/841/fff/?text=Zillacon'),
(24, 4, 'Comtest', 'American', 'Alexander\'s Steakhouse', 'Sit qui mollit proident labore. Eiusmod laboris deserunt do consectetur aliquip commodo proident velit. Ex qui eu exercitation culpa aliqua ipsum id cupidatat tempor.', '2020-06-27 12:21:59', 'https://via.placeholder.com/400/773/fff/?text=Comtest'),
(25, 7, 'Kegular', 'Korean', 'Jang Soo BBQ', 'Cupidatat pariatur nisi consequat cillum. Consectetur velit dolore duis irure in commodo sint. Aliquip in sit ipsum sunt in consequat culpa aliqua quis ex veniam elit ea.', '2020-06-17 06:17:35', 'https://via.placeholder.com/400/933/fff/?text=Kegular'),
(26, 6, 'Xleen', 'Chinese', 'Chili House', 'Sit dolore cupidatat amet in enim voluptate nostrud tempor officia do. Reprehenderit tempor est labore in consequat minim proident commodo exercitation. Veniam reprehenderit sint eu sunt nulla in labore excepteur commodo dolore id velit.', '2020-02-02 02:16:11', 'https://via.placeholder.com/400/848/fff/?text=Xleen'),
(27, 1, 'Bedlam', 'American', 'Roam Artisan Burgers', 'Dolore proident et officia ea et qui sit ullamco elit id consequat. Ex nulla nulla nisi sit cillum. Est sint sit sint Lorem ad deserunt sunt fugiat enim aute.', '2020-07-16 02:42:23', 'https://via.placeholder.com/400/909/fff/?text=Bedlam'),
(28, 6, 'Signity', 'American', 'Alexander\'s Steakhouse', 'Officia sunt sunt deserunt sit mollit mollit nisi ad quis dolore consequat. Nostrud non enim fugiat laboris veniam aliquip deserunt nulla est. Minim cillum laborum ullamco laborum sit qui.', '2020-07-03 11:55:38', 'https://via.placeholder.com/400/725/fff/?text=Signity'),
(29, 9, 'Sequitur', 'Korean', 'Jang Soo BBQ', 'Incididunt ipsum aute ex aliqua minim occaecat reprehenderit anim. Veniam minim nulla labore nisi elit nisi enim minim Lorem. Occaecat dolor incididunt magna eu exercitation enim ad.', '2020-03-20 04:56:22', 'https://via.placeholder.com/400/751/fff/?text=Sequitur'),
(30, 9, 'Ultrasure', 'Chinese', 'Chili House', 'Qui reprehenderit sunt enim pariatur adipisicing non commodo ipsum ea tempor laborum. Adipisicing laboris occaecat nisi minim laborum fugiat mollit sit aliqua elit nulla magna exercitation. Excepteur id laborum veniam ut ad Lorem id.', '2020-06-30 11:46:28', 'https://via.placeholder.com/400/771/fff/?text=Ultrasure'),
(31, 9, 'Paragonia', 'Korean', 'Jang Soo BBQ', 'Cupidatat duis dolor incididunt pariatur enim ut. Eu ea voluptate laboris cupidatat velit irure consequat. Incididunt non veniam proident minim quis fugiat minim magna ad deserunt.', '2020-03-16 06:28:36', 'https://via.placeholder.com/400/861/fff/?text=Paragonia'),
(32, 1, 'Orbean', 'Chinese', 'Old Roof', 'Fugiat qui minim laboris aute enim. Enim ipsum qui irure aliquip tempor sint incididunt Lorem deserunt labore. Amet cupidatat ut eiusmod et minim ad laboris deserunt dolore veniam occaecat.', '2020-04-23 08:03:41', 'https://via.placeholder.com/400/853/fff/?text=Orbean'),
(33, 4, 'Quiltigen', 'Korean', 'Jang Soo BBQ', 'Ut aliqua mollit ea sunt sunt. Laboris in proident aliqua ex labore. Non sunt nulla commodo quis eu consectetur.', '2020-06-02 01:35:32', 'https://via.placeholder.com/400/924/fff/?text=Quiltigen'),
(34, 9, 'Quinex', 'Chinese', 'Chili House', 'Exercitation adipisicing quis duis do exercitation ex nisi. Esse nisi deserunt dolor exercitation laboris et consectetur eiusmod ipsum occaecat in veniam nisi. Non occaecat est commodo excepteur.', '2020-07-02 12:16:38', 'https://via.placeholder.com/400/732/fff/?text=Quinex'),
(35, 9, 'Exodoc', 'Korean', 'Jang Soo BBQ', 'Commodo consectetur elit pariatur sunt magna adipisicing dolore velit aliquip aliqua mollit minim voluptate. Ea ad consectetur est laboris. Esse ex veniam in aliqua nisi aliquip quis quis ipsum.', '2020-04-18 09:04:32', 'https://via.placeholder.com/400/770/fff/?text=Exodoc'),
(36, 4, 'Geekko', 'Korean', 'Jang Soo BBQ', 'Labore cillum reprehenderit duis qui. Consequat excepteur magna non quis ex aute consectetur. Ut ex nisi nisi sint magna minim excepteur esse fugiat et duis qui laboris commodo.', '2020-07-07 01:32:00', 'https://via.placeholder.com/400/976/fff/?text=Geekko'),
(37, 10, 'Progenex', 'Chinese', 'Chili House', 'In sint non aute do tempor. Adipisicing sint in exercitation mollit incididunt eu anim est voluptate aliqua. Elit labore excepteur id labore sit ullamco.', '2020-03-12 02:02:28', 'https://via.placeholder.com/400/708/fff/?text=Progenex'),
(38, 8, 'Billmed', 'Korean', 'My Tofu House', 'Ex voluptate irure incididunt enim sint laboris officia cupidatat dolor officia adipisicing veniam. Duis eu excepteur ut in. Culpa adipisicing officia commodo sit duis nulla ut ullamco voluptate fugiat duis ullamco cupidatat excepteur.', '2020-03-23 01:24:53', 'https://via.placeholder.com/400/797/fff/?text=Billmed'),
(39, 8, 'Techade', 'American', 'Roam Artisan Burgers', 'Laborum nostrud in tempor anim. Quis laboris id reprehenderit duis excepteur fugiat incididunt velit. Tempor nisi excepteur nisi ad ad nostrud deserunt ut elit do pariatur minim esse ex.', '2020-03-18 07:28:40', 'https://via.placeholder.com/400/865/fff/?text=Techade'),
(40, 3, 'Exiand', 'American', 'Alexander\'s Steakhouse', 'Aliquip amet anim voluptate excepteur anim Lorem nisi. Ad ullamco dolor dolore in proident Lorem velit occaecat mollit do in nostrud. Tempor laborum excepteur consequat sint sint reprehenderit elit minim culpa.', '2020-03-03 10:24:31', 'https://via.placeholder.com/400/945/fff/?text=Exiand'),
(41, 6, 'Voratak', 'American', 'Alexander\'s Steakhouse', 'Aliquip aute cupidatat nisi occaecat non qui qui in eiusmod duis eiusmod culpa. Ea in est voluptate non labore sint Lorem sint cillum elit. Cillum aliquip consequat voluptate proident minim Lorem sunt sint magna laborum tempor qui nulla velit.', '2020-05-04 07:03:27', 'https://via.placeholder.com/400/833/fff/?text=Voratak'),
(42, 5, 'Plasto', 'Chinese', 'Old Roof', 'Occaecat voluptate labore voluptate voluptate consequat ipsum eu Lorem laboris et. Nulla consectetur est ullamco sint laboris nostrud. Ipsum eu qui eiusmod enim ea non in ullamco magna sit enim veniam.', '2020-01-04 01:22:36', 'https://via.placeholder.com/400/864/fff/?text=Plasto'),
(43, 5, 'Dognost', 'Chinese', 'Old Roof', 'Nulla ipsum nulla est duis amet laboris ullamco qui minim eiusmod. Ut reprehenderit esse cupidatat ad occaecat quis est nostrud tempor nostrud. Ex eiusmod culpa commodo proident cillum esse sunt occaecat consectetur ea nulla dolore.', '2020-02-26 01:46:50', 'https://via.placeholder.com/400/720/fff/?text=Dognost'),
(44, 3, 'Zuvy', 'Korean', 'My Tofu House', 'Irure cillum sunt magna voluptate id nisi fugiat consectetur consequat fugiat. Proident voluptate in ullamco excepteur in sint sit labore tempor officia. Sit duis incididunt nulla consectetur ea in sit sit et enim cillum ad.', '2020-06-15 06:18:23', 'https://via.placeholder.com/400/979/fff/?text=Zuvy'),
(45, 4, 'Octocore', 'Chinese', 'Chili House', 'Cupidatat sunt culpa quis cupidatat elit. Laboris officia amet excepteur excepteur. Duis pariatur irure consequat pariatur eu ullamco proident sunt.', '2020-04-13 09:24:54', 'https://via.placeholder.com/400/879/fff/?text=Octocore'),
(46, 10, 'Eplode', 'Korean', 'My Tofu House', 'Sit ea Lorem sint commodo. Officia id eiusmod dolor eu aliquip sit consequat in veniam aliqua magna eiusmod minim irure. Qui amet esse exercitation eu veniam Lorem.', '2020-01-20 10:22:29', 'https://via.placeholder.com/400/814/fff/?text=Eplode'),
(47, 9, 'Retrack', 'American', 'Alexander\'s Steakhouse', 'Aliquip officia labore laboris anim velit ipsum in eiusmod ea veniam fugiat. Qui laborum nisi do aliqua dolore consequat duis occaecat aute. Ex exercitation labore ad nostrud esse.', '2020-02-26 08:13:58', 'https://via.placeholder.com/400/805/fff/?text=Retrack'),
(48, 5, 'Deviltoe', 'American', 'Alexander\'s Steakhouse', 'Exercitation exercitation pariatur eiusmod laboris nulla deserunt esse. Cupidatat anim aute id nostrud labore magna cillum sit quis veniam irure. Pariatur eu deserunt nulla minim eu irure laborum ex.', '2020-03-24 11:31:00', 'https://via.placeholder.com/400/966/fff/?text=Deviltoe'),
(49, 10, 'Dyno', 'Korean', 'My Tofu House', 'Anim incididunt incididunt adipisicing duis elit veniam amet. Proident ex irure consectetur sint nulla anim tempor qui sint. Laboris culpa quis ut consequat deserunt non consequat exercitation anim ipsum.', '2020-03-16 01:09:21', 'https://via.placeholder.com/400/801/fff/?text=Dyno'),
(50, 4, 'Avit', 'Korean', 'Jang Soo BBQ', 'Dolore sit velit duis cillum sint veniam incididunt ullamco enim excepteur nulla mollit. Duis dolor occaecat reprehenderit deserunt dolore dolore duis minim irure. Sit ad nulla excepteur amet non non cupidatat cillum ex et voluptate.', '2020-06-17 02:01:50', 'https://via.placeholder.com/400/804/fff/?text=Avit');

-- --------------------------------------------------------

--
-- Table structure for table `track_locations`
--

CREATE TABLE `track_locations` (
  `id` int(11) NOT NULL,
  `food_id` int(11) NOT NULL,
  `lat` double NOT NULL,
  `lng` double NOT NULL,
  `description` text NOT NULL,
  `date_create` datetime NOT NULL,
  `photo` varchar(256) NOT NULL,
  `icon` varchar(256) NOT NULL
) ENGINE=MyISAM DEFAULT CHARSET=latin1;

--
-- Dumping data for table `track_locations`
--

INSERT INTO `track_locations` (`id`, `food_id`, `lat`, `lng`, `description`, `date_create`, `photo`, `icon`) VALUES
(1, 16, 37.74558, -122.403952, 'Culpa ea laboris ad dolor. Laborum aliquip excepteur ullamco nostrud mollit non quis elit non ut cupidatat ad dolor ad. Amet ad est et Lorem.', '2020-07-15 02:11:02', 'https://via.placeholder.com/400/', 'https://via.placeholder.com/100/888/fff/?text=ICON'),
(2, 11, 37.79061, -122.40848, 'Reprehenderit sunt eiusmod officia do ut magna pariatur Lorem. Adipisicing ad duis sit ut anim. Eiusmod pariatur id non nostrud deserunt eu in laboris.', '2020-06-28 04:23:52', 'https://via.placeholder.com/400/', 'https://via.placeholder.com/100/888/fff/?text=ICON'),
(3, 18, 37.70573, -122.396901, 'Reprehenderit ea laborum do tempor occaecat velit consectetur laboris fugiat sit dolor consectetur nulla. Labore nulla amet esse do velit voluptate deserunt pariatur elit reprehenderit. Magna cupidatat commodo fugiat consectetur.', '2020-07-02 02:46:27', 'https://via.placeholder.com/400/', 'https://via.placeholder.com/100/888/fff/?text=ICON'),
(4, 2, 37.74345, -122.4978, 'Ea adipisicing aute commodo incididunt voluptate eiusmod et fugiat eu tempor pariatur. Deserunt in incididunt sit proident occaecat laboris est veniam fugiat reprehenderit culpa. Sit occaecat reprehenderit consequat proident.', '2020-04-09 07:43:11', 'https://via.placeholder.com/400/', 'https://via.placeholder.com/100/888/fff/?text=ICON'),
(5, 43, 37.79638, -122.497142, 'Id deserunt velit cillum occaecat occaecat minim nisi. Lorem eu in proident fugiat ut irure voluptate duis nostrud duis aute reprehenderit. Non non nostrud laborum anim.', '2020-02-18 12:44:57', 'https://via.placeholder.com/400/', 'https://via.placeholder.com/100/888/fff/?text=ICON'),
(6, 30, 37.76584, -122.478447, 'Reprehenderit consectetur anim occaecat ullamco aliqua ex ex laborum. Sint fugiat eiusmod excepteur reprehenderit aliqua veniam nisi exercitation elit nisi adipisicing adipisicing consequat consectetur. Fugiat minim culpa aliquip laborum.', '2020-04-27 02:24:37', 'https://via.placeholder.com/400/', 'https://via.placeholder.com/100/888/fff/?text=ICON'),
(7, 8, 37.70935, -122.452674, 'Nisi ullamco laboris ullamco ut. Laboris aliqua ut ea ullamco anim. Laborum sint qui aliqua mollit eu consequat laboris anim veniam deserunt ipsum consequat.', '2020-07-05 10:08:02', 'https://via.placeholder.com/400/', 'https://via.placeholder.com/100/888/fff/?text=ICON'),
(8, 18, 37.78693, -122.439925, 'Anim elit amet nulla do officia esse voluptate adipisicing consequat anim sunt. Esse deserunt nostrud incididunt eiusmod laboris amet commodo mollit anim et excepteur tempor. Fugiat pariatur irure consequat id irure irure mollit quis do sunt ut duis consequat do.', '2020-01-25 07:33:10', 'https://via.placeholder.com/400/', 'https://via.placeholder.com/100/888/fff/?text=ICON'),
(9, 8, 37.78962, -122.458665, 'Do laboris aliquip proident magna veniam Lorem. Anim Lorem adipisicing ex occaecat id duis veniam irure. Duis in velit sunt Lorem sunt enim et commodo laboris voluptate et qui.', '2020-06-18 10:33:40', 'https://via.placeholder.com/400/', 'https://via.placeholder.com/100/888/fff/?text=ICON'),
(10, 30, 37.74393, -122.402741, 'Ut Lorem enim sit consectetur sit fugiat sunt commodo veniam eu nostrud do eiusmod. Aute eu id veniam est ut dolor adipisicing ea anim. Adipisicing Lorem aliquip enim exercitation laborum mollit aliquip pariatur aute in minim consectetur nulla ad.', '2020-02-08 03:50:01', 'https://via.placeholder.com/400/', 'https://via.placeholder.com/100/888/fff/?text=ICON'),
(11, 18, 37.78045, -122.471913, 'Laborum sunt esse velit quis nostrud qui officia commodo consectetur. Fugiat minim nostrud velit qui. Laboris ex pariatur irure voluptate commodo Lorem Lorem ipsum fugiat.', '2020-05-25 07:56:55', 'https://via.placeholder.com/400/', 'https://via.placeholder.com/100/888/fff/?text=ICON'),
(12, 21, 37.76365, -122.494523, 'Duis culpa reprehenderit nostrud minim dolore ut deserunt. Elit eu excepteur sit et dolor do anim veniam veniam do. Consectetur reprehenderit ea elit laboris amet.', '2020-07-12 02:05:36', 'https://via.placeholder.com/400/', 'https://via.placeholder.com/100/888/fff/?text=ICON'),
(13, 32, 37.77536, -122.464265, 'Reprehenderit fugiat do quis reprehenderit eiusmod velit consectetur occaecat aliqua tempor mollit. Sit adipisicing magna commodo reprehenderit labore fugiat nulla qui. Fugiat et nisi aliquip commodo occaecat cillum dolore est eu minim cillum elit aliquip enim.', '2020-03-07 09:38:49', 'https://via.placeholder.com/400/', 'https://via.placeholder.com/100/888/fff/?text=ICON'),
(14, 48, 37.73909, -122.463477, 'Non sunt cillum amet do sint nisi eiusmod et quis id eu. Labore ad fugiat ut cillum irure. Non pariatur qui et cupidatat tempor in incididunt nulla et proident.', '2020-01-11 09:47:07', 'https://via.placeholder.com/400/', 'https://via.placeholder.com/100/888/fff/?text=ICON'),
(15, 26, 37.79639, -122.413278, 'Cupidatat ullamco aliqua labore qui cupidatat ea magna adipisicing exercitation deserunt occaecat. Laboris exercitation magna non quis quis magna Lorem. Consequat adipisicing aute in minim velit.', '2020-06-27 06:37:56', 'https://via.placeholder.com/400/', 'https://via.placeholder.com/100/888/fff/?text=ICON'),
(16, 2, 37.79015, -122.429812, 'Cillum ea cupidatat ex non magna dolore labore ex Lorem nisi ullamco et aliqua. Ullamco irure sunt consequat laborum. Officia adipisicing amet veniam irure eiusmod do eiusmod dolor consequat nulla.', '2020-06-28 06:58:05', 'https://via.placeholder.com/400/', 'https://via.placeholder.com/100/888/fff/?text=ICON'),
(17, 17, 37.69969, -122.422875, 'Consequat Lorem non sunt deserunt veniam consectetur. Commodo quis eiusmod in fugiat pariatur fugiat aliquip. Sit mollit labore qui ullamco deserunt ad sint.', '2020-05-31 07:46:17', 'https://via.placeholder.com/400/', 'https://via.placeholder.com/100/888/fff/?text=ICON'),
(18, 47, 37.73866, -122.406958, 'Et nulla minim commodo pariatur laborum eu in tempor fugiat. Ipsum nisi ea incididunt voluptate laborum dolor deserunt aliquip commodo est minim nostrud laborum. Sunt quis eiusmod eu cillum velit consequat cillum consectetur qui minim anim ex.', '2020-01-29 11:22:01', 'https://via.placeholder.com/400/', 'https://via.placeholder.com/100/888/fff/?text=ICON'),
(19, 26, 37.72656, -122.493524, 'Mollit sint consequat cupidatat eiusmod. Ex laborum minim officia consectetur occaecat aute. Ipsum elit id labore laborum reprehenderit in officia nulla ullamco.', '2020-03-29 08:52:23', 'https://via.placeholder.com/400/', 'https://via.placeholder.com/100/888/fff/?text=ICON'),
(20, 5, 37.73839, -122.425314, 'Sint ut ullamco consequat non eiusmod non consectetur consequat aliquip mollit proident minim duis amet. Ex aliquip id sint quis nisi aliquip. In in reprehenderit et officia officia non irure occaecat.', '2020-01-06 09:10:36', 'https://via.placeholder.com/400/', 'https://via.placeholder.com/100/888/fff/?text=ICON'),
(21, 11, 37.77372, -122.406194, 'Ad eu culpa aliquip occaecat labore. Aliqua ea reprehenderit velit laborum irure irure est culpa. Irure velit non magna est ea laborum anim adipisicing et nostrud.', '2020-04-06 10:24:57', 'https://via.placeholder.com/400/', 'https://via.placeholder.com/100/888/fff/?text=ICON'),
(22, 42, 37.78821, -122.414275, 'Mollit minim excepteur velit nulla fugiat elit quis. Eiusmod reprehenderit Lorem et eu dolore in laboris reprehenderit et Lorem. Mollit elit incididunt ea aliqua pariatur consectetur irure velit.', '2020-05-09 10:58:48', 'https://via.placeholder.com/400/', 'https://via.placeholder.com/100/888/fff/?text=ICON'),
(23, 35, 37.80012, -122.443982, 'Elit culpa ex exercitation Lorem cillum excepteur deserunt mollit sunt duis officia ullamco pariatur. Elit dolor id eiusmod magna excepteur exercitation velit dolor fugiat id exercitation eiusmod. Anim excepteur consequat ut anim.', '2020-06-28 07:58:41', 'https://via.placeholder.com/400/', 'https://via.placeholder.com/100/888/fff/?text=ICON'),
(24, 44, 37.70315, -122.399495, 'Laborum laborum et reprehenderit ea est irure eu esse magna sint et adipisicing. Cillum veniam proident esse irure aute mollit laborum non ullamco adipisicing ex. Eiusmod eiusmod velit veniam aute laborum ea cillum.', '2020-01-13 10:44:30', 'https://via.placeholder.com/400/', 'https://via.placeholder.com/100/888/fff/?text=ICON'),
(25, 20, 37.70506, -122.454184, 'Ut ea in aliquip ut adipisicing occaecat. Proident ullamco culpa proident officia excepteur enim enim ullamco duis reprehenderit consectetur ipsum pariatur exercitation. Nostrud nulla nulla quis qui officia consectetur nisi pariatur reprehenderit aute commodo ad mollit sunt.', '2020-06-18 06:32:52', 'https://via.placeholder.com/400/', 'https://via.placeholder.com/100/888/fff/?text=ICON'),
(26, 33, 37.76908, -122.464014, 'Quis voluptate ex velit duis reprehenderit adipisicing esse veniam exercitation et cillum est exercitation. Cupidatat in pariatur quis nostrud ea ullamco tempor mollit reprehenderit in veniam laborum. Ullamco est proident ipsum aliqua.', '2020-01-16 09:45:09', 'https://via.placeholder.com/400/', 'https://via.placeholder.com/100/888/fff/?text=ICON'),
(27, 12, 37.70011, -122.466094, 'Consequat ullamco sunt commodo sint ea anim ea enim. Id incididunt ipsum in cupidatat consectetur dolor aliqua reprehenderit sint ipsum magna aliquip culpa. Id nulla do occaecat incididunt minim nostrud laboris nisi excepteur veniam id nulla incididunt reprehenderit.', '2020-01-21 05:23:33', 'https://via.placeholder.com/400/', 'https://via.placeholder.com/100/888/fff/?text=ICON'),
(28, 49, 37.73452, -122.445402, 'Adipisicing excepteur officia cupidatat culpa nisi occaecat. Elit labore ullamco id exercitation id. Ut aute aliqua eiusmod adipisicing anim reprehenderit exercitation commodo tempor esse.', '2020-04-29 11:26:19', 'https://via.placeholder.com/400/', 'https://via.placeholder.com/100/888/fff/?text=ICON'),
(29, 2, 37.75695, -122.488244, 'Proident consectetur Lorem esse sint ea culpa nisi quis velit duis. Non aliqua ut culpa culpa qui culpa pariatur do minim commodo fugiat id. Quis velit labore et nulla ex.', '2020-03-28 03:34:11', 'https://via.placeholder.com/400/', 'https://via.placeholder.com/100/888/fff/?text=ICON'),
(30, 48, 37.79843, -122.410449, 'Non est dolore sit ipsum. Nostrud excepteur magna dolore adipisicing voluptate fugiat tempor sit qui. Mollit eiusmod labore deserunt anim occaecat enim.', '2020-01-11 06:53:00', 'https://via.placeholder.com/400/', 'https://via.placeholder.com/100/888/fff/?text=ICON'),
(31, 29, 37.76164, -122.430224, 'Velit ut deserunt nisi exercitation incididunt fugiat adipisicing occaecat sint magna voluptate mollit et. Qui irure occaecat deserunt cupidatat cupidatat incididunt cupidatat minim. Laborum cupidatat anim non duis cupidatat veniam voluptate.', '2020-05-04 12:25:40', 'https://via.placeholder.com/400/', 'https://via.placeholder.com/100/888/fff/?text=ICON'),
(32, 27, 37.70887, -122.447948, 'Exercitation magna id deserunt ex sit quis dolore eu dolore occaecat do sit consequat excepteur. Officia quis excepteur labore incididunt. Dolore amet do consequat aute aute laboris voluptate enim exercitation.', '2020-04-25 11:43:58', 'https://via.placeholder.com/400/', 'https://via.placeholder.com/100/888/fff/?text=ICON'),
(33, 26, 37.70984, -122.433561, 'Id nostrud anim fugiat nisi fugiat sint. Anim fugiat sit enim deserunt sint laborum ipsum nulla qui tempor irure Lorem officia. Incididunt incididunt nisi sint excepteur ea sit est ipsum id adipisicing irure.', '2020-07-13 09:12:36', 'https://via.placeholder.com/400/', 'https://via.placeholder.com/100/888/fff/?text=ICON'),
(34, 39, 37.76503, -122.418429, 'Excepteur non ad adipisicing et fugiat id voluptate. Aliquip voluptate et exercitation ad id nisi irure consequat duis culpa commodo fugiat. Labore tempor dolor pariatur aute laborum.', '2020-02-16 05:10:02', 'https://via.placeholder.com/400/', 'https://via.placeholder.com/100/888/fff/?text=ICON'),
(35, 7, 37.71536, -122.475997, 'Excepteur minim quis enim cupidatat dolore labore cillum occaecat id amet mollit anim. Amet id enim mollit est nostrud duis tempor veniam eu dolor do est enim. Sunt reprehenderit exercitation laboris aute cillum in non officia ullamco amet officia et nostrud exercitation.', '2020-06-30 01:45:11', 'https://via.placeholder.com/400/', 'https://via.placeholder.com/100/888/fff/?text=ICON'),
(36, 20, 37.74411, -122.432675, 'Elit dolor id consectetur sunt laborum culpa in labore enim Lorem. Sint aliqua eu ullamco adipisicing. Voluptate aute voluptate duis magna nulla magna.', '2020-05-25 12:50:26', 'https://via.placeholder.com/400/', 'https://via.placeholder.com/100/888/fff/?text=ICON'),
(37, 31, 37.78934, -122.474729, 'Magna nostrud excepteur voluptate aliqua ad id incididunt consequat duis mollit ut irure dolor. Ex irure quis sint laboris non culpa dolor. Irure minim labore nostrud eu exercitation adipisicing est irure velit.', '2020-03-07 01:18:47', 'https://via.placeholder.com/400/', 'https://via.placeholder.com/100/888/fff/?text=ICON'),
(38, 2, 37.72763, -122.454415, 'Incididunt mollit ut fugiat tempor cillum laborum commodo amet sit sunt elit et laboris. Reprehenderit ullamco ea sit Lorem et in mollit aliquip incididunt in incididunt ipsum ipsum. Esse culpa Lorem adipisicing pariatur eu.', '2020-04-21 02:07:15', 'https://via.placeholder.com/400/', 'https://via.placeholder.com/100/888/fff/?text=ICON'),
(39, 5, 37.78854, -122.489291, 'Anim velit elit in anim pariatur exercitation quis voluptate exercitation consequat elit. Ullamco duis aliqua elit esse labore anim qui. Aute ea velit deserunt aute tempor officia irure eiusmod ad labore sit laborum magna.', '2020-05-28 07:41:14', 'https://via.placeholder.com/400/', 'https://via.placeholder.com/100/888/fff/?text=ICON'),
(40, 8, 37.78746, -122.462899, 'Culpa cupidatat enim incididunt ea do reprehenderit qui in eu labore adipisicing. Cupidatat esse laboris consectetur consequat. Ullamco Lorem dolor ex amet do dolor eu Lorem dolor incididunt.', '2020-05-24 11:59:46', 'https://via.placeholder.com/400/', 'https://via.placeholder.com/100/888/fff/?text=ICON'),
(41, 16, 37.77186, -122.452582, 'Et excepteur laboris anim enim voluptate adipisicing labore nisi id et quis. Sit est velit sunt eu id non excepteur do cupidatat amet est elit ut. Proident tempor et et sunt veniam dolore.', '2020-02-27 09:09:11', 'https://via.placeholder.com/400/', 'https://via.placeholder.com/100/888/fff/?text=ICON'),
(42, 5, 37.77077, -122.436117, 'Magna aliqua eu laborum sint pariatur eu nulla consequat. Dolore adipisicing magna non adipisicing ullamco magna aliquip ea culpa nisi. Laborum qui amet pariatur aute magna non Lorem labore aliquip proident consequat esse in culpa.', '2020-01-04 06:07:49', 'https://via.placeholder.com/400/', 'https://via.placeholder.com/100/888/fff/?text=ICON'),
(43, 38, 37.76579, -122.491469, 'Amet in laborum ad incididunt laborum sunt culpa esse elit duis. Sint culpa laboris aliqua esse in cupidatat laborum veniam exercitation sint laborum exercitation. Aliquip do pariatur do culpa laborum Lorem magna elit commodo.', '2020-04-28 03:21:30', 'https://via.placeholder.com/400/', 'https://via.placeholder.com/100/888/fff/?text=ICON'),
(44, 21, 37.71722, -122.448488, 'Reprehenderit proident elit officia quis ad incididunt labore in. Ea tempor adipisicing excepteur officia. Id minim adipisicing aute enim occaecat tempor in ullamco culpa deserunt occaecat veniam nulla mollit.', '2020-05-21 03:37:36', 'https://via.placeholder.com/400/', 'https://via.placeholder.com/100/888/fff/?text=ICON'),
(45, 39, 37.74759, -122.459014, 'Tempor cillum ea labore sit consectetur do. Elit sit magna minim irure qui ut minim minim voluptate. Ipsum deserunt consequat laborum occaecat in consequat sint minim anim enim.', '2020-05-22 08:00:55', 'https://via.placeholder.com/400/', 'https://via.placeholder.com/100/888/fff/?text=ICON'),
(46, 18, 37.72772, -122.395632, 'Ipsum eu aliqua laboris eu. Nostrud excepteur qui aliquip est. Est ipsum adipisicing esse ad do adipisicing dolor quis dolor laboris laborum pariatur do.', '2020-04-22 07:35:07', 'https://via.placeholder.com/400/', 'https://via.placeholder.com/100/888/fff/?text=ICON'),
(47, 4, 37.75218, -122.484742, 'Nisi esse dolor proident occaecat mollit. Culpa eiusmod ipsum laboris dolore aliquip ad enim qui qui consectetur laborum occaecat aliqua. Culpa in sit officia labore veniam anim id id do consectetur nisi est.', '2020-01-20 11:41:28', 'https://via.placeholder.com/400/', 'https://via.placeholder.com/100/888/fff/?text=ICON'),
(48, 18, 37.73578, -122.424332, 'Deserunt nulla minim exercitation adipisicing ad. Duis duis pariatur elit excepteur veniam esse. Est dolor nisi aliqua proident id aliquip eiusmod.', '2020-01-17 04:08:49', 'https://via.placeholder.com/400/', 'https://via.placeholder.com/100/888/fff/?text=ICON'),
(49, 34, 37.788, -122.40954, 'Mollit quis commodo labore esse velit dolor dolore incididunt aute quis. Esse ea aliquip nisi veniam quis adipisicing ullamco qui exercitation esse incididunt commodo. Laborum elit ea ex proident culpa exercitation aliquip aliqua reprehenderit fugiat aliquip fugiat.', '2020-04-28 08:15:06', 'https://via.placeholder.com/400/', 'https://via.placeholder.com/100/888/fff/?text=ICON'),
(50, 5, 37.73811, -122.442391, 'Laborum et ipsum ex labore consectetur. Cupidatat mollit cillum anim occaecat esse irure pariatur cillum. Reprehenderit ut pariatur in aute dolore sit.', '2020-04-23 12:59:25', 'https://via.placeholder.com/400/', 'https://via.placeholder.com/100/888/fff/?text=ICON'),
(51, 38, 37.71027, -122.437605, 'Adipisicing ex sint nisi enim ea ex amet est. Lorem velit voluptate incididunt est ullamco in aliquip. Velit dolor nisi consequat cupidatat et ad velit tempor minim sint fugiat aliqua.', '2020-03-14 07:34:34', 'https://via.placeholder.com/400/', 'https://via.placeholder.com/100/888/fff/?text=ICON'),
(52, 49, 37.76862, -122.46274, 'Nisi dolor consectetur aute excepteur. Veniam aliqua cupidatat officia consectetur eu esse culpa. Lorem veniam nisi aliqua aute esse consectetur labore elit proident.', '2020-04-20 01:55:48', 'https://via.placeholder.com/400/', 'https://via.placeholder.com/100/888/fff/?text=ICON'),
(53, 21, 37.79095, -122.469288, 'Non aute amet nisi proident nisi proident aliqua culpa magna. Lorem reprehenderit voluptate cillum quis magna laborum do Lorem sint ipsum duis id. Officia dolore excepteur do eiusmod.', '2020-07-01 05:55:38', 'https://via.placeholder.com/400/', 'https://via.placeholder.com/100/888/fff/?text=ICON'),
(54, 42, 37.70113, -122.448105, 'Consequat qui et dolor sunt enim nostrud. Ullamco duis minim adipisicing ut officia do do. Qui sunt labore amet laboris.', '2020-02-20 04:28:55', 'https://via.placeholder.com/400/', 'https://via.placeholder.com/100/888/fff/?text=ICON'),
(55, 36, 37.70038, -122.407129, 'Magna do sint voluptate commodo exercitation nisi do laborum deserunt proident magna. Nisi pariatur sunt in nisi incididunt aliqua qui dolor. Ea eu esse aute pariatur ad aliquip nisi.', '2020-02-08 06:05:14', 'https://via.placeholder.com/400/', 'https://via.placeholder.com/100/888/fff/?text=ICON'),
(56, 34, 37.78973, -122.4665, 'Exercitation nulla id mollit labore eu consectetur occaecat consectetur cupidatat exercitation. Mollit eiusmod reprehenderit cupidatat incididunt veniam laboris id incididunt cupidatat eu. Laborum nostrud nostrud mollit irure amet consectetur adipisicing.', '2020-04-27 02:56:53', 'https://via.placeholder.com/400/', 'https://via.placeholder.com/100/888/fff/?text=ICON'),
(57, 36, 37.796, -122.427752, 'Deserunt qui esse exercitation qui irure nostrud consectetur nostrud occaecat non. Adipisicing sint aute mollit labore do. In elit quis laborum eu ipsum aute cillum proident velit culpa.', '2020-04-22 04:27:11', 'https://via.placeholder.com/400/', 'https://via.placeholder.com/100/888/fff/?text=ICON'),
(58, 10, 37.78126, -122.394917, 'Enim aliquip sunt nulla laborum magna labore exercitation. Enim in proident eu laborum laboris ullamco culpa id ad. Proident voluptate amet aliqua nostrud deserunt ad eu exercitation esse ut.', '2020-02-07 03:00:39', 'https://via.placeholder.com/400/', 'https://via.placeholder.com/100/888/fff/?text=ICON'),
(59, 10, 37.80025, -122.428612, 'Ullamco do incididunt anim cupidatat incididunt aliqua voluptate mollit velit ad occaecat. Ea et commodo cillum sunt laboris deserunt sunt elit ea aute exercitation. Commodo esse amet in qui adipisicing quis irure magna reprehenderit laboris commodo eiusmod proident.', '2020-02-22 07:08:14', 'https://via.placeholder.com/400/', 'https://via.placeholder.com/100/888/fff/?text=ICON'),
(60, 39, 37.70726, -122.481635, 'Velit id magna qui reprehenderit sint ad duis aute commodo pariatur ullamco. Incididunt cupidatat pariatur laboris ex non. Ad elit enim laboris cillum amet quis laborum proident commodo.', '2020-06-04 05:32:03', 'https://via.placeholder.com/400/', 'https://via.placeholder.com/100/888/fff/?text=ICON'),
(61, 27, 37.79008, -122.501408, 'Dolore anim elit cillum amet ex enim. Aliqua sit qui eiusmod laborum elit laborum eu occaecat aliqua voluptate incididunt et est. Sint esse dolor cillum sit.', '2020-01-09 06:02:23', 'https://via.placeholder.com/400/', 'https://via.placeholder.com/100/888/fff/?text=ICON'),
(62, 5, 37.78554, -122.399809, 'Dolor ipsum fugiat esse et commodo ea et cillum laboris. In quis ex dolor cillum veniam sint magna ipsum irure nisi duis. Pariatur ut nulla consequat culpa cillum.', '2020-05-04 04:00:26', 'https://via.placeholder.com/400/', 'https://via.placeholder.com/100/888/fff/?text=ICON'),
(63, 45, 37.76636, -122.392386, 'Lorem pariatur dolore commodo culpa sint eu aliquip irure duis. Enim Lorem culpa dolore excepteur anim laborum magna magna mollit nostrud adipisicing ad. Eu incididunt sint magna eu laborum aute qui aute proident.', '2020-01-11 10:44:34', 'https://via.placeholder.com/400/', 'https://via.placeholder.com/100/888/fff/?text=ICON'),
(64, 7, 37.74763, -122.490091, 'Non ullamco nostrud duis id incididunt aute. Pariatur do proident cillum dolore magna. Reprehenderit do amet do Lorem ut nisi anim consequat officia ipsum ea irure.', '2020-01-12 10:58:11', 'https://via.placeholder.com/400/', 'https://via.placeholder.com/100/888/fff/?text=ICON'),
(65, 12, 37.7465, -122.459761, 'Laborum anim ad ea elit ex voluptate commodo nulla qui. Occaecat ullamco cillum veniam sint deserunt do ipsum consequat magna exercitation. Exercitation ut cupidatat fugiat est culpa elit.', '2020-04-03 11:49:10', 'https://via.placeholder.com/400/', 'https://via.placeholder.com/100/888/fff/?text=ICON'),
(66, 27, 37.75585, -122.494417, 'Adipisicing eiusmod elit ut officia. Eu minim sit in sit amet. Eu anim officia ullamco qui dolor in nulla magna pariatur est.', '2020-02-01 02:55:54', 'https://via.placeholder.com/400/', 'https://via.placeholder.com/100/888/fff/?text=ICON'),
(67, 37, 37.72314, -122.45161, 'Adipisicing dolore sunt non tempor reprehenderit non dolor magna aute laboris minim Lorem sint cillum. Sint eiusmod dolore ipsum excepteur est occaecat esse mollit adipisicing tempor velit labore nulla eiusmod. Dolor sunt eiusmod veniam esse nulla incididunt veniam aliquip elit deserunt mollit tempor commodo sit.', '2020-05-04 04:30:28', 'https://via.placeholder.com/400/', 'https://via.placeholder.com/100/888/fff/?text=ICON'),
(68, 22, 37.79446, -122.492797, 'Magna proident commodo deserunt dolor eiusmod enim. Id labore non minim cupidatat et ullamco qui amet deserunt non Lorem. Amet laborum veniam non minim elit.', '2020-05-16 03:58:54', 'https://via.placeholder.com/400/', 'https://via.placeholder.com/100/888/fff/?text=ICON'),
(69, 13, 37.73571, -122.431597, 'Qui non exercitation tempor duis aliqua sint. Cupidatat nisi consequat consectetur ipsum quis sit labore in officia mollit proident incididunt reprehenderit officia. In reprehenderit aliqua incididunt eu ea aute proident.', '2020-03-09 02:26:39', 'https://via.placeholder.com/400/', 'https://via.placeholder.com/100/888/fff/?text=ICON'),
(70, 42, 37.77349, -122.425505, 'Cillum quis id exercitation adipisicing dolor Lorem esse laboris. Ex labore nostrud laborum proident ullamco ea nostrud sint nulla est ut sit. Officia adipisicing amet cillum nulla.', '2020-03-15 12:12:17', 'https://via.placeholder.com/400/', 'https://via.placeholder.com/100/888/fff/?text=ICON'),
(71, 5, 37.7336, -122.419166, 'Do magna dolor do aliquip incididunt. Exercitation nulla laboris velit sint eu enim ex incididunt veniam tempor excepteur velit et. Elit est magna magna excepteur tempor Lorem ea eu labore ipsum nisi.', '2020-06-21 09:42:23', 'https://via.placeholder.com/400/', 'https://via.placeholder.com/100/888/fff/?text=ICON'),
(72, 7, 37.78505, -122.43076, 'Ad aute dolore Lorem esse. Dolore cupidatat cillum est dolor voluptate eiusmod sunt pariatur. Enim culpa consectetur in eiusmod est mollit deserunt culpa.', '2020-01-11 12:29:34', 'https://via.placeholder.com/400/', 'https://via.placeholder.com/100/888/fff/?text=ICON'),
(73, 19, 37.71638, -122.400773, 'Sit sint ut minim sit in. Veniam qui reprehenderit consequat aute veniam incididunt excepteur ullamco labore exercitation minim sit. Anim consequat ut et mollit minim eiusmod non incididunt.', '2020-06-02 06:26:25', 'https://via.placeholder.com/400/', 'https://via.placeholder.com/100/888/fff/?text=ICON'),
(74, 8, 37.78259, -122.405732, 'Mollit in est id voluptate non. Irure ad minim magna incididunt magna eiusmod exercitation. Proident ex ex cupidatat velit.', '2020-04-24 03:24:10', 'https://via.placeholder.com/400/', 'https://via.placeholder.com/100/888/fff/?text=ICON'),
(75, 37, 37.78326, -122.459521, 'Do et elit aute exercitation. Amet mollit incididunt ea eu incididunt sint excepteur. Cillum qui pariatur ullamco esse ad pariatur eu ipsum velit aute reprehenderit consequat ad eiusmod.', '2020-02-05 04:20:12', 'https://via.placeholder.com/400/', 'https://via.placeholder.com/100/888/fff/?text=ICON'),
(76, 19, 37.70133, -122.413923, 'Commodo tempor aliquip ad deserunt. Esse reprehenderit dolor fugiat amet nulla ea ut adipisicing anim nisi laboris. Adipisicing ipsum cupidatat mollit commodo est enim dolor excepteur.', '2020-06-18 01:34:11', 'https://via.placeholder.com/400/', 'https://via.placeholder.com/100/888/fff/?text=ICON'),
(77, 5, 37.76093, -122.496652, 'Fugiat consectetur nulla aliqua cupidatat exercitation anim do sunt sit nostrud et. Excepteur dolor ipsum in exercitation ipsum irure labore tempor aute tempor voluptate excepteur aliqua. Cupidatat pariatur et occaecat exercitation proident incididunt.', '2020-01-10 02:29:51', 'https://via.placeholder.com/400/', 'https://via.placeholder.com/100/888/fff/?text=ICON'),
(78, 16, 37.77392, -122.446844, 'Proident incididunt nostrud excepteur incididunt. Culpa ut officia veniam deserunt nulla in tempor esse proident ad enim fugiat velit. In eu sit aliqua nostrud commodo consequat commodo adipisicing nostrud exercitation velit ullamco qui ullamco.', '2020-01-27 03:44:42', 'https://via.placeholder.com/400/', 'https://via.placeholder.com/100/888/fff/?text=ICON'),
(79, 17, 37.76956, -122.448777, 'Adipisicing occaecat eu in nisi excepteur mollit tempor dolor enim Lorem sit nostrud duis. Amet mollit culpa et sit sit magna. Est esse reprehenderit consequat qui amet ex culpa officia non velit.', '2020-01-02 08:43:38', 'https://via.placeholder.com/400/', 'https://via.placeholder.com/100/888/fff/?text=ICON'),
(80, 41, 37.78792, -122.418851, 'Officia ad consectetur do non ea dolore magna quis et proident sunt laboris. Aliquip ad sit officia velit consequat nisi eiusmod laboris voluptate culpa tempor amet. Ut nisi ut dolore esse sunt proident nulla proident exercitation quis dolor.', '2020-06-12 12:20:43', 'https://via.placeholder.com/400/', 'https://via.placeholder.com/100/888/fff/?text=ICON'),
(81, 37, 37.71326, -122.432285, 'Fugiat Lorem consectetur proident tempor cupidatat eiusmod. Nulla sint incididunt culpa amet consequat minim in. Laborum ullamco ea aliqua nisi.', '2020-05-07 10:37:00', 'https://via.placeholder.com/400/', 'https://via.placeholder.com/100/888/fff/?text=ICON'),
(82, 1, 37.73818, -122.414196, 'Exercitation nulla id magna fugiat consequat deserunt enim commodo anim velit irure deserunt officia. Culpa ex cupidatat sunt officia ipsum. Do mollit quis pariatur enim cillum quis do in in est nulla.', '2020-07-09 04:02:50', 'https://via.placeholder.com/400/', 'https://via.placeholder.com/100/888/fff/?text=ICON'),
(83, 47, 37.77065, -122.489037, 'Tempor non commodo laboris consequat sint sunt culpa id incididunt cillum laborum est anim. Aute dolor occaecat nulla sunt in sit officia ullamco laboris pariatur consequat irure. Nulla culpa pariatur cupidatat adipisicing occaecat veniam ipsum tempor ad tempor.', '2020-05-09 12:34:18', 'https://via.placeholder.com/400/', 'https://via.placeholder.com/100/888/fff/?text=ICON'),
(84, 36, 37.73344, -122.422514, 'Ea minim irure officia pariatur laboris ea. Aliqua duis irure elit magna. Dolore do Lorem duis laborum in labore ad incididunt non ad ea fugiat velit dolor.', '2020-03-25 05:07:39', 'https://via.placeholder.com/400/', 'https://via.placeholder.com/100/888/fff/?text=ICON'),
(85, 37, 37.79176, -122.498069, 'Minim esse ad minim mollit amet. Quis aute pariatur tempor fugiat. Exercitation consequat enim aliqua ea magna aliqua anim dolor.', '2020-05-03 01:58:55', 'https://via.placeholder.com/400/', 'https://via.placeholder.com/100/888/fff/?text=ICON'),
(86, 11, 37.73124, -122.487675, 'Dolore in consequat mollit commodo deserunt aliqua consequat incididunt elit sunt esse tempor. Quis anim excepteur cillum elit mollit nostrud dolore aliqua sit nostrud esse nostrud et. Amet minim sunt laborum do magna eu eiusmod.', '2020-05-09 11:16:59', 'https://via.placeholder.com/400/', 'https://via.placeholder.com/100/888/fff/?text=ICON'),
(87, 30, 37.69964, -122.474283, 'Occaecat reprehenderit anim irure quis sit proident consectetur ad quis ex adipisicing incididunt. Laboris duis quis elit nisi velit. Reprehenderit incididunt consectetur laboris minim occaecat exercitation.', '2020-01-14 07:43:04', 'https://via.placeholder.com/400/', 'https://via.placeholder.com/100/888/fff/?text=ICON'),
(88, 44, 37.73155, -122.396386, 'Labore do exercitation excepteur veniam est anim. Sit nostrud ex enim et ad id qui id esse commodo in ea minim. Velit pariatur anim sit voluptate enim exercitation qui nisi nostrud dolore quis et.', '2020-07-16 11:30:24', 'https://via.placeholder.com/400/', 'https://via.placeholder.com/100/888/fff/?text=ICON'),
(89, 40, 37.73252, -122.416324, 'Eiusmod officia sunt ex pariatur ea officia mollit minim est labore ullamco fugiat sit eiusmod. Cupidatat laborum pariatur officia est dolore cupidatat nostrud. Exercitation est ad et deserunt et qui.', '2020-04-23 08:47:36', 'https://via.placeholder.com/400/', 'https://via.placeholder.com/100/888/fff/?text=ICON'),
(90, 19, 37.79578, -122.41732, 'Minim sunt duis id aliqua dolor aliquip dolore eu ex. Ex qui dolor laboris duis aliquip cillum irure incididunt. Ea voluptate ullamco enim eiusmod pariatur adipisicing labore consectetur est officia aliquip laboris ea nostrud.', '2020-04-29 04:43:54', 'https://via.placeholder.com/400/', 'https://via.placeholder.com/100/888/fff/?text=ICON'),
(91, 48, 37.70514, -122.435623, 'Incididunt magna sint laboris id. Eiusmod do ea laborum ex deserunt occaecat labore aliquip. Nisi Lorem officia sit occaecat adipisicing irure exercitation.', '2020-03-04 11:03:09', 'https://via.placeholder.com/400/', 'https://via.placeholder.com/100/888/fff/?text=ICON'),
(92, 3, 37.72393, -122.466368, 'Ex commodo aliqua irure occaecat excepteur excepteur eu. Ut do labore deserunt aliqua cupidatat. In pariatur commodo exercitation officia nostrud sint et dolore in.', '2020-02-03 12:32:03', 'https://via.placeholder.com/400/', 'https://via.placeholder.com/100/888/fff/?text=ICON'),
(93, 17, 37.78523, -122.446785, 'Enim amet est reprehenderit id occaecat tempor nostrud aliqua ex aute. Eu commodo est id sit dolore deserunt laborum anim sit elit ullamco velit commodo. Proident consequat incididunt quis adipisicing nostrud aliquip laborum anim commodo aliqua laboris nostrud incididunt.', '2020-01-23 04:33:14', 'https://via.placeholder.com/400/', 'https://via.placeholder.com/100/888/fff/?text=ICON'),
(94, 5, 37.77669, -122.417477, 'Et laboris magna eu nisi excepteur et veniam do sint mollit ipsum duis irure minim. Ea culpa non est mollit. Laborum do sunt voluptate tempor proident veniam culpa.', '2020-03-07 04:13:58', 'https://via.placeholder.com/400/', 'https://via.placeholder.com/100/888/fff/?text=ICON'),
(95, 5, 37.71966, -122.396947, 'Duis ut excepteur veniam minim consequat culpa reprehenderit consectetur. Elit incididunt commodo aliquip est dolor sit. Cillum voluptate nisi sunt ipsum veniam ut elit laborum consequat ex.', '2020-03-21 11:25:52', 'https://via.placeholder.com/400/', 'https://via.placeholder.com/100/888/fff/?text=ICON'),
(96, 1, 37.71001, -122.434665, 'Anim cupidatat elit magna aute magna consectetur sit aliquip magna. Cupidatat proident mollit sint elit enim do dolore do officia labore minim incididunt ullamco eu. Adipisicing incididunt consequat labore sit cupidatat nostrud do minim qui.', '2020-03-08 01:58:31', 'https://via.placeholder.com/400/', 'https://via.placeholder.com/100/888/fff/?text=ICON'),
(97, 39, 37.72862, -122.488054, 'Pariatur culpa sit officia aute eiusmod do quis. Nisi reprehenderit elit quis qui aliqua sit aute tempor commodo minim non nisi. Amet cillum magna dolor minim proident qui non nostrud cupidatat esse.', '2020-02-21 02:23:15', 'https://via.placeholder.com/400/', 'https://via.placeholder.com/100/888/fff/?text=ICON'),
(98, 24, 37.73957, -122.455896, 'Cupidatat minim sint nostrud ipsum fugiat adipisicing consectetur aute elit. Ipsum laborum consectetur reprehenderit est quis non nostrud. Irure ut eiusmod velit cupidatat ex amet labore eu nostrud esse quis nostrud.', '2020-05-03 05:29:58', 'https://via.placeholder.com/400/', 'https://via.placeholder.com/100/888/fff/?text=ICON'),
(99, 10, 37.73457, -122.484447, 'Mollit tempor duis non eiusmod sunt exercitation commodo ullamco do aute. Fugiat quis sunt nulla anim. Sit labore ullamco nostrud amet culpa ea dolore sunt occaecat cillum proident cillum.', '2020-03-15 01:35:32', 'https://via.placeholder.com/400/', 'https://via.placeholder.com/100/888/fff/?text=ICON'),
(100, 11, 37.79422, -122.497147, 'Ex commodo non consequat dolor est eiusmod occaecat cillum deserunt adipisicing sint dolor qui ad. Ullamco cillum commodo exercitation consequat deserunt incididunt. Tempor nulla incididunt nulla consequat sit voluptate Lorem culpa minim commodo fugiat ullamco enim laboris.', '2020-02-04 10:07:45', 'https://via.placeholder.com/400/', 'https://via.placeholder.com/100/888/fff/?text=ICON'),
(101, 15, 37.76777, -122.494142, 'Voluptate velit laborum culpa nisi officia. Reprehenderit dolor do cillum eiusmod incididunt adipisicing. Aute nisi nulla deserunt ea anim exercitation sunt nisi id.', '2020-01-20 07:15:53', 'https://via.placeholder.com/400/', 'https://via.placeholder.com/100/888/fff/?text=ICON'),
(102, 5, 37.71942, -122.407252, 'Et anim voluptate exercitation in minim sunt exercitation cillum Lorem sunt adipisicing dolore sit commodo. Nisi Lorem officia et quis deserunt cillum aliqua aute. Anim officia reprehenderit veniam in sunt nulla irure.', '2020-03-29 01:52:37', 'https://via.placeholder.com/400/', 'https://via.placeholder.com/100/888/fff/?text=ICON'),
(103, 47, 37.79587, -122.41504, 'Commodo qui reprehenderit esse consectetur non sunt magna sint et adipisicing. Sunt eu veniam velit Lorem proident incididunt. Anim officia magna laboris excepteur exercitation esse.', '2020-06-14 05:26:00', 'https://via.placeholder.com/400/', 'https://via.placeholder.com/100/888/fff/?text=ICON'),
(104, 21, 37.79708, -122.467212, 'Magna nisi nisi et quis qui nisi velit aliqua consectetur elit elit ullamco enim. Veniam mollit eu qui enim duis proident dolore minim exercitation dolore consequat. Velit Lorem quis elit ea tempor sunt exercitation ea.', '2020-03-10 01:45:02', 'https://via.placeholder.com/400/', 'https://via.placeholder.com/100/888/fff/?text=ICON'),
(105, 47, 37.71186, -122.446976, 'Irure eu dolore aliqua laboris voluptate ad ullamco qui anim fugiat. Eiusmod culpa duis laborum enim esse nostrud culpa nisi minim do. Consequat cupidatat eiusmod aute incididunt enim ut mollit esse tempor nisi consectetur.', '2020-05-20 09:42:43', 'https://via.placeholder.com/400/', 'https://via.placeholder.com/100/888/fff/?text=ICON'),
(106, 4, 37.75557, -122.482565, 'Ex anim eiusmod exercitation consectetur non ex. Pariatur amet nostrud ex qui id culpa labore amet commodo sint eu. In nostrud velit culpa culpa do id deserunt.', '2020-02-23 12:14:56', 'https://via.placeholder.com/400/', 'https://via.placeholder.com/100/888/fff/?text=ICON'),
(107, 46, 37.76121, -122.410726, 'Id labore sint laboris voluptate est eiusmod mollit amet qui consequat ullamco pariatur. Deserunt reprehenderit tempor aliquip anim dolor est irure laborum ipsum ad. Exercitation proident eiusmod laborum anim.', '2020-02-19 12:27:19', 'https://via.placeholder.com/400/', 'https://via.placeholder.com/100/888/fff/?text=ICON'),
(108, 12, 37.70212, -122.443708, 'Tempor laborum fugiat aliqua id duis et mollit irure est. Commodo eiusmod elit tempor ad est quis pariatur ut consectetur velit. Cupidatat ea veniam aliquip do culpa.', '2020-07-17 01:30:48', 'https://via.placeholder.com/400/', 'https://via.placeholder.com/100/888/fff/?text=ICON'),
(109, 24, 37.79348, -122.481473, 'Sint sit cillum proident duis tempor. Reprehenderit dolor eu velit fugiat nisi nisi incididunt adipisicing aliquip. Aliquip irure aute labore enim cupidatat.', '2020-03-25 04:42:04', 'https://via.placeholder.com/400/', 'https://via.placeholder.com/100/888/fff/?text=ICON'),
(110, 40, 37.73347, -122.416897, 'Ut sint fugiat incididunt ex in adipisicing. Amet aliquip id officia ex consectetur laborum tempor est voluptate sunt fugiat Lorem cupidatat. Tempor adipisicing ut ipsum id fugiat dolor eu.', '2020-04-09 09:11:16', 'https://via.placeholder.com/400/', 'https://via.placeholder.com/100/888/fff/?text=ICON'),
(111, 28, 37.78976, -122.493456, 'Consequat sunt culpa sunt magna reprehenderit. Aute nostrud ad aute deserunt quis id aliqua id pariatur ipsum duis. Consequat nisi veniam mollit commodo officia laboris eu sint dolor exercitation officia do ipsum voluptate.', '2020-05-16 01:23:16', 'https://via.placeholder.com/400/', 'https://via.placeholder.com/100/888/fff/?text=ICON'),
(112, 20, 37.70436, -122.486087, 'Sit consectetur incididunt et officia. Ea laboris deserunt consequat laboris voluptate velit pariatur commodo nostrud dolor ipsum. Anim dolor aliqua labore occaecat voluptate.', '2020-02-22 08:40:15', 'https://via.placeholder.com/400/', 'https://via.placeholder.com/100/888/fff/?text=ICON'),
(113, 4, 37.78856, -122.429262, 'In labore do officia cupidatat voluptate consectetur consectetur voluptate consequat. Commodo officia velit id nostrud eiusmod ullamco aute sit sint mollit. Veniam commodo magna deserunt laboris sit laboris.', '2020-01-16 09:20:16', 'https://via.placeholder.com/400/', 'https://via.placeholder.com/100/888/fff/?text=ICON'),
(114, 32, 37.70716, -122.452228, 'Consequat commodo sint reprehenderit ad qui labore irure ex ullamco et sint aute veniam ad. Aliquip labore laborum cillum amet esse in deserunt cupidatat aliquip sit. Sit reprehenderit qui id labore sunt sint ut anim tempor.', '2020-04-07 07:06:02', 'https://via.placeholder.com/400/', 'https://via.placeholder.com/100/888/fff/?text=ICON'),
(115, 29, 37.73715, -122.435252, 'Veniam velit adipisicing ipsum proident Lorem dolore cillum exercitation. Velit amet nisi reprehenderit ad. Ex ea sit amet quis.', '2020-01-16 05:08:18', 'https://via.placeholder.com/400/', 'https://via.placeholder.com/100/888/fff/?text=ICON'),
(116, 1, 37.7824, -122.48527, 'Ad aute aliquip commodo incididunt. Mollit esse enim est in reprehenderit est anim eiusmod dolore sunt. Proident esse magna qui cillum ad consectetur.', '2020-03-17 01:03:29', 'https://via.placeholder.com/400/', 'https://via.placeholder.com/100/888/fff/?text=ICON'),
(117, 29, 37.76223, -122.421732, 'Sunt irure elit velit tempor duis fugiat velit non anim non elit consequat tempor labore. Ut id laborum enim fugiat quis. Nostrud qui exercitation excepteur sunt nisi magna aliqua ex.', '2020-01-27 04:06:59', 'https://via.placeholder.com/400/', 'https://via.placeholder.com/100/888/fff/?text=ICON'),
(118, 45, 37.79587, -122.453856, 'Dolor dolore id laboris Lorem sint laborum magna nostrud elit elit officia do. Eu ex mollit velit cillum. Officia adipisicing cillum velit elit labore laboris eu eu in enim fugiat nostrud ipsum.', '2020-06-12 05:03:34', 'https://via.placeholder.com/400/', 'https://via.placeholder.com/100/888/fff/?text=ICON'),
(119, 11, 37.70208, -122.500521, 'Est velit consectetur do laboris. Cillum magna reprehenderit tempor anim incididunt. Do pariatur ut duis irure proident eu magna.', '2020-01-05 07:07:29', 'https://via.placeholder.com/400/', 'https://via.placeholder.com/100/888/fff/?text=ICON'),
(120, 30, 37.74814, -122.399391, 'Ea laborum ea do laboris anim nostrud in. Tempor veniam elit sunt nisi velit elit culpa amet. Velit Lorem magna proident laboris elit enim labore enim minim ex elit aliqua.', '2020-05-22 01:30:23', 'https://via.placeholder.com/400/', 'https://via.placeholder.com/100/888/fff/?text=ICON'),
(121, 38, 37.70026, -122.434999, 'Commodo elit sit duis exercitation adipisicing enim laboris dolor ea tempor consectetur dolor minim nisi. Officia voluptate officia exercitation ut fugiat et qui aliquip. Eu incididunt elit dolore proident tempor tempor ipsum excepteur adipisicing.', '2020-05-28 06:53:44', 'https://via.placeholder.com/400/', 'https://via.placeholder.com/100/888/fff/?text=ICON'),
(122, 2, 37.76487, -122.433927, 'Officia in officia aute aliqua Lorem. Pariatur anim non amet non Lorem non. Pariatur proident commodo aliquip deserunt est labore consectetur pariatur nisi cillum mollit dolor nulla magna.', '2020-01-04 04:08:03', 'https://via.placeholder.com/400/', 'https://via.placeholder.com/100/888/fff/?text=ICON'),
(123, 33, 37.78652, -122.498676, 'Ad excepteur occaecat ullamco fugiat eu consectetur aliqua velit cillum nostrud dolore sit. Velit fugiat est aliqua occaecat labore aute consequat in irure. Eu do est quis occaecat.', '2020-04-01 03:19:42', 'https://via.placeholder.com/400/', 'https://via.placeholder.com/100/888/fff/?text=ICON'),
(124, 38, 37.79772, -122.438822, 'Ea nostrud sunt nostrud dolor id nostrud aute. Est consequat sint magna ut amet. Enim commodo dolore sunt aute sunt excepteur minim officia ex nisi.', '2020-03-20 09:24:12', 'https://via.placeholder.com/400/', 'https://via.placeholder.com/100/888/fff/?text=ICON'),
(125, 3, 37.77454, -122.429052, 'Enim veniam sint ullamco officia sint velit dolore laboris fugiat labore ullamco. Ad in proident exercitation adipisicing laborum. Consectetur sunt duis aute voluptate aliquip aliqua.', '2020-03-03 07:35:15', 'https://via.placeholder.com/400/', 'https://via.placeholder.com/100/888/fff/?text=ICON'),
(126, 14, 37.70544, -122.455923, 'Do laboris consectetur adipisicing culpa exercitation in labore cupidatat velit nisi do Lorem. Reprehenderit Lorem esse dolor pariatur culpa aliquip esse magna. Ut velit proident nostrud velit quis incididunt consequat amet id.', '2020-05-26 08:03:38', 'https://via.placeholder.com/400/', 'https://via.placeholder.com/100/888/fff/?text=ICON'),
(127, 14, 37.80038, -122.499892, 'Veniam dolore tempor aliquip adipisicing ut aliqua proident commodo in velit deserunt amet. Lorem nisi dolore ad anim incididunt proident consequat. Fugiat qui eu et adipisicing adipisicing reprehenderit laboris ipsum.', '2020-06-28 05:59:20', 'https://via.placeholder.com/400/', 'https://via.placeholder.com/100/888/fff/?text=ICON'),
(128, 29, 37.78851, -122.487873, 'Ut adipisicing exercitation velit commodo nostrud tempor sunt elit eu et. Adipisicing adipisicing reprehenderit commodo enim excepteur aute fugiat excepteur consectetur pariatur. Qui ea minim reprehenderit ullamco adipisicing est.', '2020-07-01 04:51:14', 'https://via.placeholder.com/400/', 'https://via.placeholder.com/100/888/fff/?text=ICON'),
(129, 31, 37.75753, -122.452397, 'Dolor ea eu ea nisi commodo incididunt veniam exercitation sit eiusmod magna nostrud ex. Voluptate pariatur id et sit commodo sit cillum. Ex enim ea adipisicing esse duis ex incididunt ea nisi anim est qui incididunt ipsum.', '2020-06-30 05:08:34', 'https://via.placeholder.com/400/', 'https://via.placeholder.com/100/888/fff/?text=ICON'),
(130, 39, 37.79059, -122.431382, 'Ex sint adipisicing enim veniam consequat culpa nostrud. Labore minim esse velit elit mollit ex irure anim quis labore aliquip exercitation. Sunt id sint laborum nulla nisi minim mollit incididunt eu et nulla minim mollit.', '2020-04-28 02:49:21', 'https://via.placeholder.com/400/', 'https://via.placeholder.com/100/888/fff/?text=ICON'),
(131, 37, 37.74278, -122.477049, 'Ex in nostrud elit quis velit ut veniam. Do labore Lorem duis tempor eu ad cupidatat. Sunt Lorem minim amet anim in.', '2020-05-25 07:56:39', 'https://via.placeholder.com/400/', 'https://via.placeholder.com/100/888/fff/?text=ICON'),
(132, 22, 37.70058, -122.413035, 'Est laboris exercitation ipsum et exercitation aute id commodo. Exercitation eu occaecat ipsum magna laboris minim irure cillum non commodo ad qui ex enim. Excepteur quis irure laborum dolore deserunt tempor anim enim ullamco officia irure.', '2020-01-18 02:24:27', 'https://via.placeholder.com/400/', 'https://via.placeholder.com/100/888/fff/?text=ICON'),
(133, 23, 37.70131, -122.457961, 'Consectetur enim laboris ad culpa minim aute. Elit est laboris dolore ex nisi. Pariatur incididunt aute dolore non sunt in eu aliqua incididunt aliqua consequat adipisicing Lorem cupidatat.', '2020-04-05 09:46:45', 'https://via.placeholder.com/400/', 'https://via.placeholder.com/100/888/fff/?text=ICON'),
(134, 23, 37.79337, -122.435632, 'Officia eiusmod proident nisi ullamco ex exercitation dolore adipisicing. Exercitation et laboris reprehenderit consectetur veniam do aliquip esse id ut exercitation proident esse. Velit consectetur proident proident culpa.', '2020-04-09 09:45:00', 'https://via.placeholder.com/400/', 'https://via.placeholder.com/100/888/fff/?text=ICON'),
(135, 26, 37.78788, -122.48558, 'Cillum exercitation labore laborum dolore dolor mollit velit amet veniam est non incididunt Lorem commodo. Enim quis ad laboris anim. Nisi minim amet consectetur id dolor sit.', '2020-06-24 01:32:18', 'https://via.placeholder.com/400/', 'https://via.placeholder.com/100/888/fff/?text=ICON'),
(136, 48, 37.72458, -122.492007, 'Aute adipisicing aliquip duis dolore sint exercitation id eu est magna eu. Laboris eu adipisicing aliquip sunt ullamco excepteur cupidatat nisi nostrud cupidatat cillum anim culpa cillum. Incididunt sit eu elit magna occaecat culpa occaecat ex nulla.', '2020-01-09 03:44:22', 'https://via.placeholder.com/400/', 'https://via.placeholder.com/100/888/fff/?text=ICON'),
(137, 31, 37.76669, -122.455207, 'Ex irure magna est velit laborum eu ad laboris veniam excepteur nostrud aute cillum. Ad aliquip ut ipsum duis officia mollit est reprehenderit id pariatur consectetur pariatur et. Mollit excepteur aliqua duis pariatur velit enim incididunt.', '2020-04-23 10:39:13', 'https://via.placeholder.com/400/', 'https://via.placeholder.com/100/888/fff/?text=ICON'),
(138, 35, 37.71257, -122.492927, 'Minim officia do magna est. Elit ea enim officia Lorem aliqua laborum occaecat ut aliqua dolor exercitation qui aute ea. Adipisicing Lorem et cillum dolor magna magna ut culpa magna.', '2020-04-01 03:51:30', 'https://via.placeholder.com/400/', 'https://via.placeholder.com/100/888/fff/?text=ICON'),
(139, 9, 37.7544, -122.395985, 'Aliqua do sint in tempor velit consequat. Sunt culpa laborum nostrud cupidatat adipisicing dolore cupidatat adipisicing incididunt. Cillum non fugiat officia adipisicing.', '2020-06-12 08:47:59', 'https://via.placeholder.com/400/', 'https://via.placeholder.com/100/888/fff/?text=ICON'),
(140, 44, 37.75553, -122.410331, 'Fugiat magna exercitation dolore enim tempor ullamco laboris est dolor consectetur. Fugiat magna et eiusmod irure ullamco cillum voluptate ex proident pariatur nostrud irure dolore nisi. Reprehenderit in voluptate excepteur id deserunt fugiat dolor in cillum ipsum reprehenderit sint voluptate officia.', '2020-06-28 02:16:28', 'https://via.placeholder.com/400/', 'https://via.placeholder.com/100/888/fff/?text=ICON'),
(141, 12, 37.78088, -122.412377, 'Sit quis anim cupidatat ex nulla consectetur excepteur. Nulla ullamco minim labore excepteur in amet. Dolore veniam pariatur exercitation voluptate qui.', '2020-05-28 12:15:36', 'https://via.placeholder.com/400/', 'https://via.placeholder.com/100/888/fff/?text=ICON'),
(142, 21, 37.79013, -122.497983, 'Cillum cillum Lorem eiusmod in velit ut et. In irure eiusmod officia ex enim. Ex id incididunt officia commodo aliquip Lorem pariatur adipisicing.', '2020-02-06 04:35:06', 'https://via.placeholder.com/400/', 'https://via.placeholder.com/100/888/fff/?text=ICON'),
(143, 15, 37.76932, -122.432332, 'Dolor cupidatat ut officia non non nostrud ullamco Lorem non labore magna est fugiat enim. Laboris officia irure proident sunt mollit. Do duis occaecat velit aliquip nostrud eu irure.', '2020-03-28 05:44:28', 'https://via.placeholder.com/400/', 'https://via.placeholder.com/100/888/fff/?text=ICON'),
(144, 44, 37.74664, -122.45127, 'Qui ad ipsum incididunt et consectetur officia in. Eu irure laboris dolor ex consequat ex culpa. Adipisicing adipisicing non veniam qui in incididunt veniam sunt ipsum anim enim consectetur.', '2020-06-22 12:13:17', 'https://via.placeholder.com/400/', 'https://via.placeholder.com/100/888/fff/?text=ICON');
INSERT INTO `track_locations` (`id`, `food_id`, `lat`, `lng`, `description`, `date_create`, `photo`, `icon`) VALUES
(145, 3, 37.75834, -122.43997, 'Enim magna dolor elit ipsum. Non duis tempor ipsum enim labore sit aliqua adipisicing cillum non incididunt do. Laboris magna aliqua velit officia enim velit eu proident dolor.', '2020-01-11 08:56:39', 'https://via.placeholder.com/400/', 'https://via.placeholder.com/100/888/fff/?text=ICON'),
(146, 26, 37.73829, -122.495976, 'Magna amet ullamco occaecat sint nostrud dolor in consequat id. Exercitation enim officia veniam elit adipisicing anim mollit fugiat. Incididunt dolore consectetur sunt cupidatat est pariatur eiusmod nostrud culpa deserunt excepteur.', '2020-01-14 01:04:27', 'https://via.placeholder.com/400/', 'https://via.placeholder.com/100/888/fff/?text=ICON'),
(147, 3, 37.73814, -122.419518, 'Sit enim laborum adipisicing consectetur officia minim laborum laborum minim. Laboris eiusmod voluptate exercitation dolor eiusmod minim dolor. Reprehenderit cupidatat sit nostrud fugiat quis labore eiusmod quis velit ipsum cillum dolor laboris.', '2020-02-09 01:30:48', 'https://via.placeholder.com/400/', 'https://via.placeholder.com/100/888/fff/?text=ICON'),
(148, 23, 37.72867, -122.477159, 'Adipisicing irure labore occaecat consequat dolore in ex consectetur ad. Sunt voluptate et voluptate consequat velit dolore quis fugiat adipisicing ea cillum consequat ea. Pariatur tempor labore labore labore officia non reprehenderit minim tempor.', '2020-04-27 08:58:40', 'https://via.placeholder.com/400/', 'https://via.placeholder.com/100/888/fff/?text=ICON'),
(149, 20, 37.73844, -122.43968, 'Consequat ipsum nostrud sint fugiat qui pariatur occaecat in ipsum. Velit fugiat labore est eiusmod proident consectetur consectetur et laborum. Cillum pariatur fugiat eu incididunt dolore ea exercitation duis dolor aliqua.', '2020-01-18 12:45:45', 'https://via.placeholder.com/400/', 'https://via.placeholder.com/100/888/fff/?text=ICON'),
(150, 46, 37.71838, -122.457606, 'Eiusmod nulla nisi ea excepteur consectetur exercitation anim proident exercitation reprehenderit est anim. Dolor in anim aute officia deserunt mollit laboris ex culpa cupidatat. Nisi aliquip quis id dolor reprehenderit aliqua eu ex.', '2020-07-01 10:13:58', 'https://via.placeholder.com/400/', 'https://via.placeholder.com/100/888/fff/?text=ICON');

-- --------------------------------------------------------

--
-- Table structure for table `track_users`
--

CREATE TABLE `track_users` (
  `id` int(11) NOT NULL,
  `name` varchar(64) NOT NULL,
  `username` varchar(64) NOT NULL,
  `email` varchar(128) NOT NULL,
  `password` varchar(32) NOT NULL,
  `date_create` datetime NOT NULL,
  `img` varchar(128) NOT NULL
) ENGINE=MyISAM DEFAULT CHARSET=latin1;

--
-- Dumping data for table `track_users`
--

INSERT INTO `track_users` (`id`, `name`, `username`, `email`, `password`, `date_create`, `img`) VALUES
(1, 'Meyer Cohen', 'user1', 'user1@gmail.com', '1a1dc91c907325c69271ddf0c944bc72', '2020-05-11 10:34:48', 'https://via.placeholder.com/400/889/fff/?text=user1'),
(2, 'Dianna Phelps', 'user2', 'user2@gmail.com', '1a1dc91c907325c69271ddf0c944bc72', '2020-07-04 04:12:10', 'https://via.placeholder.com/400/736/fff/?text=user2'),
(3, 'Alisa Mcgee', 'user3', 'user3@gmail.com', '1a1dc91c907325c69271ddf0c944bc72', '2020-05-12 04:32:46', 'https://via.placeholder.com/400/986/fff/?text=user3'),
(4, 'Rachel Roman', 'user4', 'user4@gmail.com', '1a1dc91c907325c69271ddf0c944bc72', '2020-07-15 08:16:05', 'https://via.placeholder.com/400/829/fff/?text=user4'),
(5, 'Marylou Avery', 'user5', 'user5@gmail.com', '1a1dc91c907325c69271ddf0c944bc72', '2020-07-12 02:17:13', 'https://via.placeholder.com/400/932/fff/?text=user5'),
(6, 'Monica Saunders', 'user6', 'user6@gmail.com', '1a1dc91c907325c69271ddf0c944bc72', '2020-04-08 01:04:04', 'https://via.placeholder.com/400/700/fff/?text=user6'),
(7, 'Witt Mills', 'user7', 'user7@gmail.com', '1a1dc91c907325c69271ddf0c944bc72', '2020-01-24 07:11:28', 'https://via.placeholder.com/400/894/fff/?text=user7'),
(8, 'Christina Wilson', 'user8', 'user8@gmail.com', '1a1dc91c907325c69271ddf0c944bc72', '2020-02-18 05:20:35', 'https://via.placeholder.com/400/726/fff/?text=user8'),
(9, 'Wiggins Lane', 'user9', 'user9@gmail.com', '1a1dc91c907325c69271ddf0c944bc72', '2020-02-18 03:01:46', 'https://via.placeholder.com/400/738/fff/?text=user9'),
(10, 'Rojas Mccarthy', 'user10', 'user10@gmail.com', '1a1dc91c907325c69271ddf0c944bc72', '2020-04-28 09:22:09', 'https://via.placeholder.com/400/896/fff/?text=user10');

--
-- Indexes for dumped tables
--

--
-- Indexes for table `track_food`
--
ALTER TABLE `track_food`
  ADD PRIMARY KEY (`id`);

--
-- Indexes for table `track_locations`
--
ALTER TABLE `track_locations`
  ADD PRIMARY KEY (`id`);

--
-- Indexes for table `track_users`
--
ALTER TABLE `track_users`
  ADD PRIMARY KEY (`id`);

--
-- AUTO_INCREMENT for dumped tables
--

--
-- AUTO_INCREMENT for table `track_food`
--
ALTER TABLE `track_food`
  MODIFY `id` int(11) NOT NULL AUTO_INCREMENT, AUTO_INCREMENT=51;

--
-- AUTO_INCREMENT for table `track_locations`
--
ALTER TABLE `track_locations`
  MODIFY `id` int(11) NOT NULL AUTO_INCREMENT, AUTO_INCREMENT=151;

--
-- AUTO_INCREMENT for table `track_users`
--
ALTER TABLE `track_users`
  MODIFY `id` int(11) NOT NULL AUTO_INCREMENT, AUTO_INCREMENT=11;
COMMIT;

/*!40101 SET CHARACTER_SET_CLIENT=@OLD_CHARACTER_SET_CLIENT */;
/*!40101 SET CHARACTER_SET_RESULTS=@OLD_CHARACTER_SET_RESULTS */;
/*!40101 SET COLLATION_CONNECTION=@OLD_COLLATION_CONNECTION */;
