-- phpMyAdmin SQL Dump
-- version 4.9.4
-- https://www.phpmyadmin.net/
--
-- Host: localhost:3306
-- Generation Time: Jul 16, 2020 at 12:12 PM
-- Server version: 5.6.47
-- PHP Version: 7.3.6

SET SQL_MODE = "NO_AUTO_VALUE_ON_ZERO";
SET AUTOCOMMIT = 0;
START TRANSACTION;
SET time_zone = "+00:00";


/*!40101 SET @OLD_CHARACTER_SET_CLIENT=@@CHARACTER_SET_CLIENT */;
/*!40101 SET @OLD_CHARACTER_SET_RESULTS=@@CHARACTER_SET_RESULTS */;
/*!40101 SET @OLD_COLLATION_CONNECTION=@@COLLATION_CONNECTION */;
/*!40101 SET NAMES utf8mb4 */;

--
-- Database: `hamil19_class`
--

-- --------------------------------------------------------

--
-- Table structure for table `track_animals`
--

CREATE TABLE `track_animals` (
  `id` int(11) NOT NULL,
  `user_id` int(11) NOT NULL,
  `name` varchar(64) NOT NULL,
  `type` varchar(64) NOT NULL,
  `breed` varchar(64) NOT NULL,
  `description` text NOT NULL,
  `date_create` datetime NOT NULL,
  `img` varchar(256) NOT NULL
) ENGINE=MyISAM DEFAULT CHARSET=latin1;

--
-- Dumping data for table `track_animals`
--

INSERT INTO `track_animals` (`id`, `user_id`, `name`, `type`, `breed`, `description`, `date_create`, `img`) VALUES
(1, 7, 'Vendblend', 'cat', 'ginger', 'Excepteur esse dolore minim dolore laboris incididunt ex aliquip sit velit excepteur nulla ut voluptate. Sit reprehenderit incididunt dolore exercitation. Amet excepteur mollit deserunt excepteur reprehenderit aliqua non velit minim enim cupidatat ad ex eu.', '2020-04-23 05:08:00', 'https://via.placeholder.com/400/775/fff/?text=Vendblend'),
(2, 3, 'Baluba', 'cat', 'tuxedo', 'Veniam dolore dolor ea ut commodo enim sit anim voluptate. Do elit officia Lorem magna voluptate ex quis. Qui nisi exercitation reprehenderit non proident duis officia excepteur reprehenderit culpa proident occaecat.', '2020-07-09 08:07:30', 'https://via.placeholder.com/400/984/fff/?text=Baluba'),
(3, 1, 'Opticom', 'cat', 'shorthair', 'Laborum commodo dolor magna sunt Lorem nulla nostrud consectetur culpa laboris. Aliqua qui cillum deserunt consectetur exercitation enim occaecat cillum velit ea anim ex. Minim excepteur ut quis aliquip aute do ex deserunt nisi voluptate.', '2020-04-02 04:42:42', 'https://via.placeholder.com/400/981/fff/?text=Opticom'),
(4, 3, 'Peticular', 'dog', 'pitbull', 'Non id nisi esse laborum occaecat eu officia quis. Ad id proident nulla eu ipsum laboris mollit officia dolor laborum. Nostrud ullamco et voluptate ad.', '2020-06-09 06:22:15', 'https://via.placeholder.com/400/824/fff/?text=Peticular'),
(5, 8, 'Genmy', 'dog', 'dachsund', 'Consequat consequat ipsum reprehenderit pariatur id sunt sint quis sint est dolor ea incididunt ea. Pariatur cillum aliquip ex mollit non ullamco fugiat. Consectetur cillum nulla magna ipsum elit qui ullamco commodo in esse sunt occaecat incididunt.', '2020-07-10 12:29:00', 'https://via.placeholder.com/400/765/fff/?text=Genmy'),
(6, 3, 'Avenetro', 'dog', 'labrador', 'Aute velit incididunt sunt Lorem occaecat anim nisi ad. Dolor mollit Lorem in labore deserunt reprehenderit aliqua tempor et culpa cupidatat velit. Et occaecat sit ullamco Lorem.', '2020-05-28 03:28:13', 'https://via.placeholder.com/400/854/fff/?text=Avenetro'),
(7, 5, 'Plasmosis', 'dog', 'dachsund', 'Ex sint veniam anim est ipsum ullamco mollit irure ex ad. Aliqua non eu mollit cillum irure et esse nostrud non proident nostrud occaecat aliquip. Lorem officia veniam Lorem proident aute officia sit Lorem nostrud in eu.', '2020-01-07 10:50:34', 'https://via.placeholder.com/400/762/fff/?text=Plasmosis'),
(8, 2, 'Multiflex', 'cat', 'shorthair', 'Consectetur quis ipsum dolore laboris proident esse cupidatat adipisicing. Proident qui ad dolore qui fugiat. Pariatur adipisicing consectetur ipsum eiusmod anim duis.', '2020-02-27 11:15:59', 'https://via.placeholder.com/400/957/fff/?text=Multiflex'),
(9, 3, 'Uxmox', 'cat', 'ginger', 'Non sint commodo proident esse aliqua velit anim labore ex exercitation. Esse sunt anim labore ut sunt labore est reprehenderit excepteur cillum. Ullamco in do nostrud elit et Lorem deserunt eiusmod ea laborum ex.', '2020-05-24 02:11:21', 'https://via.placeholder.com/400/859/fff/?text=Uxmox'),
(10, 10, 'Miraclis', 'cat', 'shorthair', 'Nostrud mollit ullamco sit sunt commodo qui sit sit ea qui. Officia excepteur tempor qui non ut ad do commodo. Dolore minim incididunt cillum id nisi occaecat amet consectetur commodo non excepteur.', '2020-06-15 02:12:57', 'https://via.placeholder.com/400/954/fff/?text=Miraclis'),
(11, 3, 'Kiggle', 'horse', 'unicorn', 'Pariatur irure dolore consectetur eiusmod dolor pariatur consectetur aute laboris laboris et qui consequat cupidatat. Aute velit quis eu incididunt aliqua cillum. Duis excepteur aliqua amet deserunt pariatur.', '2020-03-17 01:45:44', 'https://via.placeholder.com/400/970/fff/?text=Kiggle'),
(12, 9, 'Katakana', 'dog', 'pitbull', 'Duis occaecat ex quis in Lorem excepteur nostrud aute esse dolor. Ad cillum culpa nisi Lorem qui commodo nisi aliquip enim Lorem velit. Proident ea aliqua enim nulla dolor.', '2020-06-03 05:59:07', 'https://via.placeholder.com/400/788/fff/?text=Katakana'),
(13, 9, 'Ozean', 'cat', 'calico', 'Ea proident pariatur anim laborum. Occaecat irure fugiat Lorem laborum. Aute pariatur est voluptate dolor laborum Lorem nisi.', '2020-03-06 09:01:14', 'https://via.placeholder.com/400/714/fff/?text=Ozean'),
(14, 5, 'Digial', 'dog', 'dachsund', 'Nisi non dolor tempor officia aliquip et aliqua irure pariatur voluptate ea et aliquip consequat. Culpa minim pariatur veniam nulla proident in duis pariatur deserunt do non. Mollit esse commodo ex proident cupidatat in nulla.', '2020-04-01 02:10:39', 'https://via.placeholder.com/400/959/fff/?text=Digial'),
(15, 10, 'Ecratic', 'horse', 'shetland', 'Pariatur non duis sunt cupidatat qui ullamco consectetur. Nostrud esse qui do consequat in voluptate commodo fugiat. Ipsum incididunt eiusmod dolor sit minim ipsum minim nisi amet mollit et mollit exercitation.', '2020-06-13 05:11:44', 'https://via.placeholder.com/400/823/fff/?text=Ecratic'),
(16, 5, 'Recognia', 'cat', 'tuxedo', 'Anim amet tempor qui in aliquip non esse elit amet. Lorem velit in cupidatat duis irure veniam. Nostrud nostrud quis consequat proident est ipsum Lorem quis.', '2020-05-11 02:09:19', 'https://via.placeholder.com/400/785/fff/?text=Recognia'),
(17, 5, 'Virxo', 'dog', 'pitbull', 'Culpa sit officia et ullamco. Consequat cupidatat aliqua aliquip pariatur est fugiat tempor magna. Pariatur eiusmod eu duis ut amet eiusmod cupidatat qui.', '2020-05-11 11:47:10', 'https://via.placeholder.com/400/876/fff/?text=Virxo'),
(18, 6, 'Geekular', 'cat', 'tuxedo', 'Consequat nostrud sit duis dolore aliqua proident. Nostrud non incididunt voluptate enim dolore nostrud excepteur veniam est veniam laboris. Eiusmod dolore tempor id occaecat anim aliqua nulla Lorem labore dolore consequat eiusmod.', '2020-01-10 06:24:17', 'https://via.placeholder.com/400/978/fff/?text=Geekular'),
(19, 4, 'Anixang', 'cat', 'siamese', 'Ut ut aute laborum id ullamco eu veniam qui nisi aliquip cillum consectetur adipisicing. Cupidatat consectetur sunt sunt nulla nisi esse consequat ullamco officia esse officia. Laboris et excepteur fugiat tempor amet.', '2020-05-24 09:23:53', 'https://via.placeholder.com/400/846/fff/?text=Anixang'),
(20, 10, 'Moreganic', 'cat', 'siamese', 'Aute officia anim deserunt nulla irure incididunt. Magna ullamco magna pariatur velit qui qui sint consectetur. Lorem excepteur elit aliquip amet sit fugiat.', '2020-07-14 07:00:46', 'https://via.placeholder.com/400/707/fff/?text=Moreganic'),
(21, 4, 'Quilch', 'cat', 'shorthair', 'Aliqua consectetur laboris duis eiusmod dolore mollit velit ut dolor excepteur. Ex exercitation esse nostrud adipisicing cillum eiusmod eiusmod dolor deserunt sit commodo ullamco et qui. Non deserunt nostrud labore aute elit in.', '2020-05-25 08:50:08', 'https://via.placeholder.com/400/829/fff/?text=Quilch'),
(22, 2, 'Bizmatic', 'horse', 'thoreuahbred', 'Adipisicing nisi aute exercitation qui ut consequat dolore. Sint eu duis qui pariatur et dolore laborum nulla. Dolor occaecat est enim sit veniam deserunt proident do commodo.', '2020-06-23 10:06:14', 'https://via.placeholder.com/400/975/fff/?text=Bizmatic'),
(23, 4, 'Zounds', 'dog', 'labrador', 'Pariatur labore veniam dolore ipsum veniam cillum sint eiusmod irure. Nisi magna voluptate nisi minim quis id officia et incididunt mollit. Qui laboris dolor id amet et aute sit quis consequat.', '2020-05-25 04:42:48', 'https://via.placeholder.com/400/801/fff/?text=Zounds'),
(24, 7, 'Navir', 'cat', 'tuxedo', 'Ea do magna commodo laborum ad veniam enim proident consectetur aliqua reprehenderit. Laboris ea laborum laborum eu quis ipsum cillum quis enim laboris dolor. Quis ipsum ex fugiat ex commodo aute ad irure proident ullamco non eiusmod fugiat duis.', '2020-03-19 10:13:18', 'https://via.placeholder.com/400/718/fff/?text=Navir'),
(25, 5, 'Kindaloo', 'dog', 'pitbull', 'Esse laborum est elit tempor dolore ea sit ipsum. Dolore tempor minim do commodo eiusmod ad reprehenderit laborum ea anim dolor tempor excepteur. Amet amet minim commodo deserunt labore dolore excepteur ut laboris ea cillum.', '2020-01-15 01:02:30', 'https://via.placeholder.com/400/860/fff/?text=Kindaloo'),
(26, 3, 'Danja', 'cat', 'siamese', 'Officia voluptate anim eiusmod sit. Et pariatur anim ipsum sunt eiusmod incididunt pariatur cillum et duis. Ex ut ut do ullamco amet elit minim non consequat.', '2020-02-08 02:53:29', 'https://via.placeholder.com/400/953/fff/?text=Danja'),
(27, 8, 'Furnitech', 'dog', 'pitbull', 'Commodo reprehenderit non mollit consectetur cupidatat. Consequat eiusmod consequat reprehenderit nostrud. Reprehenderit proident et nulla magna.', '2020-06-12 11:16:58', 'https://via.placeholder.com/400/867/fff/?text=Furnitech'),
(28, 8, 'Maineland', 'horse', 'shetland', 'Do in minim reprehenderit exercitation sint culpa culpa officia aliqua velit cupidatat proident do. Fugiat ut nisi minim dolore Lorem dolor cillum ad qui adipisicing culpa. Amet consequat duis quis consequat qui elit ullamco deserunt anim exercitation.', '2020-06-20 11:26:49', 'https://via.placeholder.com/400/934/fff/?text=Maineland'),
(29, 10, 'Isologia', 'horse', 'shetland', 'Elit sit cillum minim laboris quis esse irure. Veniam culpa et non dolor officia cillum. Cupidatat sit commodo consequat ad nostrud non ullamco ex.', '2020-03-11 10:41:56', 'https://via.placeholder.com/400/967/fff/?text=Isologia'),
(30, 6, 'Lovepad', 'dog', 'labrador', 'Id ullamco duis magna elit incididunt tempor pariatur do adipisicing qui. Est aliquip sunt officia mollit. Cupidatat tempor nulla id voluptate culpa enim.', '2020-06-04 08:33:47', 'https://via.placeholder.com/400/917/fff/?text=Lovepad'),
(31, 5, 'Freakin', 'horse', 'unicorn', 'Laboris culpa veniam id reprehenderit tempor enim Lorem proident est qui deserunt quis officia. Duis id reprehenderit tempor id cillum aliquip ea ex duis nisi ea quis occaecat consectetur. Minim tempor mollit aliqua aliquip.', '2020-07-10 01:09:59', 'https://via.placeholder.com/400/735/fff/?text=Freakin'),
(32, 5, 'Zilla', 'horse', 'shetland', 'Esse officia ipsum sit commodo deserunt est laboris id veniam magna et proident qui officia. In laboris esse id ea. Aute laborum anim amet proident do irure nisi incididunt dolor quis ea commodo.', '2020-04-05 10:55:24', 'https://via.placeholder.com/400/796/fff/?text=Zilla'),
(33, 10, 'Quiltigen', 'horse', 'unicorn', 'Nostrud dolore deserunt culpa anim exercitation laboris commodo ullamco dolore dolore ullamco deserunt qui laborum. Ex reprehenderit laboris ipsum laborum culpa laboris. Consectetur qui proident nisi eu ex consequat aute incididunt tempor Lorem.', '2020-05-14 07:21:03', 'https://via.placeholder.com/400/868/fff/?text=Quiltigen'),
(34, 8, 'Eventage', 'cat', 'siamese', 'Eiusmod sunt magna nisi consequat cillum incididunt dolore aliqua aute labore aute qui irure et. Officia ad cillum in irure. Do ullamco magna nulla culpa exercitation ut esse eu cupidatat nostrud aute ut cupidatat laborum.', '2020-04-16 09:10:44', 'https://via.placeholder.com/400/886/fff/?text=Eventage'),
(35, 1, 'Retrack', 'horse', 'shetland', 'Anim proident magna velit excepteur Lorem. Veniam amet ipsum in incididunt do. Aliquip dolore nostrud voluptate proident nostrud proident elit duis nulla enim sint.', '2020-02-07 05:05:39', 'https://via.placeholder.com/400/704/fff/?text=Retrack'),
(36, 5, 'Limozen', 'horse', 'thoreuahbred', 'Tempor ex veniam sunt deserunt nostrud laboris velit eiusmod sit mollit proident magna. Anim ex fugiat non quis aliquip do sint laborum consequat anim id. Est nostrud amet irure sint veniam esse aliqua ad amet dolore ea elit enim sint.', '2020-04-17 11:08:52', 'https://via.placeholder.com/400/838/fff/?text=Limozen'),
(37, 7, 'Insectus', 'cat', 'ginger', 'Incididunt non ex aliqua sit culpa elit sint occaecat nulla laboris. Ut mollit reprehenderit magna esse quis consequat tempor fugiat dolor ipsum adipisicing ullamco eu. Lorem tempor aute anim mollit velit.', '2020-02-08 09:57:27', 'https://via.placeholder.com/400/871/fff/?text=Insectus'),
(38, 2, 'Buzzmaker', 'horse', 'shetland', 'Nisi quis mollit officia pariatur sint nulla consequat. Do enim magna cillum dolore ipsum reprehenderit et eu. Amet enim ea ad ad qui sint ea consequat ipsum adipisicing veniam non ut non.', '2020-07-06 10:08:45', 'https://via.placeholder.com/400/724/fff/?text=Buzzmaker'),
(39, 7, 'Vurbo', 'cat', 'calico', 'Irure in culpa cupidatat exercitation commodo occaecat anim. Dolor est mollit Lorem incididunt. Esse ea veniam voluptate amet irure amet et sunt aute irure consectetur exercitation sint velit.', '2020-02-22 05:31:31', 'https://via.placeholder.com/400/984/fff/?text=Vurbo'),
(40, 5, 'Xanide', 'cat', 'siamese', 'Est incididunt non pariatur nostrud. Consequat id ullamco aliquip enim labore nostrud enim non nisi nostrud. Aliquip et velit eu adipisicing laborum.', '2020-01-14 12:18:37', 'https://via.placeholder.com/400/755/fff/?text=Xanide'),
(41, 7, 'Ovium', 'horse', 'shetland', 'Cupidatat nulla esse enim sint laborum irure. Laboris excepteur eu labore cillum aliqua. Occaecat non veniam et duis qui fugiat aliquip aute.', '2020-01-22 09:14:15', 'https://via.placeholder.com/400/993/fff/?text=Ovium'),
(42, 4, 'Pasturia', 'cat', 'shorthair', 'Nulla non laboris mollit dolore enim deserunt anim irure laboris nulla. Proident reprehenderit consequat eiusmod nulla commodo et eu anim. Laboris elit incididunt minim reprehenderit voluptate.', '2020-04-25 01:50:30', 'https://via.placeholder.com/400/817/fff/?text=Pasturia'),
(43, 8, 'Lexicondo', 'cat', 'calico', 'Quis consectetur cillum pariatur commodo commodo. Pariatur irure labore culpa in et laboris. Nulla magna mollit adipisicing aute amet sit labore ad Lorem qui commodo.', '2020-04-07 07:20:17', 'https://via.placeholder.com/400/763/fff/?text=Lexicondo'),
(44, 9, 'Motovate', 'cat', 'shorthair', 'Aliqua aliqua eiusmod culpa adipisicing ad. Velit ad do id magna ea ex adipisicing in ex commodo. Sint anim sit esse cupidatat minim ut ad eiusmod irure pariatur minim dolore enim.', '2020-03-19 06:42:20', 'https://via.placeholder.com/400/907/fff/?text=Motovate'),
(45, 9, 'Newcube', 'dog', 'dachsund', 'Aute adipisicing eiusmod incididunt ad et amet. Proident commodo consequat eu velit amet id eu culpa sint eu duis laborum exercitation sunt. Occaecat minim sit pariatur id eu tempor fugiat quis id ullamco incididunt magna ipsum.', '2020-07-11 06:57:49', 'https://via.placeholder.com/400/857/fff/?text=Newcube'),
(46, 4, 'Aquoavo', 'cat', 'ginger', 'Minim qui et pariatur duis sint fugiat esse cillum. Culpa velit anim occaecat voluptate esse proident pariatur. Sint irure cillum minim occaecat irure esse exercitation sunt duis anim ut pariatur est est.', '2020-05-12 08:21:47', 'https://via.placeholder.com/400/925/fff/?text=Aquoavo'),
(47, 5, 'Medcom', 'horse', 'shetland', 'Voluptate exercitation nisi ullamco in nulla labore. Nostrud deserunt minim incididunt eu occaecat dolor cupidatat dolor Lorem. Et sit nulla veniam magna mollit pariatur anim nostrud cillum in dolore ad occaecat.', '2020-03-31 01:52:39', 'https://via.placeholder.com/400/905/fff/?text=Medcom'),
(48, 6, 'Fuelworks', 'cat', 'shorthair', 'Labore officia ut nisi elit Lorem. Est laboris cillum officia consectetur commodo. Incididunt in est dolor deserunt est proident ad velit aute sit mollit veniam anim pariatur.', '2020-03-15 07:44:48', 'https://via.placeholder.com/400/845/fff/?text=Fuelworks'),
(49, 5, 'Amril', 'dog', 'dachsund', 'Sunt adipisicing consequat enim dolor sit laboris magna ut ullamco esse reprehenderit anim duis. Eu ex culpa dolor incididunt cillum nisi id sunt aliquip aliquip consequat nisi ut. Qui commodo non esse laboris eu qui.', '2020-01-18 08:04:37', 'https://via.placeholder.com/400/742/fff/?text=Amril'),
(50, 7, 'Colaire', 'cat', 'tuxedo', 'Do nostrud anim magna velit fugiat ullamco veniam enim officia Lorem fugiat. Aliquip id ea reprehenderit eu minim nulla proident enim nostrud occaecat laboris. Nostrud amet id culpa fugiat esse deserunt magna non.', '2020-04-24 07:13:49', 'https://via.placeholder.com/400/732/fff/?text=Colaire');

-- --------------------------------------------------------

--
-- Table structure for table `track_locations`
--

CREATE TABLE `track_locations` (
  `id` int(11) NOT NULL,
  `animal_id` int(11) NOT NULL,
  `lat` double NOT NULL,
  `lng` double NOT NULL,
  `description` text NOT NULL,
  `date_create` datetime NOT NULL,
  `photo` varchar(256) NOT NULL,
  `icon` varchar(256) NOT NULL
) ENGINE=MyISAM DEFAULT CHARSET=latin1;

--
-- Dumping data for table `track_locations`
--

INSERT INTO `track_locations` (`id`, `animal_id`, `lat`, `lng`, `description`, `date_create`, `photo`, `icon`) VALUES
(1, 34, 37.69945, -122.468809, 'Adipisicing veniam duis consectetur aliqua ad tempor non officia deserunt occaecat. Esse dolor mollit labore sint laborum aliquip ea quis cillum cillum reprehenderit nisi qui. Nostrud pariatur occaecat ut sint sunt adipisicing.', '2020-01-08 01:00:44', 'https://via.placeholder.com/400/', 'https://via.placeholder.com/100/888/fff/?text=ICON'),
(2, 15, 37.74069, -122.440028, 'Lorem nisi in consectetur deserunt eiusmod voluptate nisi. Proident aute excepteur consequat eu cupidatat sunt adipisicing ad voluptate quis ex. Et dolor duis ullamco reprehenderit veniam adipisicing mollit voluptate nisi cillum magna.', '2020-01-23 02:08:22', 'https://via.placeholder.com/400/', 'https://via.placeholder.com/100/888/fff/?text=ICON'),
(3, 27, 37.70204, -122.442495, 'Veniam irure proident nulla sunt sunt voluptate id consectetur. Ex reprehenderit eiusmod sit sint ex commodo sunt et consectetur do sit ex dolore. Id ut nulla laboris laborum voluptate velit dolore.', '2020-02-05 07:37:51', 'https://via.placeholder.com/400/', 'https://via.placeholder.com/100/888/fff/?text=ICON'),
(4, 1, 37.74838, -122.4649, 'Ex nostrud consectetur voluptate incididunt duis dolore anim esse quis commodo velit pariatur dolore. Tempor irure voluptate consectetur mollit officia aute non id in non tempor sint veniam. Ut cillum cillum ut sit sunt eiusmod commodo ea aliqua mollit Lorem ea cillum.', '2020-03-27 12:49:54', 'https://via.placeholder.com/400/', 'https://via.placeholder.com/100/888/fff/?text=ICON'),
(5, 4, 37.74638, -122.405299, 'Aliquip occaecat qui non deserunt ex pariatur duis ea do ipsum. Ea ea esse id non laboris laboris cillum dolor Lorem qui. Cupidatat fugiat in commodo exercitation pariatur dolor est irure culpa aute deserunt aliquip.', '2020-01-24 06:53:11', 'https://via.placeholder.com/400/', 'https://via.placeholder.com/100/888/fff/?text=ICON'),
(6, 12, 37.71092, -122.415791, 'Est aliqua enim ad consectetur. Fugiat labore ea id irure non aliquip Lorem ex quis nostrud est. Adipisicing quis deserunt reprehenderit culpa magna laboris quis do minim mollit enim.', '2020-05-05 01:16:09', 'https://via.placeholder.com/400/', 'https://via.placeholder.com/100/888/fff/?text=ICON'),
(7, 15, 37.76283, -122.406869, 'Eu tempor voluptate non reprehenderit mollit occaecat magna ut. Minim id consectetur sit exercitation incididunt officia sunt Lorem aliqua ex. Veniam minim irure consectetur consequat mollit cillum sunt ea tempor eu.', '2020-04-26 07:28:58', 'https://via.placeholder.com/400/', 'https://via.placeholder.com/100/888/fff/?text=ICON'),
(8, 43, 37.79481, -122.423782, 'Cupidatat amet in amet occaecat ut non eiusmod esse anim. Quis do ullamco deserunt eu quis aliqua mollit. Ad esse nulla laboris incididunt irure quis enim quis laborum culpa incididunt pariatur exercitation.', '2020-05-02 01:41:12', 'https://via.placeholder.com/400/', 'https://via.placeholder.com/100/888/fff/?text=ICON'),
(9, 30, 37.72358, -122.4159, 'Enim laborum id ipsum mollit irure cillum proident sunt reprehenderit quis id incididunt laborum. Tempor sit sint quis non irure dolore nulla aute. Sit proident do Lorem non aliqua cillum anim commodo laborum est et sit.', '2020-05-08 04:36:19', 'https://via.placeholder.com/400/', 'https://via.placeholder.com/100/888/fff/?text=ICON'),
(10, 29, 37.72118, -122.437547, 'Qui eu anim ullamco cupidatat in deserunt exercitation ut ipsum eiusmod sunt deserunt. Quis ad Lorem aliqua mollit. Quis ea voluptate est ex exercitation Lorem excepteur commodo irure.', '2020-05-05 10:21:57', 'https://via.placeholder.com/400/', 'https://via.placeholder.com/100/888/fff/?text=ICON'),
(11, 31, 37.74531, -122.496086, 'Magna ullamco nisi fugiat ea et reprehenderit. Ex adipisicing laborum aliquip velit anim magna sint ea eu voluptate ut nostrud duis adipisicing. Lorem dolor amet magna ex cillum.', '2020-01-26 11:19:10', 'https://via.placeholder.com/400/', 'https://via.placeholder.com/100/888/fff/?text=ICON'),
(12, 48, 37.76624, -122.471719, 'Dolor officia non ex ea eiusmod deserunt cillum nulla. Veniam proident et voluptate ipsum eiusmod ea aliqua irure Lorem. Qui officia duis commodo incididunt dolore voluptate ea sint.', '2020-06-27 06:11:03', 'https://via.placeholder.com/400/', 'https://via.placeholder.com/100/888/fff/?text=ICON'),
(13, 2, 37.77772, -122.403114, 'Do pariatur nostrud officia eiusmod proident dolor magna consectetur ipsum sit deserunt culpa amet. Elit Lorem elit in eiusmod ullamco ad aliqua eu irure do est culpa laboris. Velit adipisicing anim qui excepteur ad deserunt laboris proident irure.', '2020-04-16 05:24:11', 'https://via.placeholder.com/400/', 'https://via.placeholder.com/100/888/fff/?text=ICON'),
(14, 1, 37.76369, -122.421985, 'Lorem ea est cupidatat nulla irure. Aute ullamco quis est et velit esse laborum non mollit. Adipisicing adipisicing id ex nulla laborum laborum.', '2020-01-14 06:42:19', 'https://via.placeholder.com/400/', 'https://via.placeholder.com/100/888/fff/?text=ICON'),
(15, 49, 37.73735, -122.403593, 'Labore nulla adipisicing anim id incididunt. Ullamco adipisicing amet labore id adipisicing laboris qui culpa laboris eiusmod velit nulla quis. Aute aute consequat ad officia.', '2020-04-25 03:12:09', 'https://via.placeholder.com/400/', 'https://via.placeholder.com/100/888/fff/?text=ICON'),
(16, 17, 37.73568, -122.493872, 'Amet fugiat cupidatat sint nisi deserunt enim excepteur consequat adipisicing dolore consectetur excepteur. Tempor est duis do excepteur anim. Culpa veniam quis non ex aliquip cupidatat veniam ea veniam amet sint excepteur est.', '2020-01-14 12:46:18', 'https://via.placeholder.com/400/', 'https://via.placeholder.com/100/888/fff/?text=ICON'),
(17, 34, 37.78521, -122.450804, 'Laboris eu et amet sit mollit deserunt consectetur aliquip qui minim. Sunt ullamco do quis nostrud sunt cupidatat velit officia consectetur dolore nulla voluptate esse. Id culpa nisi ea aute ea qui eu voluptate occaecat commodo aliquip aliquip amet ea.', '2020-05-24 04:49:18', 'https://via.placeholder.com/400/', 'https://via.placeholder.com/100/888/fff/?text=ICON'),
(18, 20, 37.72366, -122.446447, 'Ipsum ut veniam non consectetur mollit ullamco excepteur minim officia sint deserunt sit minim laboris. Mollit proident occaecat non aliquip enim labore elit reprehenderit ipsum esse eu. Deserunt nostrud laborum ut consectetur amet occaecat eiusmod mollit ullamco enim exercitation.', '2020-07-05 12:09:32', 'https://via.placeholder.com/400/', 'https://via.placeholder.com/100/888/fff/?text=ICON'),
(19, 15, 37.7198, -122.430047, 'Incididunt consectetur minim voluptate consectetur ex irure non eu Lorem voluptate do exercitation irure est. Occaecat officia ipsum sit magna duis laboris eiusmod eiusmod. Commodo exercitation adipisicing officia reprehenderit aliquip proident.', '2020-03-22 10:25:28', 'https://via.placeholder.com/400/', 'https://via.placeholder.com/100/888/fff/?text=ICON'),
(20, 15, 37.77972, -122.425388, 'Exercitation dolore ut magna elit nostrud ullamco non irure ut incididunt deserunt proident velit. Esse dolore incididunt nulla fugiat do eiusmod id id. Id nisi nulla ex ullamco ut fugiat occaecat do tempor.', '2020-01-30 07:59:44', 'https://via.placeholder.com/400/', 'https://via.placeholder.com/100/888/fff/?text=ICON'),
(21, 20, 37.71689, -122.410075, 'Esse esse laboris est sint sit laboris pariatur nostrud. Nulla aute magna cillum ipsum qui velit sint. Ullamco id sint mollit sunt do eu et sunt laborum anim reprehenderit qui incididunt nostrud.', '2020-05-18 12:10:31', 'https://via.placeholder.com/400/', 'https://via.placeholder.com/100/888/fff/?text=ICON'),
(22, 35, 37.78065, -122.41477, 'Aute aute non adipisicing dolor ea ut dolore veniam ut culpa do mollit laboris. Enim dolor et ex esse ex ea aliquip sunt veniam eu. Culpa nisi non officia mollit sit.', '2020-04-11 11:41:00', 'https://via.placeholder.com/400/', 'https://via.placeholder.com/100/888/fff/?text=ICON'),
(23, 21, 37.7078, -122.498658, 'Exercitation veniam sit amet veniam esse deserunt excepteur ullamco. Veniam ad ipsum proident nostrud in anim aute nulla magna. Tempor laboris cillum adipisicing deserunt nisi ad mollit sunt pariatur eiusmod.', '2020-05-08 02:44:14', 'https://via.placeholder.com/400/', 'https://via.placeholder.com/100/888/fff/?text=ICON'),
(24, 43, 37.74401, -122.490235, 'Veniam exercitation Lorem labore adipisicing voluptate pariatur laborum irure cillum et exercitation incididunt. Est et voluptate enim anim ea eu nisi tempor. Do deserunt minim nisi aliquip sit mollit ipsum ad cillum veniam do fugiat cupidatat in.', '2020-06-05 05:14:10', 'https://via.placeholder.com/400/', 'https://via.placeholder.com/100/888/fff/?text=ICON'),
(25, 48, 37.72752, -122.447229, 'Irure minim irure duis fugiat nostrud ullamco tempor Lorem deserunt consequat. Aliquip amet Lorem ad velit magna reprehenderit velit id velit nostrud eu nisi elit. Lorem aute et deserunt occaecat eiusmod minim proident et labore deserunt eu.', '2020-04-21 02:42:54', 'https://via.placeholder.com/400/', 'https://via.placeholder.com/100/888/fff/?text=ICON'),
(26, 8, 37.72208, -122.39301, 'Minim do sunt magna magna eiusmod qui irure fugiat in aliqua non. Eiusmod irure elit duis occaecat fugiat aute sunt anim ipsum elit reprehenderit et. Sint duis minim nisi exercitation sint eiusmod adipisicing qui et Lorem quis commodo aliquip exercitation.', '2020-06-26 10:00:39', 'https://via.placeholder.com/400/', 'https://via.placeholder.com/100/888/fff/?text=ICON'),
(27, 6, 37.75682, -122.43373, 'Nostrud velit labore nulla quis proident proident ex incididunt tempor sit officia sit. Voluptate incididunt ipsum magna aliquip sint est nulla laborum. Veniam sunt voluptate cillum excepteur reprehenderit amet.', '2020-01-31 08:01:12', 'https://via.placeholder.com/400/', 'https://via.placeholder.com/100/888/fff/?text=ICON'),
(28, 39, 37.72452, -122.406592, 'Amet sit laborum laborum cupidatat esse nisi excepteur officia laborum aliqua reprehenderit commodo deserunt. Minim do sit ea exercitation excepteur amet consectetur cillum laboris dolore culpa eu. Aliqua amet laboris magna elit exercitation.', '2020-06-16 04:57:06', 'https://via.placeholder.com/400/', 'https://via.placeholder.com/100/888/fff/?text=ICON'),
(29, 31, 37.72138, -122.422623, 'Tempor ad ad aute amet consequat in consectetur minim eu aliquip proident proident. Ex veniam aute pariatur laborum ea exercitation commodo. Ullamco et ipsum in pariatur.', '2020-04-06 12:09:54', 'https://via.placeholder.com/400/', 'https://via.placeholder.com/100/888/fff/?text=ICON'),
(30, 50, 37.79065, -122.390861, 'Proident sit culpa irure esse aute anim cillum veniam id veniam fugiat. Magna in anim magna pariatur culpa ex consectetur magna. Ut dolore elit magna ea labore consequat.', '2020-06-25 07:00:03', 'https://via.placeholder.com/400/', 'https://via.placeholder.com/100/888/fff/?text=ICON'),
(31, 16, 37.78384, -122.455229, 'Et in eu aliqua magna id adipisicing aliqua aliquip nulla. Cillum cillum qui deserunt proident mollit ut. In mollit esse tempor labore mollit elit dolor excepteur voluptate cupidatat occaecat ea.', '2020-01-22 03:28:08', 'https://via.placeholder.com/400/', 'https://via.placeholder.com/100/888/fff/?text=ICON'),
(32, 22, 37.76227, -122.416173, 'Fugiat aute irure laborum sit adipisicing tempor eiusmod proident. Aute id dolore velit anim excepteur eiusmod consectetur occaecat reprehenderit. Laboris eiusmod non anim eiusmod labore aute incididunt sit reprehenderit proident.', '2020-01-31 03:26:25', 'https://via.placeholder.com/400/', 'https://via.placeholder.com/100/888/fff/?text=ICON'),
(33, 37, 37.78458, -122.456047, 'Fugiat aliquip anim nostrud ut reprehenderit magna. Proident labore fugiat tempor enim id dolore non duis do. Cillum dolor et in reprehenderit proident velit mollit consectetur consequat reprehenderit adipisicing sit consequat quis.', '2020-01-23 11:09:08', 'https://via.placeholder.com/400/', 'https://via.placeholder.com/100/888/fff/?text=ICON'),
(34, 40, 37.75266, -122.404241, 'Cillum velit anim minim consequat anim. Proident deserunt est nisi nostrud veniam cillum. Aliqua magna officia duis enim est.', '2020-02-10 08:30:00', 'https://via.placeholder.com/400/', 'https://via.placeholder.com/100/888/fff/?text=ICON'),
(35, 37, 37.76597, -122.42774, 'Deserunt cillum sunt eiusmod duis labore irure magna et sunt dolor consequat elit proident. Reprehenderit ullamco laboris ea deserunt cillum culpa. Dolor id labore culpa et laborum deserunt tempor veniam amet mollit commodo consectetur.', '2020-05-13 09:53:52', 'https://via.placeholder.com/400/', 'https://via.placeholder.com/100/888/fff/?text=ICON'),
(36, 12, 37.73962, -122.466465, 'Ipsum est mollit id sit eiusmod cillum consequat magna irure incididunt dolor do. Consectetur cillum non nisi sint eiusmod do qui consectetur. Cupidatat velit commodo consectetur non commodo sunt Lorem enim ut aliquip Lorem.', '2020-01-26 05:02:04', 'https://via.placeholder.com/400/', 'https://via.placeholder.com/100/888/fff/?text=ICON'),
(37, 6, 37.77726, -122.44067, 'Commodo quis duis laboris occaecat aliqua mollit excepteur. Elit dolor laborum proident minim qui anim enim esse veniam adipisicing aute irure cillum id. Anim duis nostrud adipisicing enim dolor eiusmod ipsum.', '2020-04-09 10:06:21', 'https://via.placeholder.com/400/', 'https://via.placeholder.com/100/888/fff/?text=ICON'),
(38, 21, 37.74914, -122.481535, 'In enim esse minim quis voluptate sit magna nisi mollit deserunt eiusmod ea id qui. Proident esse nulla esse adipisicing. Do qui nostrud excepteur labore amet anim ad nulla excepteur cillum enim reprehenderit enim.', '2020-01-26 12:40:03', 'https://via.placeholder.com/400/', 'https://via.placeholder.com/100/888/fff/?text=ICON'),
(39, 15, 37.79751, -122.48611, 'Cillum mollit incididunt eu fugiat aute ipsum magna adipisicing ut deserunt ad in dolore elit. Incididunt veniam nulla nisi esse consequat cillum id consectetur. Ea consectetur laboris ipsum ipsum.', '2020-04-26 11:28:18', 'https://via.placeholder.com/400/', 'https://via.placeholder.com/100/888/fff/?text=ICON'),
(40, 19, 37.70655, -122.437951, 'Qui eiusmod nisi dolore reprehenderit. Lorem reprehenderit et aliquip eiusmod. Occaecat deserunt fugiat irure nulla mollit ullamco voluptate nostrud tempor.', '2020-03-06 04:28:40', 'https://via.placeholder.com/400/', 'https://via.placeholder.com/100/888/fff/?text=ICON'),
(41, 9, 37.7792, -122.432397, 'Cupidatat eiusmod ut amet proident dolore culpa ad magna quis. Ad officia ut enim Lorem tempor culpa. Nulla nisi nostrud enim velit id.', '2020-01-27 05:05:39', 'https://via.placeholder.com/400/', 'https://via.placeholder.com/100/888/fff/?text=ICON'),
(42, 36, 37.76073, -122.415961, 'Deserunt sint est sint incididunt pariatur cillum. Cillum minim ad fugiat occaecat nulla consectetur esse sunt id deserunt aliquip consectetur esse. Velit qui esse culpa eiusmod id aute reprehenderit.', '2020-06-27 03:45:02', 'https://via.placeholder.com/400/', 'https://via.placeholder.com/100/888/fff/?text=ICON'),
(43, 48, 37.72537, -122.426763, 'Laboris fugiat in enim duis aliquip ea culpa in excepteur deserunt aliquip. Ex reprehenderit ullamco proident culpa eu officia quis in nulla fugiat aliqua proident occaecat. Laborum minim aliquip exercitation qui.', '2020-04-07 07:48:41', 'https://via.placeholder.com/400/', 'https://via.placeholder.com/100/888/fff/?text=ICON'),
(44, 4, 37.73028, -122.498555, 'Aliquip in eu pariatur ad excepteur. Incididunt aliquip aliquip aliqua pariatur veniam officia veniam reprehenderit est incididunt irure eu. Nostrud Lorem ex sint non elit magna cupidatat laboris do amet irure esse Lorem fugiat.', '2020-04-17 10:55:51', 'https://via.placeholder.com/400/', 'https://via.placeholder.com/100/888/fff/?text=ICON'),
(45, 46, 37.78819, -122.435154, 'Ut ipsum velit laboris eu culpa qui sint Lorem pariatur officia fugiat adipisicing laboris quis. Quis velit sint minim laboris duis. Amet aliqua pariatur adipisicing officia.', '2020-03-01 02:18:32', 'https://via.placeholder.com/400/', 'https://via.placeholder.com/100/888/fff/?text=ICON'),
(46, 39, 37.78183, -122.398909, 'Minim minim eiusmod sunt nostrud aliqua non veniam tempor dolor cillum laborum. Officia culpa enim incididunt incididunt id excepteur laborum velit. Consectetur duis elit non sint non occaecat.', '2020-01-20 07:15:50', 'https://via.placeholder.com/400/', 'https://via.placeholder.com/100/888/fff/?text=ICON'),
(47, 15, 37.80101, -122.43431, 'Sint dolore sunt sunt nisi non anim ad ipsum cillum irure exercitation ex non. Labore commodo veniam enim esse est irure incididunt magna dolore aliqua ipsum voluptate magna. Enim enim ex id do elit adipisicing id labore.', '2020-07-05 08:48:31', 'https://via.placeholder.com/400/', 'https://via.placeholder.com/100/888/fff/?text=ICON'),
(48, 42, 37.72569, -122.490591, 'Duis ea culpa labore adipisicing sint aliquip. Enim anim magna nisi commodo ad nisi velit esse est excepteur reprehenderit commodo enim. Quis esse in amet nisi veniam elit ut ex dolor nostrud magna quis.', '2020-03-10 02:44:20', 'https://via.placeholder.com/400/', 'https://via.placeholder.com/100/888/fff/?text=ICON'),
(49, 12, 37.75075, -122.395984, 'Cupidatat laboris quis reprehenderit magna dolore culpa laborum elit ullamco sint ullamco. Aliqua ad minim aliquip sunt in mollit. Nisi duis in officia nulla consectetur.', '2020-06-03 09:32:53', 'https://via.placeholder.com/400/', 'https://via.placeholder.com/100/888/fff/?text=ICON'),
(50, 33, 37.76296, -122.421382, 'Ex sit minim consectetur sunt eu aliqua nostrud ipsum. Excepteur cillum eu mollit aute. Labore laboris reprehenderit eu labore nulla do velit Lorem ullamco.', '2020-03-03 02:26:21', 'https://via.placeholder.com/400/', 'https://via.placeholder.com/100/888/fff/?text=ICON'),
(51, 25, 37.73429, -122.476153, 'Laborum commodo incididunt elit aute mollit aute nulla minim ipsum anim Lorem nulla. Enim aute voluptate pariatur amet nulla qui incididunt fugiat. Labore excepteur irure nostrud ullamco cillum ullamco laboris et labore esse nisi.', '2020-01-21 05:42:32', 'https://via.placeholder.com/400/', 'https://via.placeholder.com/100/888/fff/?text=ICON'),
(52, 33, 37.70522, -122.454034, 'Officia culpa officia ex enim do. Pariatur ipsum non sint ullamco duis. Lorem ullamco tempor adipisicing laboris elit enim adipisicing minim veniam Lorem mollit elit.', '2020-01-07 11:35:09', 'https://via.placeholder.com/400/', 'https://via.placeholder.com/100/888/fff/?text=ICON'),
(53, 3, 37.79846, -122.471837, 'Magna aliquip minim adipisicing eiusmod dolor quis aute tempor minim occaecat. Est aute tempor culpa nulla eu fugiat. Incididunt cupidatat quis duis incididunt qui tempor qui aliqua eiusmod nostrud.', '2020-02-04 05:04:49', 'https://via.placeholder.com/400/', 'https://via.placeholder.com/100/888/fff/?text=ICON'),
(54, 42, 37.7834, -122.452102, 'Ea ex esse ullamco incididunt non exercitation amet. Duis quis ullamco nostrud proident nulla occaecat. Lorem non ex sit sit ex ipsum ad quis Lorem.', '2020-02-25 10:54:38', 'https://via.placeholder.com/400/', 'https://via.placeholder.com/100/888/fff/?text=ICON'),
(55, 32, 37.72973, -122.478287, 'Magna nulla consequat consequat occaecat veniam reprehenderit non labore proident est. Enim velit voluptate sit labore voluptate aute non veniam adipisicing fugiat culpa ullamco. Quis reprehenderit dolore do nostrud ad sit.', '2020-01-03 07:49:07', 'https://via.placeholder.com/400/', 'https://via.placeholder.com/100/888/fff/?text=ICON'),
(56, 5, 37.79187, -122.445371, 'Aute magna culpa culpa do Lorem eiusmod. Aute in fugiat aute officia et qui dolor Lorem officia aliquip aliquip ullamco. Officia Lorem dolor nulla veniam commodo.', '2020-07-08 11:49:10', 'https://via.placeholder.com/400/', 'https://via.placeholder.com/100/888/fff/?text=ICON'),
(57, 30, 37.77026, -122.435645, 'Labore culpa ad minim officia occaecat esse proident quis qui laborum. Pariatur amet consectetur irure reprehenderit et dolore ipsum in cillum quis commodo quis dolor irure. Commodo laboris minim Lorem occaecat pariatur officia duis ad commodo fugiat id reprehenderit id aute.', '2020-01-13 03:05:47', 'https://via.placeholder.com/400/', 'https://via.placeholder.com/100/888/fff/?text=ICON'),
(58, 3, 37.78293, -122.471836, 'Consequat ea nulla dolor laborum laboris exercitation mollit culpa excepteur esse sint fugiat dolore. Quis eu ad aliqua dolor minim consectetur laboris nisi labore deserunt amet magna Lorem. Duis aliquip incididunt aliqua incididunt incididunt commodo sit laborum laboris excepteur Lorem eu sit amet.', '2020-02-02 06:43:58', 'https://via.placeholder.com/400/', 'https://via.placeholder.com/100/888/fff/?text=ICON'),
(59, 35, 37.77014, -122.460009, 'Cillum qui nostrud enim nulla occaecat reprehenderit proident est. Aliquip et ipsum irure fugiat adipisicing occaecat consectetur. Deserunt sint reprehenderit pariatur ad.', '2020-03-04 11:54:08', 'https://via.placeholder.com/400/', 'https://via.placeholder.com/100/888/fff/?text=ICON'),
(60, 34, 37.79183, -122.497527, 'Ex nulla duis nulla et ex ex veniam Lorem non duis cillum anim aliqua. Laboris aliqua ullamco reprehenderit in incididunt nisi qui non ea adipisicing incididunt. Minim anim incididunt laborum esse ut deserunt amet sunt excepteur.', '2020-04-07 02:53:09', 'https://via.placeholder.com/400/', 'https://via.placeholder.com/100/888/fff/?text=ICON'),
(61, 3, 37.72454, -122.472298, 'Sunt et nisi elit consequat deserunt dolore officia. Cillum occaecat ad non culpa labore incididunt quis dolor sint ipsum ad voluptate. Enim aute occaecat ipsum fugiat mollit excepteur.', '2020-04-22 12:32:37', 'https://via.placeholder.com/400/', 'https://via.placeholder.com/100/888/fff/?text=ICON'),
(62, 15, 37.76242, -122.408836, 'Sint cillum culpa deserunt minim excepteur. Esse enim irure eu nulla tempor nulla officia sint consectetur nulla esse nulla elit. Velit ex nostrud Lorem consequat excepteur voluptate laborum.', '2020-07-13 02:47:08', 'https://via.placeholder.com/400/', 'https://via.placeholder.com/100/888/fff/?text=ICON'),
(63, 41, 37.77711, -122.480733, 'Ea ea ex aliquip ex ullamco labore cupidatat duis magna. Ullamco irure sit aliqua voluptate. Consectetur consequat laboris id et pariatur et tempor excepteur sit.', '2020-06-27 08:05:45', 'https://via.placeholder.com/400/', 'https://via.placeholder.com/100/888/fff/?text=ICON'),
(64, 23, 37.713, -122.481675, 'Ut duis commodo in irure esse culpa. Ullamco aliqua cillum ea sint do commodo incididunt do Lorem pariatur ea sint. Fugiat minim aliqua consectetur est minim occaecat anim ut fugiat occaecat Lorem dolore.', '2020-05-19 10:45:38', 'https://via.placeholder.com/400/', 'https://via.placeholder.com/100/888/fff/?text=ICON'),
(65, 38, 37.76617, -122.44705, 'Officia eu excepteur ad et in amet elit. Minim cillum culpa proident sint Lorem est veniam. Cillum est adipisicing dolore consectetur amet quis est occaecat nulla commodo consectetur.', '2020-07-07 06:37:04', 'https://via.placeholder.com/400/', 'https://via.placeholder.com/100/888/fff/?text=ICON'),
(66, 39, 37.74006, -122.39217, 'Tempor ullamco consequat do sint Lorem ipsum anim voluptate dolor labore adipisicing occaecat ea. Reprehenderit ad mollit ea sit ipsum proident. Exercitation fugiat exercitation et Lorem officia eiusmod fugiat tempor culpa adipisicing reprehenderit ut est.', '2020-05-20 05:15:32', 'https://via.placeholder.com/400/', 'https://via.placeholder.com/100/888/fff/?text=ICON'),
(67, 5, 37.70433, -122.443832, 'Officia id aute duis fugiat cupidatat velit. Lorem exercitation occaecat aliquip laboris in labore incididunt in. Excepteur quis ea adipisicing aute deserunt enim laborum et cillum.', '2020-04-09 09:46:42', 'https://via.placeholder.com/400/', 'https://via.placeholder.com/100/888/fff/?text=ICON'),
(68, 40, 37.77872, -122.397138, 'Labore anim elit irure laboris. Eu tempor esse adipisicing ex. Excepteur velit minim sunt qui dolore esse Lorem consectetur nisi qui sit mollit excepteur fugiat.', '2020-01-10 09:04:15', 'https://via.placeholder.com/400/', 'https://via.placeholder.com/100/888/fff/?text=ICON'),
(69, 7, 37.76089, -122.406646, 'Est cupidatat sint et excepteur sit. Commodo esse commodo officia excepteur. Ipsum anim duis ex ipsum nulla commodo.', '2020-05-02 05:44:43', 'https://via.placeholder.com/400/', 'https://via.placeholder.com/100/888/fff/?text=ICON'),
(70, 45, 37.79111, -122.403154, 'Consequat fugiat dolore ullamco eu adipisicing veniam irure mollit ad cillum dolor consectetur. Sunt consequat magna sunt excepteur aliquip exercitation ad minim nostrud culpa est. Veniam duis deserunt mollit Lorem aute.', '2020-02-19 10:40:53', 'https://via.placeholder.com/400/', 'https://via.placeholder.com/100/888/fff/?text=ICON'),
(71, 42, 37.74167, -122.451069, 'Magna labore reprehenderit do sunt labore. Nostrud aliqua deserunt laborum in deserunt mollit eiusmod. Ex eu fugiat ex tempor esse tempor ex est.', '2020-03-19 06:42:24', 'https://via.placeholder.com/400/', 'https://via.placeholder.com/100/888/fff/?text=ICON'),
(72, 6, 37.72065, -122.481564, 'Mollit ullamco duis in esse qui. Commodo est irure laborum non in sunt. Excepteur eiusmod culpa ut est minim magna eiusmod occaecat irure aute consectetur laborum ipsum excepteur.', '2020-04-21 07:15:00', 'https://via.placeholder.com/400/', 'https://via.placeholder.com/100/888/fff/?text=ICON'),
(73, 19, 37.74037, -122.450041, 'Pariatur tempor consectetur duis veniam aliqua occaecat. Ut qui consequat cillum duis et consectetur proident adipisicing in laborum esse. Cupidatat nostrud nisi ex consectetur.', '2020-05-13 11:31:06', 'https://via.placeholder.com/400/', 'https://via.placeholder.com/100/888/fff/?text=ICON'),
(74, 48, 37.70557, -122.40061, 'Consequat duis veniam est incididunt cupidatat nostrud do excepteur Lorem qui adipisicing ut. Consequat aute esse velit cillum. Eu proident ad reprehenderit sunt proident magna.', '2020-02-11 05:41:09', 'https://via.placeholder.com/400/', 'https://via.placeholder.com/100/888/fff/?text=ICON'),
(75, 18, 37.76369, -122.439649, 'Cillum veniam ex occaecat consequat magna. Sint voluptate proident nostrud cillum eiusmod nostrud et Lorem esse cupidatat eiusmod ut. Officia aliquip ullamco duis consequat laborum occaecat.', '2020-03-17 06:21:21', 'https://via.placeholder.com/400/', 'https://via.placeholder.com/100/888/fff/?text=ICON'),
(76, 33, 37.71412, -122.40989, 'Consequat ut sit anim consequat qui reprehenderit. Sunt amet cupidatat magna id ut culpa officia non ad. Esse irure velit do incididunt enim consequat reprehenderit Lorem cupidatat qui nostrud veniam ut nostrud.', '2020-04-12 06:19:01', 'https://via.placeholder.com/400/', 'https://via.placeholder.com/100/888/fff/?text=ICON'),
(77, 45, 37.74849, -122.434847, 'Officia adipisicing ipsum esse deserunt duis ullamco pariatur dolore non in ad pariatur magna id. Quis et aliquip est anim deserunt sunt fugiat eu nisi proident laborum. Minim ad Lorem irure mollit magna.', '2020-06-30 04:53:32', 'https://via.placeholder.com/400/', 'https://via.placeholder.com/100/888/fff/?text=ICON'),
(78, 38, 37.72224, -122.453354, 'Enim laborum sunt Lorem minim laborum cupidatat qui quis commodo tempor quis. Esse incididunt pariatur mollit eiusmod sit nulla dolor ipsum do duis enim consequat ipsum minim. Adipisicing veniam cillum officia aliquip duis sunt anim.', '2020-01-21 03:52:23', 'https://via.placeholder.com/400/', 'https://via.placeholder.com/100/888/fff/?text=ICON'),
(79, 43, 37.77858, -122.435595, 'Adipisicing mollit commodo consequat cupidatat minim amet id aliquip minim consequat. Aliquip esse consequat sint ea occaecat pariatur duis irure sint ex. Adipisicing ex in officia id nisi aliquip dolor velit fugiat labore labore.', '2020-05-21 01:05:15', 'https://via.placeholder.com/400/', 'https://via.placeholder.com/100/888/fff/?text=ICON'),
(80, 5, 37.78153, -122.458789, 'Officia anim est nulla sint fugiat cupidatat exercitation pariatur officia minim non consectetur. Ut voluptate dolore mollit nostrud proident do eiusmod nisi cillum commodo duis excepteur. Dolore tempor do est magna deserunt consectetur occaecat.', '2020-06-03 11:31:51', 'https://via.placeholder.com/400/', 'https://via.placeholder.com/100/888/fff/?text=ICON'),
(81, 24, 37.76743, -122.423719, 'Proident ex enim ea deserunt adipisicing incididunt adipisicing minim occaecat id. Mollit duis consectetur sint dolor minim dolor quis irure do enim aliquip dolor. Duis eu enim est minim enim do nulla et nulla cupidatat deserunt.', '2020-05-16 02:25:40', 'https://via.placeholder.com/400/', 'https://via.placeholder.com/100/888/fff/?text=ICON'),
(82, 12, 37.7471, -122.473165, 'Minim excepteur sunt reprehenderit occaecat pariatur sit qui. Cupidatat commodo nulla deserunt eiusmod dolore culpa. Amet qui nisi ullamco anim ullamco occaecat cillum culpa ex ut ipsum pariatur commodo.', '2020-05-17 01:34:34', 'https://via.placeholder.com/400/', 'https://via.placeholder.com/100/888/fff/?text=ICON'),
(83, 10, 37.76903, -122.442343, 'Sint esse eiusmod dolor aute ullamco voluptate. Anim nostrud amet quis Lorem consectetur sint excepteur minim sit consequat. Nisi ut ea incididunt esse.', '2020-05-11 03:47:42', 'https://via.placeholder.com/400/', 'https://via.placeholder.com/100/888/fff/?text=ICON'),
(84, 7, 37.79233, -122.454623, 'Deserunt aute dolore deserunt id id. Eu commodo id nostrud consectetur voluptate velit esse ex sint laboris nisi non aliqua nostrud. Dolor id nostrud laborum eiusmod minim commodo do amet nulla consequat eiusmod exercitation culpa incididunt.', '2020-06-01 08:39:31', 'https://via.placeholder.com/400/', 'https://via.placeholder.com/100/888/fff/?text=ICON'),
(85, 28, 37.74563, -122.464788, 'Nostrud sunt eu ad dolore ad ea cupidatat aute dolore velit Lorem dolor. Dolor ut consectetur ullamco labore est nisi non enim. Culpa veniam do id culpa anim est ex veniam voluptate veniam id nostrud ad.', '2020-01-24 11:03:03', 'https://via.placeholder.com/400/', 'https://via.placeholder.com/100/888/fff/?text=ICON'),
(86, 25, 37.76351, -122.475766, 'Minim eiusmod officia commodo consequat in ipsum amet veniam. Amet eu sit laboris ea incididunt id nostrud nulla tempor. Reprehenderit consectetur irure quis quis excepteur.', '2020-05-16 05:49:28', 'https://via.placeholder.com/400/', 'https://via.placeholder.com/100/888/fff/?text=ICON'),
(87, 16, 37.75835, -122.423329, 'Eiusmod velit duis consequat eu mollit duis duis. Nostrud voluptate veniam ex enim. Nulla laboris consequat laborum est do cupidatat adipisicing reprehenderit.', '2020-01-05 05:29:16', 'https://via.placeholder.com/400/', 'https://via.placeholder.com/100/888/fff/?text=ICON'),
(88, 17, 37.70964, -122.446313, 'Reprehenderit enim aute sunt aliqua aliqua magna laborum. Culpa adipisicing excepteur id exercitation in. Minim minim amet nulla elit in.', '2020-04-11 09:47:03', 'https://via.placeholder.com/400/', 'https://via.placeholder.com/100/888/fff/?text=ICON'),
(89, 40, 37.75655, -122.454561, 'Eiusmod veniam ullamco sunt proident sit dolor sit ut tempor aliquip voluptate. Enim proident dolor enim occaecat et nostrud ea irure voluptate ex. Non esse proident sint excepteur pariatur do velit occaecat ut id do.', '2020-01-04 09:50:32', 'https://via.placeholder.com/400/', 'https://via.placeholder.com/100/888/fff/?text=ICON'),
(90, 8, 37.70157, -122.467338, 'Consectetur ipsum Lorem nostrud ad voluptate eiusmod velit velit magna mollit anim. Et dolor reprehenderit eu labore eiusmod sunt sunt occaecat aliqua ex aute dolor labore pariatur. Ad pariatur excepteur incididunt proident cupidatat mollit ut occaecat non labore consectetur aliqua nostrud.', '2020-06-08 02:57:16', 'https://via.placeholder.com/400/', 'https://via.placeholder.com/100/888/fff/?text=ICON'),
(91, 43, 37.70061, -122.401353, 'Cillum qui in ullamco sit ipsum exercitation dolor. Aliqua duis nulla adipisicing voluptate occaecat cillum. Aliquip qui quis sit esse dolor est consectetur consequat do quis proident enim Lorem.', '2020-07-13 11:42:54', 'https://via.placeholder.com/400/', 'https://via.placeholder.com/100/888/fff/?text=ICON'),
(92, 7, 37.74921, -122.450889, 'Ipsum ut sint enim tempor laboris. Deserunt commodo cillum sint et id ex nulla incididunt. Ea culpa consectetur mollit amet excepteur amet in officia officia cillum est nulla sunt.', '2020-02-12 10:18:06', 'https://via.placeholder.com/400/', 'https://via.placeholder.com/100/888/fff/?text=ICON'),
(93, 2, 37.79661, -122.456992, 'Ad fugiat amet cillum nisi est reprehenderit occaecat eu occaecat laboris. Sit non officia officia quis Lorem eu duis. Et voluptate ut nostrud anim velit mollit officia.', '2020-01-28 05:48:18', 'https://via.placeholder.com/400/', 'https://via.placeholder.com/100/888/fff/?text=ICON'),
(94, 23, 37.71843, -122.443322, 'Ut sit elit amet veniam irure pariatur mollit ullamco. Consequat esse nisi mollit qui laborum cupidatat esse ullamco voluptate proident exercitation ipsum. Ipsum nisi id incididunt cillum nostrud anim ipsum laboris velit elit.', '2020-04-26 10:14:34', 'https://via.placeholder.com/400/', 'https://via.placeholder.com/100/888/fff/?text=ICON'),
(95, 34, 37.74456, -122.430857, 'Ullamco Lorem Lorem sint reprehenderit cupidatat commodo et dolor. Do sit laborum veniam commodo ea labore. Officia ea sint cupidatat velit Lorem.', '2020-02-14 10:45:06', 'https://via.placeholder.com/400/', 'https://via.placeholder.com/100/888/fff/?text=ICON'),
(96, 29, 37.78997, -122.491172, 'Sint minim ea ex adipisicing esse est. Ut consectetur est occaecat deserunt quis eiusmod tempor. Ex sunt proident officia enim adipisicing laborum enim.', '2020-03-29 03:55:51', 'https://via.placeholder.com/400/', 'https://via.placeholder.com/100/888/fff/?text=ICON'),
(97, 45, 37.75237, -122.461902, 'Dolor exercitation est sunt fugiat cupidatat culpa ullamco. Tempor occaecat sunt ex dolore Lorem ex ut quis nulla. Sint aute ad dolore id eiusmod est elit enim.', '2020-06-17 06:37:38', 'https://via.placeholder.com/400/', 'https://via.placeholder.com/100/888/fff/?text=ICON'),
(98, 3, 37.74166, -122.483197, 'Qui eiusmod incididunt aute quis pariatur magna quis. Velit deserunt et Lorem cupidatat laboris sint ut aliqua commodo do ad Lorem commodo. Ut do dolor nulla excepteur consequat incididunt deserunt excepteur excepteur velit laborum.', '2020-05-26 05:24:01', 'https://via.placeholder.com/400/', 'https://via.placeholder.com/100/888/fff/?text=ICON'),
(99, 24, 37.79474, -122.455305, 'Labore aliqua aliquip culpa eiusmod voluptate cillum quis aliquip dolore dolore sint. Eu culpa laborum cupidatat et adipisicing. Eiusmod aute sunt commodo deserunt veniam culpa laborum Lorem do id mollit laborum.', '2020-01-13 05:52:27', 'https://via.placeholder.com/400/', 'https://via.placeholder.com/100/888/fff/?text=ICON'),
(100, 42, 37.75995, -122.49278, 'Tempor tempor irure nisi non amet amet. Do reprehenderit cillum irure sint quis dolore irure proident do. Ipsum elit velit commodo Lorem in sit esse id irure reprehenderit Lorem est.', '2020-05-09 01:05:31', 'https://via.placeholder.com/400/', 'https://via.placeholder.com/100/888/fff/?text=ICON'),
(101, 1, 37.71199, -122.440695, 'Id tempor aliquip occaecat occaecat Lorem cupidatat quis occaecat in. Nulla anim ex consectetur nulla consectetur. Eu minim non laborum culpa fugiat sint sint officia in est culpa.', '2020-05-02 02:54:38', 'https://via.placeholder.com/400/', 'https://via.placeholder.com/100/888/fff/?text=ICON'),
(102, 45, 37.72913, -122.488052, 'Veniam ea ullamco eu ad voluptate amet nostrud cupidatat sunt reprehenderit proident dolor mollit. Occaecat labore culpa id esse dolore laboris. Eu nisi proident reprehenderit minim commodo officia do culpa esse qui laborum proident.', '2020-07-02 10:44:26', 'https://via.placeholder.com/400/', 'https://via.placeholder.com/100/888/fff/?text=ICON'),
(103, 25, 37.70443, -122.493628, 'Cillum velit consectetur ad culpa excepteur ullamco et. Eu sit duis et exercitation commodo ipsum ad laborum ea incididunt laborum pariatur magna labore. Elit dolore proident nostrud irure commodo est dolor.', '2020-02-17 10:33:00', 'https://via.placeholder.com/400/', 'https://via.placeholder.com/100/888/fff/?text=ICON'),
(104, 43, 37.77435, -122.480515, 'Adipisicing officia consectetur non Lorem eiusmod ipsum proident fugiat sunt labore sit. Nisi cillum deserunt anim eiusmod aute ipsum velit. Mollit sunt ipsum pariatur est.', '2020-02-28 04:05:53', 'https://via.placeholder.com/400/', 'https://via.placeholder.com/100/888/fff/?text=ICON'),
(105, 11, 37.76666, -122.409072, 'Eiusmod exercitation irure ullamco est magna ipsum nisi culpa duis aute minim do quis ut. Qui adipisicing laborum enim nostrud. Occaecat laborum ullamco incididunt aliqua officia enim.', '2020-01-17 10:43:17', 'https://via.placeholder.com/400/', 'https://via.placeholder.com/100/888/fff/?text=ICON'),
(106, 40, 37.71174, -122.435704, 'Est minim qui cillum fugiat magna occaecat nulla duis magna ad id. Eu tempor eu proident veniam culpa id id aliqua nulla non. Sint minim ullamco proident cillum consequat nisi esse fugiat voluptate ipsum velit est.', '2020-04-04 07:49:34', 'https://via.placeholder.com/400/', 'https://via.placeholder.com/100/888/fff/?text=ICON'),
(107, 16, 37.75698, -122.423266, 'Ex anim irure ea reprehenderit ea est nisi ex nulla sunt aliqua fugiat incididunt sit. Ad culpa aliqua sit eiusmod dolore anim. Amet deserunt ad amet officia Lorem nulla commodo.', '2020-01-19 11:14:09', 'https://via.placeholder.com/400/', 'https://via.placeholder.com/100/888/fff/?text=ICON'),
(108, 30, 37.78426, -122.440212, 'Elit sit quis dolore excepteur fugiat aliqua aliquip velit magna ipsum aliquip laboris. Excepteur quis proident enim laborum. Non consectetur occaecat nisi aliquip amet velit proident consequat anim exercitation exercitation amet excepteur fugiat.', '2020-03-29 09:25:34', 'https://via.placeholder.com/400/', 'https://via.placeholder.com/100/888/fff/?text=ICON'),
(109, 15, 37.76299, -122.423883, 'Cillum et sint incididunt et. Voluptate aliqua dolore velit id nostrud. Laboris enim do ad est nostrud proident irure sunt excepteur officia.', '2020-05-24 02:34:34', 'https://via.placeholder.com/400/', 'https://via.placeholder.com/100/888/fff/?text=ICON'),
(110, 45, 37.758, -122.453193, 'In tempor elit anim commodo et cillum. Nulla esse laboris sit sint ipsum occaecat esse duis et nisi aute fugiat ex. Voluptate veniam enim ipsum ex duis labore sint ad amet cupidatat dolore dolor pariatur id.', '2020-07-02 09:11:59', 'https://via.placeholder.com/400/', 'https://via.placeholder.com/100/888/fff/?text=ICON'),
(111, 4, 37.76656, -122.422837, 'Laboris excepteur voluptate occaecat adipisicing commodo irure dolor commodo dolore irure quis ipsum occaecat. Incididunt magna id veniam nostrud laborum in ea quis mollit. Reprehenderit dolore ea proident officia ea.', '2020-04-30 07:25:08', 'https://via.placeholder.com/400/', 'https://via.placeholder.com/100/888/fff/?text=ICON'),
(112, 16, 37.78894, -122.4629, 'Velit adipisicing labore ipsum do id sint adipisicing nostrud. Adipisicing et do anim sunt qui ut laborum fugiat duis. Nisi voluptate aliquip minim velit occaecat velit eiusmod quis.', '2020-03-01 05:03:31', 'https://via.placeholder.com/400/', 'https://via.placeholder.com/100/888/fff/?text=ICON'),
(113, 16, 37.75667, -122.436462, 'Ullamco sit qui id ex laboris ullamco aliquip commodo quis in laborum Lorem occaecat reprehenderit. Ad sit voluptate deserunt consectetur mollit eu nostrud laborum laborum elit proident sint proident ipsum. Est reprehenderit nisi qui officia fugiat.', '2020-04-21 12:25:13', 'https://via.placeholder.com/400/', 'https://via.placeholder.com/100/888/fff/?text=ICON'),
(114, 22, 37.7473, -122.491976, 'Anim aliquip amet ipsum ad aliquip magna non fugiat commodo elit est. Sint labore sit in est proident exercitation consectetur. Duis dolore non officia cillum sint velit.', '2020-02-02 05:06:19', 'https://via.placeholder.com/400/', 'https://via.placeholder.com/100/888/fff/?text=ICON'),
(115, 38, 37.75304, -122.405678, 'Excepteur aliqua velit magna consequat ea qui est irure enim. Officia esse eu sint commodo dolor pariatur ut pariatur commodo. Deserunt cupidatat elit ullamco aliqua occaecat anim reprehenderit mollit officia non.', '2020-04-04 06:10:24', 'https://via.placeholder.com/400/', 'https://via.placeholder.com/100/888/fff/?text=ICON'),
(116, 45, 37.78453, -122.497374, 'Officia esse sint esse adipisicing ea cupidatat amet cupidatat. Ut Lorem laboris ex ad duis ipsum sit officia. Aute magna officia mollit est cillum id reprehenderit veniam.', '2020-03-02 02:34:43', 'https://via.placeholder.com/400/', 'https://via.placeholder.com/100/888/fff/?text=ICON'),
(117, 41, 37.79267, -122.477469, 'Occaecat officia laborum et duis sit aliqua sint ullamco aute. Non mollit Lorem eu ipsum culpa adipisicing tempor ipsum nulla anim amet ipsum. Officia laboris est eu laboris ea magna cillum laborum non nisi voluptate.', '2020-04-01 08:03:09', 'https://via.placeholder.com/400/', 'https://via.placeholder.com/100/888/fff/?text=ICON'),
(118, 18, 37.70852, -122.472738, 'Cillum enim in aliqua Lorem irure adipisicing velit in cupidatat dolor ipsum. Anim magna sit minim proident proident eu in consequat ea fugiat fugiat magna deserunt. Dolore ea ea duis cupidatat veniam culpa sit veniam veniam.', '2020-06-18 06:29:48', 'https://via.placeholder.com/400/', 'https://via.placeholder.com/100/888/fff/?text=ICON'),
(119, 24, 37.70364, -122.475064, 'Esse laboris cillum minim minim ipsum exercitation aute exercitation duis id irure pariatur id aliquip. Labore culpa non quis non in est incididunt. Eu minim adipisicing nulla non.', '2020-07-09 10:17:13', 'https://via.placeholder.com/400/', 'https://via.placeholder.com/100/888/fff/?text=ICON'),
(120, 5, 37.77679, -122.411127, 'Non eu excepteur ipsum consectetur labore ex amet est minim laborum duis exercitation reprehenderit. Cillum nostrud adipisicing mollit ad cupidatat officia commodo sunt dolor eu cillum commodo in irure. Ipsum eu occaecat cupidatat ipsum duis.', '2020-03-21 11:48:55', 'https://via.placeholder.com/400/', 'https://via.placeholder.com/100/888/fff/?text=ICON'),
(121, 43, 37.70733, -122.404594, 'Sit do excepteur ex adipisicing sit id magna Lorem in irure voluptate. Proident laborum cillum ex est qui et Lorem sint ad dolore aute aliqua aute tempor. Amet commodo cillum in aliqua quis consequat non in amet ullamco velit sunt.', '2020-02-19 11:56:28', 'https://via.placeholder.com/400/', 'https://via.placeholder.com/100/888/fff/?text=ICON'),
(122, 26, 37.77044, -122.423907, 'Anim officia excepteur sunt id labore proident sit. Culpa cillum occaecat sint enim irure. Irure deserunt ullamco ipsum nisi.', '2020-02-05 10:08:07', 'https://via.placeholder.com/400/', 'https://via.placeholder.com/100/888/fff/?text=ICON'),
(123, 42, 37.75977, -122.446652, 'Aliquip voluptate fugiat nulla minim ipsum mollit. Quis minim sunt amet cillum ea ea Lorem minim. Cupidatat officia magna dolor qui.', '2020-06-08 07:19:24', 'https://via.placeholder.com/400/', 'https://via.placeholder.com/100/888/fff/?text=ICON'),
(124, 34, 37.69959, -122.392357, 'Commodo ullamco nisi et culpa. Elit labore aliquip ullamco elit officia cupidatat velit pariatur irure deserunt sint. Excepteur eu adipisicing mollit magna anim consequat elit eu anim deserunt eiusmod.', '2020-05-02 12:43:06', 'https://via.placeholder.com/400/', 'https://via.placeholder.com/100/888/fff/?text=ICON'),
(125, 19, 37.70063, -122.426567, 'Veniam irure quis consectetur ad deserunt ad nulla sunt incididunt consequat excepteur. Nulla duis excepteur quis id aliqua exercitation. Sint consequat occaecat nulla fugiat dolore ipsum tempor occaecat cillum aliquip reprehenderit sit.', '2020-02-10 04:46:05', 'https://via.placeholder.com/400/', 'https://via.placeholder.com/100/888/fff/?text=ICON'),
(126, 2, 37.77167, -122.480622, 'Consectetur proident sint cillum nisi amet pariatur culpa esse commodo anim. Esse non nisi culpa duis do amet ad id ipsum nisi. Ad ut minim cupidatat elit sit nisi.', '2020-01-07 09:49:46', 'https://via.placeholder.com/400/', 'https://via.placeholder.com/100/888/fff/?text=ICON'),
(127, 40, 37.75729, -122.42962, 'Ad fugiat minim non consequat consectetur amet tempor fugiat officia sunt consequat. Quis adipisicing nostrud culpa ut minim irure. Reprehenderit duis tempor irure ex.', '2020-02-26 03:01:39', 'https://via.placeholder.com/400/', 'https://via.placeholder.com/100/888/fff/?text=ICON'),
(128, 32, 37.76175, -122.465692, 'Mollit aute minim exercitation reprehenderit excepteur anim labore elit consequat. Ad id occaecat cillum velit mollit amet occaecat ut. Tempor eu ex nisi laboris id laboris eiusmod laborum proident aute tempor exercitation.', '2020-04-22 01:30:32', 'https://via.placeholder.com/400/', 'https://via.placeholder.com/100/888/fff/?text=ICON'),
(129, 33, 37.73896, -122.468027, 'Occaecat officia nisi ad ipsum sit dolore. Incididunt mollit elit nisi excepteur sit dolor occaecat dolore veniam qui adipisicing. Laboris id exercitation Lorem id mollit cupidatat.', '2020-03-22 08:33:07', 'https://via.placeholder.com/400/', 'https://via.placeholder.com/100/888/fff/?text=ICON'),
(130, 50, 37.76248, -122.435703, 'Consectetur fugiat voluptate cillum eu nostrud do nostrud. Officia culpa est laboris pariatur aliqua consectetur veniam. Dolor incididunt laborum ullamco irure nisi anim reprehenderit.', '2020-07-12 03:12:53', 'https://via.placeholder.com/400/', 'https://via.placeholder.com/100/888/fff/?text=ICON'),
(131, 18, 37.75158, -122.483982, 'Do nisi voluptate proident quis minim veniam labore non occaecat adipisicing tempor sunt ad elit. Nostrud tempor eiusmod culpa culpa do adipisicing sunt do exercitation. Nisi sit cillum dolore dolor nisi pariatur pariatur adipisicing sunt nostrud consectetur velit.', '2020-01-03 02:31:36', 'https://via.placeholder.com/400/', 'https://via.placeholder.com/100/888/fff/?text=ICON'),
(132, 14, 37.76921, -122.398432, 'Do consectetur cupidatat labore ut ea ea elit. Velit adipisicing culpa cupidatat aliquip occaecat do. Ipsum magna consectetur non est eiusmod tempor culpa occaecat ex ipsum.', '2020-02-14 03:20:32', 'https://via.placeholder.com/400/', 'https://via.placeholder.com/100/888/fff/?text=ICON'),
(133, 17, 37.79482, -122.399799, 'Cillum consequat amet nulla ipsum do labore aliqua velit adipisicing id esse commodo eu laborum. Amet Lorem voluptate quis ad eiusmod nulla tempor sit. Ad aliqua in adipisicing ut commodo.', '2020-05-16 12:57:42', 'https://via.placeholder.com/400/', 'https://via.placeholder.com/100/888/fff/?text=ICON'),
(134, 11, 37.70364, -122.440214, 'Sit nisi minim reprehenderit deserunt esse enim veniam in. Sint ipsum et ea deserunt nostrud in consectetur officia quis voluptate non cillum ullamco. Sit nisi deserunt excepteur anim duis consectetur eu laboris nostrud sint.', '2020-01-01 10:19:14', 'https://via.placeholder.com/400/', 'https://via.placeholder.com/100/888/fff/?text=ICON'),
(135, 43, 37.78496, -122.42011, 'Eu tempor voluptate anim amet. Et ullamco fugiat duis non enim cillum anim excepteur qui do officia. Cillum aliquip labore deserunt labore laboris dolor in nisi anim nostrud.', '2020-02-14 04:36:36', 'https://via.placeholder.com/400/', 'https://via.placeholder.com/100/888/fff/?text=ICON'),
(136, 27, 37.76831, -122.424533, 'Adipisicing duis id aute pariatur commodo do irure anim enim. Culpa duis reprehenderit dolore excepteur exercitation do ullamco veniam cupidatat. Eiusmod velit amet nulla elit sint sunt aliquip in nulla ullamco ullamco excepteur exercitation.', '2020-05-03 06:11:39', 'https://via.placeholder.com/400/', 'https://via.placeholder.com/100/888/fff/?text=ICON'),
(137, 34, 37.74072, -122.43462, 'Magna est voluptate commodo nulla cupidatat esse sint tempor quis sunt amet sit incididunt consectetur. Nulla aute amet ullamco consectetur laborum consectetur aliquip reprehenderit ad. Sit culpa voluptate qui ipsum nisi labore minim qui pariatur minim cupidatat cillum.', '2020-06-29 01:20:21', 'https://via.placeholder.com/400/', 'https://via.placeholder.com/100/888/fff/?text=ICON'),
(138, 45, 37.72993, -122.452497, 'Dolore exercitation consectetur dolor id pariatur proident dolore culpa esse enim consequat proident consectetur ad. Elit proident et occaecat minim laborum. In proident veniam aliqua aute fugiat magna consectetur amet irure non.', '2020-05-24 09:43:24', 'https://via.placeholder.com/400/', 'https://via.placeholder.com/100/888/fff/?text=ICON'),
(139, 46, 37.70114, -122.423337, 'Reprehenderit officia eiusmod in ullamco do deserunt dolore incididunt excepteur adipisicing ut anim cillum. Ipsum irure cillum ex anim pariatur duis irure non do enim aliqua magna pariatur. Dolore dolor irure velit cillum mollit tempor nisi ea sunt aliqua magna.', '2020-04-25 01:52:31', 'https://via.placeholder.com/400/', 'https://via.placeholder.com/100/888/fff/?text=ICON'),
(140, 13, 37.76382, -122.399996, 'Adipisicing esse id in laborum laboris non qui ea consequat sit Lorem. Ut laboris cupidatat elit ipsum. Pariatur pariatur nulla deserunt exercitation labore non.', '2020-06-20 02:20:51', 'https://via.placeholder.com/400/', 'https://via.placeholder.com/100/888/fff/?text=ICON'),
(141, 1, 37.75736, -122.443883, 'Minim do laborum cillum est. Incididunt consectetur officia ad cillum amet in ad. Deserunt quis elit nostrud veniam mollit elit sint.', '2020-05-16 04:18:02', 'https://via.placeholder.com/400/', 'https://via.placeholder.com/100/888/fff/?text=ICON'),
(142, 36, 37.78238, -122.395214, 'Ut culpa eu exercitation do sint sint qui qui. Ipsum labore eiusmod commodo cupidatat ullamco magna reprehenderit irure culpa do proident consequat. Incididunt elit culpa sit magna incididunt ipsum adipisicing voluptate.', '2020-04-23 06:16:41', 'https://via.placeholder.com/400/', 'https://via.placeholder.com/100/888/fff/?text=ICON'),
(143, 12, 37.73109, -122.466709, 'Deserunt in dolor nulla consequat. Dolore magna elit qui dolor ut adipisicing nulla esse velit dolor consequat proident. In aliqua deserunt laboris voluptate officia minim dolore laborum cillum.', '2020-02-24 01:55:44', 'https://via.placeholder.com/400/', 'https://via.placeholder.com/100/888/fff/?text=ICON');
INSERT INTO `track_locations` (`id`, `animal_id`, `lat`, `lng`, `description`, `date_create`, `photo`, `icon`) VALUES
(144, 40, 37.77324, -122.389788, 'Voluptate enim exercitation ut proident id. Dolor et duis ex anim. Laborum elit Lorem in dolore.', '2020-05-27 04:56:44', 'https://via.placeholder.com/400/', 'https://via.placeholder.com/100/888/fff/?text=ICON'),
(145, 40, 37.77102, -122.475307, 'Esse ad eu deserunt aliquip aliquip mollit veniam consectetur pariatur elit culpa. Ut nulla deserunt veniam est elit ex pariatur nisi est voluptate veniam commodo. Mollit reprehenderit voluptate consequat eiusmod aliquip sit adipisicing elit amet nulla.', '2020-04-10 07:15:12', 'https://via.placeholder.com/400/', 'https://via.placeholder.com/100/888/fff/?text=ICON'),
(146, 9, 37.73282, -122.425385, 'Laboris sunt ullamco ea pariatur aliquip dolore velit minim mollit cupidatat veniam veniam reprehenderit. Qui ex incididunt eiusmod ullamco sint esse esse est occaecat anim ad dolor. Incididunt aute sunt veniam ex.', '2020-02-06 08:35:25', 'https://via.placeholder.com/400/', 'https://via.placeholder.com/100/888/fff/?text=ICON'),
(147, 23, 37.78219, -122.415681, 'Cupidatat et mollit aute nostrud magna aliquip incididunt occaecat minim duis labore. Dolor officia ex laboris occaecat quis voluptate laborum magna nulla veniam incididunt reprehenderit velit. In ex qui cillum duis deserunt.', '2020-01-31 06:20:28', 'https://via.placeholder.com/400/', 'https://via.placeholder.com/100/888/fff/?text=ICON'),
(148, 33, 37.77192, -122.446945, 'Do officia occaecat ea consectetur ex amet magna consequat est proident. Ex anim commodo exercitation non proident ad labore sit laboris. Ex pariatur pariatur sunt exercitation ut non quis aliquip reprehenderit deserunt culpa.', '2020-04-27 11:23:35', 'https://via.placeholder.com/400/', 'https://via.placeholder.com/100/888/fff/?text=ICON'),
(149, 1, 37.71061, -122.402454, 'Reprehenderit id deserunt nisi quis cupidatat ea elit nisi officia consectetur. Ea sint eu mollit tempor non ipsum tempor. Esse occaecat ad aliqua dolor do dolore id nisi.', '2020-01-22 12:01:16', 'https://via.placeholder.com/400/', 'https://via.placeholder.com/100/888/fff/?text=ICON'),
(150, 23, 37.75431, -122.49151, 'Nisi velit minim id minim labore et fugiat commodo culpa. Adipisicing culpa quis deserunt consequat culpa id anim velit ad. Mollit eiusmod eu dolor esse irure adipisicing laborum amet cillum enim incididunt occaecat adipisicing aliquip.', '2020-03-18 02:26:50', 'https://via.placeholder.com/400/', 'https://via.placeholder.com/100/888/fff/?text=ICON');

-- --------------------------------------------------------

--
-- Table structure for table `track_users`
--

CREATE TABLE `track_users` (
  `id` int(11) NOT NULL,
  `name` varchar(64) NOT NULL,
  `username` varchar(64) NOT NULL,
  `email` varchar(128) NOT NULL,
  `password` varchar(32) NOT NULL,
  `date_create` datetime NOT NULL,
  `img` varchar(128) NOT NULL
) ENGINE=MyISAM DEFAULT CHARSET=latin1;

--
-- Dumping data for table `track_users`
--

INSERT INTO `track_users` (`id`, `name`, `username`, `email`, `password`, `date_create`, `img`) VALUES
(1, 'Shelley Lang', 'user1', 'user1@gmail.com', '1a1dc91c907325c69271ddf0c944bc72', '2020-06-07 03:16:54', 'https://via.placeholder.com/400/894/fff/?text=user1'),
(2, 'Patrica Silva', 'user2', 'user2@gmail.com', '1a1dc91c907325c69271ddf0c944bc72', '2020-03-08 11:01:04', 'https://via.placeholder.com/400/722/fff/?text=user2'),
(3, 'Elvira Beck', 'user3', 'user3@gmail.com', '1a1dc91c907325c69271ddf0c944bc72', '2020-07-09 12:15:20', 'https://via.placeholder.com/400/987/fff/?text=user3'),
(4, 'Olive Fowler', 'user4', 'user4@gmail.com', '1a1dc91c907325c69271ddf0c944bc72', '2020-06-19 10:27:30', 'https://via.placeholder.com/400/866/fff/?text=user4'),
(5, 'Emerson Flowers', 'user5', 'user5@gmail.com', '1a1dc91c907325c69271ddf0c944bc72', '2020-02-12 10:11:55', 'https://via.placeholder.com/400/761/fff/?text=user5'),
(6, 'Juliette Hudson', 'user6', 'user6@gmail.com', '1a1dc91c907325c69271ddf0c944bc72', '2020-04-12 06:48:08', 'https://via.placeholder.com/400/798/fff/?text=user6'),
(7, 'Lena Moon', 'user7', 'user7@gmail.com', '1a1dc91c907325c69271ddf0c944bc72', '2020-05-31 07:50:28', 'https://via.placeholder.com/400/897/fff/?text=user7'),
(8, 'Dianna Perry', 'user8', 'user8@gmail.com', '1a1dc91c907325c69271ddf0c944bc72', '2020-02-09 02:16:30', 'https://via.placeholder.com/400/810/fff/?text=user8'),
(9, 'Natasha Short', 'user9', 'user9@gmail.com', '1a1dc91c907325c69271ddf0c944bc72', '2020-07-14 11:23:26', 'https://via.placeholder.com/400/794/fff/?text=user9'),
(10, 'Socorro Ruiz', 'user10', 'user10@gmail.com', '1a1dc91c907325c69271ddf0c944bc72', '2020-04-26 12:39:00', 'https://via.placeholder.com/400/886/fff/?text=user10');

--
-- Indexes for dumped tables
--

--
-- Indexes for table `track_animals`
--
ALTER TABLE `track_animals`
  ADD PRIMARY KEY (`id`);

--
-- Indexes for table `track_locations`
--
ALTER TABLE `track_locations`
  ADD PRIMARY KEY (`id`);

--
-- Indexes for table `track_users`
--
ALTER TABLE `track_users`
  ADD PRIMARY KEY (`id`);

--
-- AUTO_INCREMENT for dumped tables
--

--
-- AUTO_INCREMENT for table `track_animals`
--
ALTER TABLE `track_animals`
  MODIFY `id` int(11) NOT NULL AUTO_INCREMENT, AUTO_INCREMENT=51;

--
-- AUTO_INCREMENT for table `track_locations`
--
ALTER TABLE `track_locations`
  MODIFY `id` int(11) NOT NULL AUTO_INCREMENT, AUTO_INCREMENT=151;

--
-- AUTO_INCREMENT for table `track_users`
--
ALTER TABLE `track_users`
  MODIFY `id` int(11) NOT NULL AUTO_INCREMENT, AUTO_INCREMENT=11;
COMMIT;

/*!40101 SET CHARACTER_SET_CLIENT=@OLD_CHARACTER_SET_CLIENT */;
/*!40101 SET CHARACTER_SET_RESULTS=@OLD_CHARACTER_SET_RESULTS */;
/*!40101 SET COLLATION_CONNECTION=@OLD_COLLATION_CONNECTION */;
