-- phpMyAdmin SQL Dump
-- version 4.8.3
-- https://www.phpmyadmin.net/
--
-- 主機: localhost:3306
-- 產生時間： 2020 年 07 月 16 日 19:12
-- 伺服器版本: 5.6.47-cll-lve
-- PHP 版本： 7.2.7

SET SQL_MODE = "NO_AUTO_VALUE_ON_ZERO";
SET AUTOCOMMIT = 0;
START TRANSACTION;
SET time_zone = "+00:00";


/*!40101 SET @OLD_CHARACTER_SET_CLIENT=@@CHARACTER_SET_CLIENT */;
/*!40101 SET @OLD_CHARACTER_SET_RESULTS=@@CHARACTER_SET_RESULTS */;
/*!40101 SET @OLD_COLLATION_CONNECTION=@@COLLATION_CONNECTION */;
/*!40101 SET NAMES utf8mb4 */;

--
-- 資料庫： `wnm617`
--

-- --------------------------------------------------------

--
-- 資料表結構 `track_animals`
--

CREATE TABLE `track_animals` (
  `id` int(11) NOT NULL,
  `user_id` int(11) NOT NULL,
  `name` varchar(64) NOT NULL,
  `type` varchar(64) NOT NULL,
  `breed` varchar(64) NOT NULL,
  `description` text NOT NULL,
  `date_create` datetime NOT NULL,
  `img` varchar(256) NOT NULL
) ENGINE=MyISAM DEFAULT CHARSET=latin1;

--
-- 資料表的匯出資料 `track_animals`
--

INSERT INTO `track_animals` (`id`, `user_id`, `name`, `type`, `breed`, `description`, `date_create`, `img`) VALUES
(1, 1, 'Digigene', 'horse', 'unicorn', 'Adipisicing et fugiat cupidatat velit irure ut velit deserunt aliquip. Nostrud cillum ex adipisicing officia ipsum exercitation proident ad irure esse et sit labore. Reprehenderit consequat consectetur ipsum excepteur nisi aliquip non.', '2020-01-29 08:00:04', 'https://via.placeholder.com/400/745/fff/?text=Digigene'),
(2, 1, 'Snowpoke', 'horse', 'thoreuahbred', 'Officia quis dolore velit ullamco fugiat voluptate in. Qui enim eiusmod quis ullamco anim dolor consequat ad nisi cupidatat. Veniam voluptate nisi ullamco laborum dolore dolor.', '2020-03-14 08:59:38', 'https://via.placeholder.com/400/879/fff/?text=Snowpoke'),
(3, 8, 'Solgan', 'dog', 'labrador', 'Voluptate veniam laborum nulla veniam sit sint duis velit Lorem. Anim est ea in occaecat non id laborum qui qui. Deserunt eiusmod nulla tempor esse esse eiusmod excepteur aliquip nostrud adipisicing.', '2020-07-12 02:25:02', 'https://via.placeholder.com/400/896/fff/?text=Solgan'),
(4, 5, 'Enormo', 'horse', 'thoreuahbred', 'Consequat nisi laborum dolore dolor deserunt. Ut sit aliquip cillum in mollit eu anim eiusmod minim elit non sint do. Excepteur ullamco mollit nisi non ad non consequat occaecat excepteur Lorem adipisicing aute proident aliquip.', '2020-06-15 11:02:11', 'https://via.placeholder.com/400/746/fff/?text=Enormo'),
(5, 4, 'Sportan', 'horse', 'unicorn', 'Ex enim excepteur cupidatat tempor irure duis irure culpa qui in ea. Voluptate aliqua enim non cupidatat. Duis aute duis reprehenderit amet pariatur ex dolore excepteur fugiat incididunt cillum veniam.', '2020-03-24 10:19:57', 'https://via.placeholder.com/400/875/fff/?text=Sportan'),
(6, 7, 'Rodeology', 'horse', 'thoreuahbred', 'Aliquip tempor fugiat deserunt nostrud labore ad sint et commodo mollit. Reprehenderit incididunt magna officia mollit laborum officia dolor occaecat eiusmod pariatur labore laboris enim quis. Aute laborum sunt occaecat id consequat velit ullamco exercitation.', '2020-02-03 08:25:55', 'https://via.placeholder.com/400/886/fff/?text=Rodeology'),
(7, 4, 'Exospeed', 'horse', 'thoreuahbred', 'Laborum laboris ipsum duis officia esse nisi officia mollit minim ea. Ipsum laborum id laboris magna excepteur dolor tempor eiusmod sit id elit id excepteur. Commodo id nisi adipisicing Lorem mollit ut occaecat non.', '2020-06-27 08:48:17', 'https://via.placeholder.com/400/837/fff/?text=Exospeed'),
(8, 3, 'Techmania', 'dog', 'labrador', 'Aliqua ipsum excepteur tempor quis cupidatat aute nisi eu elit eiusmod. Quis sunt ex exercitation est sint aliquip quis non commodo qui. Non dolore commodo ullamco incididunt duis dolor officia.', '2020-03-18 05:13:55', 'https://via.placeholder.com/400/884/fff/?text=Techmania'),
(9, 5, 'Motovate', 'horse', 'shetland', 'Duis duis exercitation anim officia mollit adipisicing. Id tempor laborum mollit Lorem ex incididunt qui consectetur veniam commodo exercitation. Mollit enim amet ullamco elit et laboris eiusmod incididunt.', '2020-02-09 03:23:07', 'https://via.placeholder.com/400/941/fff/?text=Motovate'),
(10, 9, 'Zizzle', 'cat', 'shorthair', 'Nisi velit fugiat labore quis magna ad exercitation labore adipisicing ut amet. Exercitation id aliquip elit et et sunt non eu sit ipsum do occaecat reprehenderit. Excepteur esse duis occaecat exercitation dolore duis.', '2020-06-24 11:56:36', 'https://via.placeholder.com/400/782/fff/?text=Zizzle'),
(11, 5, 'Comdom', 'cat', 'calico', 'Consectetur excepteur proident duis dolore voluptate. Quis non incididunt sit id occaecat amet. Consequat esse qui et eiusmod nostrud et eu ea exercitation magna incididunt.', '2020-04-28 05:42:09', 'https://via.placeholder.com/400/742/fff/?text=Comdom'),
(12, 7, 'Paprikut', 'dog', 'labrador', 'Eiusmod culpa non esse veniam veniam ad mollit ipsum ex eu. Exercitation commodo qui aliquip laboris non tempor. Aliqua commodo minim sit eu exercitation.', '2020-04-17 04:57:55', 'https://via.placeholder.com/400/735/fff/?text=Paprikut'),
(13, 5, 'Visualix', 'cat', 'shorthair', 'Adipisicing ea proident aliquip et sit consectetur. Est velit officia occaecat id eu magna culpa tempor. Sunt sit cillum proident dolor velit id eiusmod enim nulla veniam nisi consequat.', '2020-04-22 01:25:01', 'https://via.placeholder.com/400/921/fff/?text=Visualix'),
(14, 6, 'Lyrichord', 'horse', 'thoreuahbred', 'Voluptate sunt Lorem dolor sunt exercitation laboris quis elit duis sunt nulla commodo enim est. Quis enim irure incididunt et sit consequat labore. Consequat laboris eiusmod est aliquip tempor in.', '2020-06-03 01:45:27', 'https://via.placeholder.com/400/910/fff/?text=Lyrichord'),
(15, 2, 'Zenthall', 'dog', 'labrador', 'Culpa laborum aute tempor do adipisicing consectetur est laboris laboris. Culpa sunt ad cillum fugiat. Est consectetur minim ad occaecat.', '2020-07-01 06:55:41', 'https://via.placeholder.com/400/964/fff/?text=Zenthall'),
(16, 2, 'Avit', 'horse', 'unicorn', 'Aliquip aliqua elit fugiat laboris esse commodo sunt deserunt tempor ullamco ex. Consectetur eiusmod deserunt fugiat duis eiusmod laborum. Non pariatur eu elit excepteur sit aliqua fugiat.', '2020-02-16 10:44:11', 'https://via.placeholder.com/400/866/fff/?text=Avit'),
(17, 9, 'Nimon', 'dog', 'dachsund', 'Aliqua pariatur commodo voluptate eiusmod id dolore sint sunt velit in. Velit non ipsum consectetur labore incididunt anim aliqua cupidatat ad quis ut. Ex velit labore nulla eu culpa sint ad laboris in laborum tempor commodo.', '2020-07-08 09:43:06', 'https://via.placeholder.com/400/816/fff/?text=Nimon'),
(18, 8, 'Unisure', 'dog', 'dachsund', 'Incididunt laboris quis cupidatat exercitation aliquip minim mollit veniam veniam anim dolore enim. Dolore aute et cupidatat sint ad aliquip sint id commodo quis. Quis tempor elit in aliqua eu occaecat occaecat ut sit ad deserunt mollit excepteur.', '2020-01-24 08:37:44', 'https://via.placeholder.com/400/866/fff/?text=Unisure'),
(19, 6, 'Locazone', 'horse', 'shetland', 'Ullamco dolor labore labore reprehenderit eiusmod labore et voluptate magna voluptate commodo nisi in veniam. Cupidatat adipisicing ut velit adipisicing nisi pariatur. Veniam qui do dolor esse eiusmod eu.', '2020-03-31 04:22:59', 'https://via.placeholder.com/400/948/fff/?text=Locazone'),
(20, 9, 'Interodeo', 'horse', 'shetland', 'Esse enim proident nulla incididunt eiusmod reprehenderit minim quis sunt nostrud culpa aliqua ex sunt. Sint sint esse adipisicing sit ipsum proident veniam ullamco. Nostrud sint ullamco exercitation adipisicing nostrud duis amet ipsum ipsum cillum.', '2020-04-25 01:39:22', 'https://via.placeholder.com/400/930/fff/?text=Interodeo'),
(21, 2, 'Nitracyr', 'cat', 'ginger', 'Cupidatat culpa officia ut irure. Fugiat minim tempor fugiat officia cillum anim reprehenderit esse. Velit nulla veniam amet quis irure officia irure sint.', '2020-02-09 11:56:45', 'https://via.placeholder.com/400/852/fff/?text=Nitracyr'),
(22, 6, 'Centree', 'cat', 'calico', 'Aute elit irure consequat fugiat officia deserunt deserunt. Enim mollit tempor ea deserunt voluptate consequat laborum et incididunt est fugiat elit. Consequat laborum culpa occaecat cillum cillum id elit reprehenderit cillum qui fugiat eu duis.', '2020-06-21 08:22:43', 'https://via.placeholder.com/400/988/fff/?text=Centree'),
(23, 10, 'Microluxe', 'horse', 'shetland', 'Aliquip consectetur minim sit ut. Proident anim excepteur quis anim magna consequat excepteur consequat aliquip. Ullamco ad tempor cupidatat adipisicing ea.', '2020-04-05 04:14:18', 'https://via.placeholder.com/400/768/fff/?text=Microluxe'),
(24, 8, 'Zillar', 'dog', 'dachsund', 'Nulla reprehenderit do esse occaecat tempor exercitation ullamco aliquip ad do fugiat. Ea voluptate deserunt id laborum minim aute. Veniam fugiat Lorem eu irure.', '2020-05-24 06:30:02', 'https://via.placeholder.com/400/790/fff/?text=Zillar'),
(25, 5, 'Limozen', 'horse', 'unicorn', 'Non irure occaecat consectetur elit officia. Dolor deserunt incididunt id eu est reprehenderit id Lorem sint incididunt ut. Incididunt sint ea duis magna aliquip adipisicing consectetur minim id.', '2020-04-09 04:27:44', 'https://via.placeholder.com/400/974/fff/?text=Limozen'),
(26, 4, 'Fuelworks', 'horse', 'shetland', 'Sint non dolore ea quis ullamco culpa anim aliquip cupidatat aute nisi. Et tempor esse est labore. Consequat tempor amet ut laborum consectetur sit.', '2020-07-15 04:11:04', 'https://via.placeholder.com/400/819/fff/?text=Fuelworks'),
(27, 5, 'Supremia', 'cat', 'ginger', 'Reprehenderit incididunt sit cupidatat ut ex ad proident cillum et sit. Voluptate aliqua culpa minim id irure officia magna in ullamco. Ex occaecat et commodo laboris amet excepteur sunt proident.', '2020-03-13 01:19:04', 'https://via.placeholder.com/400/827/fff/?text=Supremia'),
(28, 1, 'Rodeomad', 'horse', 'shetland', 'Velit sit nostrud labore ipsum elit sint occaecat laborum consequat enim nostrud. Exercitation culpa id sit voluptate enim. Sint do deserunt nostrud officia eu ullamco velit id irure anim nisi esse anim fugiat.', '2020-01-08 10:06:40', 'https://via.placeholder.com/400/798/fff/?text=Rodeomad'),
(29, 1, 'Miracula', 'horse', 'shetland', 'Sit fugiat Lorem eiusmod labore consequat dolore. Quis ex magna enim commodo. Culpa quis cupidatat aliquip commodo adipisicing enim.', '2020-01-11 06:52:47', 'https://via.placeholder.com/400/770/fff/?text=Miracula'),
(30, 10, 'Fitcore', 'cat', 'shorthair', 'Deserunt esse adipisicing non mollit fugiat qui quis aliqua ex non elit labore enim pariatur. Officia in aute veniam amet occaecat in quis velit aute. Est anim fugiat deserunt elit officia pariatur.', '2020-06-28 11:26:23', 'https://via.placeholder.com/400/994/fff/?text=Fitcore'),
(31, 8, 'Plexia', 'dog', 'labrador', 'Anim enim ea pariatur cupidatat ea et culpa anim quis anim tempor esse culpa officia. Enim velit culpa anim irure culpa. Excepteur non labore incididunt non irure quis.', '2020-04-06 02:53:37', 'https://via.placeholder.com/400/785/fff/?text=Plexia'),
(32, 9, 'Caxt', 'horse', 'unicorn', 'Elit proident in dolor veniam cupidatat aute laboris. Aliqua nostrud irure nisi ipsum. In culpa laborum labore magna fugiat nostrud irure reprehenderit nulla.', '2020-06-19 11:20:47', 'https://via.placeholder.com/400/833/fff/?text=Caxt'),
(33, 1, 'Intrawear', 'cat', 'shorthair', 'Elit adipisicing quis pariatur consectetur nostrud elit laborum commodo magna amet duis occaecat officia. Velit aliqua proident aliqua et incididunt tempor ex anim nulla occaecat. Sit sunt dolor id duis esse nisi fugiat.', '2020-04-05 03:22:48', 'https://via.placeholder.com/400/981/fff/?text=Intrawear'),
(34, 6, 'Kineticut', 'horse', 'shetland', 'Aliquip culpa laboris id do laboris mollit cillum ipsum eu. Aliquip adipisicing anim nulla proident do cillum. Enim deserunt amet aute occaecat velit reprehenderit do aliqua deserunt ex duis magna excepteur.', '2020-02-26 09:43:25', 'https://via.placeholder.com/400/979/fff/?text=Kineticut'),
(35, 1, 'Powernet', 'horse', 'shetland', 'Aliquip irure magna do id anim enim. Eiusmod ea occaecat veniam aliqua. Eiusmod proident magna officia laborum cillum non sunt ad velit excepteur dolor ex veniam.', '2020-02-20 02:55:17', 'https://via.placeholder.com/400/894/fff/?text=Powernet'),
(36, 8, 'Keengen', 'cat', 'ginger', 'Sunt sit officia mollit laborum laboris sunt culpa laborum excepteur. Id ullamco sit ad qui anim veniam eu aute nulla do do. Magna quis occaecat nostrud mollit do do velit minim.', '2020-01-24 05:09:13', 'https://via.placeholder.com/400/809/fff/?text=Keengen'),
(37, 6, 'Portalis', 'dog', 'labrador', 'Amet Lorem id dolore sunt duis proident ut consequat nisi proident elit culpa nostrud sint. Reprehenderit est ad sunt incididunt sit occaecat. Eu amet mollit deserunt labore.', '2020-03-08 02:37:21', 'https://via.placeholder.com/400/851/fff/?text=Portalis'),
(38, 1, 'Xinware', 'horse', 'shetland', 'Et exercitation non aliqua quis ad labore elit cillum eu consectetur irure. Ad sit nisi incididunt adipisicing officia ipsum deserunt aliquip ipsum Lorem quis. Deserunt exercitation ex incididunt culpa non sint reprehenderit irure do dolor.', '2020-05-13 05:42:30', 'https://via.placeholder.com/400/725/fff/?text=Xinware'),
(39, 4, 'Grok', 'horse', 'shetland', 'Ea aliqua cillum labore commodo aliquip officia dolor deserunt amet id ad dolor nulla. Sit eiusmod ullamco et quis ullamco aute anim dolore. Laboris tempor velit fugiat dolor commodo.', '2020-01-22 06:51:02', 'https://via.placeholder.com/400/759/fff/?text=Grok'),
(40, 8, 'Homelux', 'horse', 'thoreuahbred', 'Anim ullamco sint et nisi minim enim eu duis laborum sunt aliqua officia dolore nostrud. Ut culpa commodo amet consequat duis veniam laborum laborum elit velit sunt enim id. Mollit tempor veniam ipsum proident.', '2020-07-03 05:26:46', 'https://via.placeholder.com/400/975/fff/?text=Homelux'),
(41, 5, 'Zaj', 'dog', 'pitbull', 'Qui in deserunt anim excepteur ea nisi amet incididunt mollit adipisicing non proident exercitation in. Quis aute nulla sint id incididunt do aliquip consectetur ea do dolore ut culpa. Labore nostrud sunt tempor magna magna.', '2020-01-28 05:31:33', 'https://via.placeholder.com/400/971/fff/?text=Zaj'),
(42, 2, 'Optique', 'horse', 'unicorn', 'Quis voluptate culpa minim culpa labore ullamco consequat excepteur elit exercitation qui culpa. Pariatur nostrud laborum laboris aliquip labore eiusmod reprehenderit fugiat consequat incididunt ad. Mollit ea consectetur commodo quis occaecat culpa.', '2020-03-24 02:02:08', 'https://via.placeholder.com/400/938/fff/?text=Optique'),
(43, 9, 'Pawnagra', 'dog', 'dachsund', 'Sit mollit elit non eu. Excepteur sunt labore nulla laboris elit et fugiat. Consectetur et eu laboris laborum non laborum est.', '2020-05-14 03:30:22', 'https://via.placeholder.com/400/910/fff/?text=Pawnagra'),
(44, 7, 'Zentix', 'horse', 'unicorn', 'Sint eiusmod Lorem consectetur aliquip voluptate nulla nisi laborum ad dolor dolore adipisicing consequat. Laboris aliqua excepteur do qui aliquip et officia fugiat non. Reprehenderit ipsum excepteur eu reprehenderit ipsum cupidatat consequat laborum elit aliquip irure.', '2020-01-04 11:29:41', 'https://via.placeholder.com/400/739/fff/?text=Zentix'),
(45, 7, 'Xymonk', 'cat', 'calico', 'In sint et ipsum irure eiusmod. Pariatur in dolor quis voluptate adipisicing officia tempor ipsum sint proident ullamco mollit reprehenderit. Nisi non labore ut amet qui anim nulla ad amet sint est cupidatat mollit.', '2020-01-24 03:16:56', 'https://via.placeholder.com/400/792/fff/?text=Xymonk'),
(46, 6, 'Plasto', 'dog', 'pitbull', 'Nisi aliquip ex deserunt incididunt. Exercitation reprehenderit dolore pariatur minim labore adipisicing do cillum exercitation nisi do nostrud. Irure dolore laborum duis veniam pariatur.', '2020-04-20 01:28:10', 'https://via.placeholder.com/400/790/fff/?text=Plasto'),
(47, 2, 'Equitox', 'cat', 'shorthair', 'Qui veniam est officia aute mollit cillum mollit pariatur. Velit nostrud do dolore voluptate tempor elit laborum exercitation. Adipisicing consectetur officia magna non sunt exercitation sint laboris.', '2020-03-22 03:04:07', 'https://via.placeholder.com/400/981/fff/?text=Equitox'),
(48, 7, 'Orbin', 'dog', 'labrador', 'Et dolor et duis cupidatat quis sunt id ex elit velit deserunt ullamco qui anim. Voluptate cillum ad aliqua veniam ullamco officia cillum sint do nostrud excepteur elit non. Nostrud ipsum nisi culpa occaecat ea excepteur mollit Lorem do mollit veniam nulla exercitation.', '2020-05-18 03:17:05', 'https://via.placeholder.com/400/776/fff/?text=Orbin'),
(49, 7, 'Comtrak', 'horse', 'thoreuahbred', 'Magna voluptate dolore veniam ad minim sint ipsum est. Proident sit ex aliqua cupidatat sunt in elit velit. Tempor nisi commodo amet ad duis ea excepteur fugiat reprehenderit fugiat in labore.', '2020-06-30 09:51:03', 'https://via.placeholder.com/400/940/fff/?text=Comtrak'),
(50, 1, 'Prosely', 'cat', 'tuxedo', 'Duis ad nostrud ipsum commodo eiusmod adipisicing commodo aliquip enim tempor adipisicing nulla. Ut Lorem et dolor cillum consequat nostrud nisi irure officia duis. Sunt do irure eu velit est ut.', '2020-03-11 11:44:51', 'https://via.placeholder.com/400/948/fff/?text=Prosely');

-- --------------------------------------------------------

--
-- 資料表結構 `track_locations`
--

CREATE TABLE `track_locations` (
  `id` int(11) NOT NULL,
  `animal_id` int(11) NOT NULL,
  `lat` double NOT NULL,
  `lng` double NOT NULL,
  `description` text NOT NULL,
  `date_create` datetime NOT NULL,
  `photo` varchar(256) NOT NULL,
  `icon` varchar(256) NOT NULL
) ENGINE=MyISAM DEFAULT CHARSET=latin1;

--
-- 資料表的匯出資料 `track_locations`
--

INSERT INTO `track_locations` (`id`, `animal_id`, `lat`, `lng`, `description`, `date_create`, `photo`, `icon`) VALUES
(1, 45, 37.77564, -122.46085, 'Labore qui incididunt Lorem enim. Reprehenderit consectetur tempor est consectetur tempor labore proident veniam. Labore minim minim laboris incididunt eu deserunt ut dolore nisi tempor commodo culpa ad Lorem.', '2020-07-16 07:04:44', 'https://via.placeholder.com/400/', 'https://via.placeholder.com/100/888/fff/?text=ICON'),
(2, 29, 37.80082, -122.394637, 'Quis veniam est ut elit elit ex ex esse Lorem consectetur reprehenderit consectetur ex nisi. Do mollit incididunt ullamco aliquip aliqua amet sint Lorem duis duis cupidatat reprehenderit occaecat. Excepteur nostrud velit adipisicing anim tempor duis do.', '2020-04-22 04:19:28', 'https://via.placeholder.com/400/', 'https://via.placeholder.com/100/888/fff/?text=ICON'),
(3, 3, 37.72565, -122.453505, 'Ex exercitation aliqua voluptate ad esse est incididunt aliquip minim tempor ut elit do. Cillum ex elit minim culpa cillum incididunt officia incididunt veniam mollit ullamco id ipsum. Et quis ut consequat eu nulla.', '2020-06-19 03:56:39', 'https://via.placeholder.com/400/', 'https://via.placeholder.com/100/888/fff/?text=ICON'),
(4, 36, 37.79946, -122.454548, 'Enim minim sit non magna sit eu labore. Nostrud non elit eiusmod eu. Dolor nostrud ad excepteur ea aliqua aute minim.', '2020-05-01 02:10:46', 'https://via.placeholder.com/400/', 'https://via.placeholder.com/100/888/fff/?text=ICON'),
(5, 12, 37.73842, -122.450199, 'In id consectetur ullamco consequat eu est deserunt non Lorem exercitation magna. Id veniam ad laboris mollit cupidatat ipsum. Duis in sit est officia nostrud voluptate laboris nulla.', '2020-02-03 09:24:20', 'https://via.placeholder.com/400/', 'https://via.placeholder.com/100/888/fff/?text=ICON'),
(6, 25, 37.72735, -122.410811, 'Incididunt occaecat consectetur commodo non amet fugiat aute. Commodo adipisicing nisi exercitation fugiat Lorem tempor sit voluptate anim sit enim. Pariatur est velit Lorem esse excepteur qui occaecat.', '2020-06-08 07:45:14', 'https://via.placeholder.com/400/', 'https://via.placeholder.com/100/888/fff/?text=ICON'),
(7, 1, 37.76409, -122.455271, 'Ullamco velit proident ipsum ut labore anim ex laborum sint officia minim duis. Qui esse id ipsum excepteur est consectetur. Proident commodo commodo elit sunt deserunt do occaecat culpa esse aute dolore quis sint nisi.', '2020-03-03 05:20:26', 'https://via.placeholder.com/400/', 'https://via.placeholder.com/100/888/fff/?text=ICON'),
(8, 8, 37.73919, -122.446627, 'Eiusmod non ipsum dolore nulla incididunt occaecat eiusmod esse qui pariatur nulla cupidatat amet labore. Culpa in exercitation aute ea aute aute occaecat nulla voluptate. Sit sint adipisicing mollit duis cupidatat in veniam officia qui occaecat tempor amet.', '2020-05-07 03:19:55', 'https://via.placeholder.com/400/', 'https://via.placeholder.com/100/888/fff/?text=ICON'),
(9, 20, 37.78937, -122.408584, 'Reprehenderit minim nostrud ea consequat labore consectetur Lorem ea fugiat. Id quis id labore exercitation id ipsum. Ut reprehenderit et id eiusmod mollit laborum.', '2020-02-06 04:18:44', 'https://via.placeholder.com/400/', 'https://via.placeholder.com/100/888/fff/?text=ICON'),
(10, 19, 37.75253, -122.47089, 'Consectetur aliquip occaecat nostrud cupidatat velit occaecat amet nisi tempor anim. Et qui labore laborum dolor adipisicing elit esse et duis anim. Amet et est quis occaecat.', '2020-02-22 05:36:34', 'https://via.placeholder.com/400/', 'https://via.placeholder.com/100/888/fff/?text=ICON'),
(11, 15, 37.78255, -122.387974, 'Ullamco reprehenderit deserunt incididunt duis reprehenderit ullamco. Commodo ipsum aliqua sit exercitation qui id anim dolore dolore Lorem eiusmod veniam aliquip deserunt. Aute nostrud esse nostrud duis labore aliquip sint minim dolore in exercitation.', '2020-03-24 02:49:20', 'https://via.placeholder.com/400/', 'https://via.placeholder.com/100/888/fff/?text=ICON'),
(12, 19, 37.7485, -122.448772, 'Non exercitation ipsum nisi ullamco elit dolor ea exercitation ad non veniam aliquip. Dolore irure dolore voluptate in. Est aliquip nulla deserunt commodo duis incididunt eiusmod ex voluptate non esse.', '2020-03-15 01:24:26', 'https://via.placeholder.com/400/', 'https://via.placeholder.com/100/888/fff/?text=ICON'),
(13, 18, 37.77841, -122.405104, 'Voluptate eiusmod dolore ipsum deserunt id. Sint commodo eiusmod reprehenderit eu ut quis commodo quis exercitation velit nulla in consectetur dolor. Quis sit sunt ipsum mollit sunt commodo quis.', '2020-03-16 05:35:05', 'https://via.placeholder.com/400/', 'https://via.placeholder.com/100/888/fff/?text=ICON'),
(14, 27, 37.7917, -122.432379, 'Elit pariatur reprehenderit consequat non exercitation nulla anim aliquip elit ipsum consequat. Dolor enim laboris do nostrud commodo dolor veniam minim. Sunt laboris sit adipisicing in ullamco.', '2020-07-14 04:56:55', 'https://via.placeholder.com/400/', 'https://via.placeholder.com/100/888/fff/?text=ICON'),
(15, 27, 37.76084, -122.470363, 'Velit et sit enim eiusmod laborum. Culpa pariatur duis dolor non do voluptate commodo fugiat eiusmod sint excepteur aute pariatur. Lorem cillum occaecat culpa ullamco ipsum occaecat irure et cupidatat cillum sint.', '2020-06-29 10:05:00', 'https://via.placeholder.com/400/', 'https://via.placeholder.com/100/888/fff/?text=ICON'),
(16, 32, 37.72921, -122.402842, 'Aliquip nulla consectetur cillum eu exercitation nulla id. Adipisicing exercitation aliquip elit nulla irure nulla. Et eu aute nulla laboris.', '2020-04-23 11:50:53', 'https://via.placeholder.com/400/', 'https://via.placeholder.com/100/888/fff/?text=ICON'),
(17, 50, 37.75676, -122.445544, 'Cillum fugiat ea aliqua culpa nisi sit. Minim nostrud in nulla magna dolore tempor cillum deserunt anim dolor. Labore nulla fugiat occaecat est.', '2020-06-13 09:57:39', 'https://via.placeholder.com/400/', 'https://via.placeholder.com/100/888/fff/?text=ICON'),
(18, 42, 37.77603, -122.463648, 'Mollit consequat nulla et dolor consequat irure. Sint enim cillum esse occaecat aute aliqua anim pariatur. Et non consectetur voluptate nostrud ipsum sit nulla aliquip.', '2020-05-17 01:01:17', 'https://via.placeholder.com/400/', 'https://via.placeholder.com/100/888/fff/?text=ICON'),
(19, 28, 37.80129, -122.438379, 'Sit velit amet pariatur nostrud reprehenderit. Deserunt Lorem aliqua exercitation cupidatat est Lorem Lorem ea. Id id eu sit consequat magna nisi nisi magna officia eiusmod esse.', '2020-02-18 06:13:42', 'https://via.placeholder.com/400/', 'https://via.placeholder.com/100/888/fff/?text=ICON'),
(20, 28, 37.77266, -122.406637, 'Cillum commodo excepteur dolor nulla in tempor sit ex anim do incididunt laborum. Velit do non est ipsum velit sunt irure anim amet laborum voluptate. Ex Lorem ullamco est elit do.', '2020-03-06 10:05:49', 'https://via.placeholder.com/400/', 'https://via.placeholder.com/100/888/fff/?text=ICON'),
(21, 32, 37.78156, -122.42811, 'Sunt quis ipsum magna esse mollit eu consectetur amet. Proident sint duis esse est esse ullamco id aliqua. Lorem consequat labore sint ut consequat deserunt nisi ex anim sunt do sint.', '2020-03-18 06:59:46', 'https://via.placeholder.com/400/', 'https://via.placeholder.com/100/888/fff/?text=ICON'),
(22, 41, 37.7741, -122.474447, 'Fugiat commodo deserunt magna Lorem sit ad minim. Cupidatat velit sit dolor consequat pariatur magna magna nisi. Nulla minim officia officia laborum.', '2020-02-08 03:57:09', 'https://via.placeholder.com/400/', 'https://via.placeholder.com/100/888/fff/?text=ICON'),
(23, 17, 37.73588, -122.42614, 'Irure enim anim qui labore consequat Lorem non officia dolor anim. Veniam labore duis aliquip exercitation non qui ullamco. Et exercitation sit quis deserunt esse labore Lorem labore duis ex occaecat.', '2020-06-28 06:09:04', 'https://via.placeholder.com/400/', 'https://via.placeholder.com/100/888/fff/?text=ICON'),
(24, 31, 37.76272, -122.474649, 'Laboris nostrud in id incididunt amet esse minim amet aliquip aute ad non cillum. Labore et consequat aliquip cillum cupidatat ipsum culpa laborum quis ut cillum laboris. Dolore eu laborum eu anim.', '2020-01-01 05:55:45', 'https://via.placeholder.com/400/', 'https://via.placeholder.com/100/888/fff/?text=ICON'),
(25, 37, 37.79911, -122.474358, 'Nulla amet voluptate aliqua proident laborum laborum reprehenderit cupidatat ullamco laboris labore commodo minim dolore. Sit esse ad anim sit nulla. Est do ipsum ea quis veniam exercitation.', '2020-05-01 01:12:42', 'https://via.placeholder.com/400/', 'https://via.placeholder.com/100/888/fff/?text=ICON'),
(26, 30, 37.74562, -122.436714, 'Consectetur cillum exercitation enim adipisicing irure ut laboris ipsum reprehenderit magna quis occaecat anim. Sunt excepteur amet laboris esse occaecat magna culpa sit. Incididunt ipsum nostrud mollit laborum adipisicing dolore.', '2020-03-27 08:32:44', 'https://via.placeholder.com/400/', 'https://via.placeholder.com/100/888/fff/?text=ICON'),
(27, 23, 37.73033, -122.455569, 'Laborum commodo qui adipisicing commodo esse culpa elit id ad officia incididunt dolore occaecat. Lorem sint ex duis laborum. Nostrud commodo dolore officia veniam anim irure veniam laborum cillum laboris aute eiusmod.', '2020-05-27 10:19:28', 'https://via.placeholder.com/400/', 'https://via.placeholder.com/100/888/fff/?text=ICON'),
(28, 39, 37.80549, -122.463038, 'Consequat adipisicing minim dolor consequat adipisicing do magna tempor reprehenderit laboris proident. Proident aliquip commodo occaecat mollit culpa duis. Veniam irure exercitation excepteur occaecat labore culpa elit et.', '2020-02-01 05:23:23', 'https://via.placeholder.com/400/', 'https://via.placeholder.com/100/888/fff/?text=ICON'),
(29, 11, 37.75524, -122.392766, 'Laboris reprehenderit quis fugiat incididunt ipsum. Fugiat magna cupidatat anim ut adipisicing culpa laborum eiusmod ea laboris adipisicing exercitation. Voluptate velit deserunt ad enim irure ad cillum laboris nostrud pariatur ea.', '2020-01-01 08:06:37', 'https://via.placeholder.com/400/', 'https://via.placeholder.com/100/888/fff/?text=ICON'),
(30, 48, 37.74825, -122.391806, 'Occaecat elit labore esse non incididunt Lorem. Occaecat magna sunt qui aliqua qui occaecat consectetur labore aliquip consectetur eiusmod cillum. Aute exercitation ipsum nostrud reprehenderit adipisicing nisi aliqua fugiat aliqua.', '2020-01-29 11:56:38', 'https://via.placeholder.com/400/', 'https://via.placeholder.com/100/888/fff/?text=ICON'),
(31, 22, 37.74649, -122.414935, 'Eiusmod ut cupidatat magna non ipsum sit enim commodo consectetur minim culpa id ea. Do veniam magna excepteur minim Lorem ea anim aliquip id dolor. Esse Lorem quis mollit et laborum irure.', '2020-05-20 12:46:50', 'https://via.placeholder.com/400/', 'https://via.placeholder.com/100/888/fff/?text=ICON'),
(32, 16, 37.73039, -122.442984, 'Minim reprehenderit consectetur voluptate laboris fugiat irure qui anim occaecat incididunt ea. Laboris laborum officia consectetur aliqua enim nisi. Consectetur excepteur culpa duis elit.', '2020-01-07 04:29:22', 'https://via.placeholder.com/400/', 'https://via.placeholder.com/100/888/fff/?text=ICON'),
(33, 32, 37.7687, -122.391386, 'Ullamco fugiat excepteur cupidatat adipisicing incididunt. Sunt in ipsum labore aute sit officia enim occaecat commodo ipsum incididunt reprehenderit. Exercitation ad commodo amet magna incididunt ea fugiat laborum aliquip.', '2020-01-09 08:15:48', 'https://via.placeholder.com/400/', 'https://via.placeholder.com/100/888/fff/?text=ICON'),
(34, 2, 37.78827, -122.469946, 'Non quis reprehenderit elit fugiat ipsum culpa dolor aliqua nisi aute. Aliqua dolor enim enim mollit irure exercitation. Proident magna nulla dolor proident exercitation eu culpa minim.', '2020-07-01 03:50:41', 'https://via.placeholder.com/400/', 'https://via.placeholder.com/100/888/fff/?text=ICON'),
(35, 10, 37.78453, -122.389858, 'Deserunt do est veniam ut exercitation ut ea nisi proident voluptate consectetur veniam. Reprehenderit ipsum esse nostrud dolor est occaecat non do mollit ad. Labore occaecat ipsum voluptate id ipsum id.', '2020-04-20 03:19:21', 'https://via.placeholder.com/400/', 'https://via.placeholder.com/100/888/fff/?text=ICON'),
(36, 27, 37.75189, -122.477167, 'Sit aliquip sit mollit id dolore cillum aute reprehenderit. Enim Lorem id fugiat quis occaecat incididunt amet laborum et. Fugiat ut consectetur velit proident nostrud sunt exercitation reprehenderit voluptate in eiusmod.', '2020-02-13 04:43:33', 'https://via.placeholder.com/400/', 'https://via.placeholder.com/100/888/fff/?text=ICON'),
(37, 17, 37.78274, -122.460748, 'Amet sint magna eu do commodo non irure eiusmod et reprehenderit eiusmod aliqua laboris irure. Mollit esse ad pariatur est ex in anim exercitation incididunt culpa est est duis. Ad ad sint nisi minim magna do duis elit ullamco id eiusmod qui cillum.', '2020-01-05 06:42:49', 'https://via.placeholder.com/400/', 'https://via.placeholder.com/100/888/fff/?text=ICON'),
(38, 11, 37.72818, -122.454074, 'Ipsum laborum cillum aliqua occaecat proident minim quis. Nulla deserunt ea cupidatat eiusmod ullamco. In ipsum non nisi id minim reprehenderit aliqua occaecat dolor quis sunt.', '2020-05-29 12:41:34', 'https://via.placeholder.com/400/', 'https://via.placeholder.com/100/888/fff/?text=ICON'),
(39, 44, 37.80181, -122.433268, 'Incididunt culpa labore anim Lorem aute. Fugiat consectetur nulla aliquip cillum. Qui fugiat ad ut ullamco fugiat.', '2020-06-12 06:21:28', 'https://via.placeholder.com/400/', 'https://via.placeholder.com/100/888/fff/?text=ICON'),
(40, 29, 37.7331, -122.390989, 'Do ex sint nulla officia labore culpa excepteur id nisi officia reprehenderit officia consectetur et. Elit enim sunt elit nisi enim. Ad voluptate culpa ea Lorem.', '2020-04-18 05:04:00', 'https://via.placeholder.com/400/', 'https://via.placeholder.com/100/888/fff/?text=ICON'),
(41, 30, 37.79739, -122.429587, 'Exercitation enim in qui nostrud qui irure non deserunt exercitation ullamco esse excepteur. Veniam aute proident incididunt mollit amet ut excepteur dolore veniam minim dolore pariatur culpa labore. Id proident ad et elit veniam.', '2020-05-17 04:44:36', 'https://via.placeholder.com/400/', 'https://via.placeholder.com/100/888/fff/?text=ICON'),
(42, 15, 37.77462, -122.414842, 'Enim anim exercitation minim id esse ex quis aliquip aute occaecat id excepteur. Occaecat occaecat dolore dolore aute irure Lorem sint. Et nostrud voluptate anim laboris proident laborum esse enim aliquip commodo aliquip.', '2020-06-24 02:59:54', 'https://via.placeholder.com/400/', 'https://via.placeholder.com/100/888/fff/?text=ICON'),
(43, 1, 37.80492, -122.454998, 'Officia dolore irure cupidatat eiusmod labore amet culpa. Commodo voluptate dolore aliquip amet minim ex anim enim pariatur dolore dolore minim dolore ullamco. Eiusmod excepteur officia aute cillum sint ipsum exercitation.', '2020-05-04 10:54:06', 'https://via.placeholder.com/400/', 'https://via.placeholder.com/100/888/fff/?text=ICON'),
(44, 48, 37.78048, -122.453169, 'Officia aliqua do aute exercitation elit cillum ipsum Lorem consectetur. Ut est laborum tempor nostrud nisi ipsum. Mollit id eiusmod Lorem fugiat.', '2020-01-20 06:41:42', 'https://via.placeholder.com/400/', 'https://via.placeholder.com/100/888/fff/?text=ICON'),
(45, 9, 37.74597, -122.402495, 'Do voluptate id sunt velit deserunt magna sit. Sunt ad esse est proident aliqua in nisi fugiat id duis tempor dolore. Nulla irure laborum do quis sint irure consequat quis dolor voluptate tempor.', '2020-05-19 11:20:57', 'https://via.placeholder.com/400/', 'https://via.placeholder.com/100/888/fff/?text=ICON'),
(46, 26, 37.75067, -122.404637, 'Eu esse qui cupidatat cupidatat ex reprehenderit et Lorem quis adipisicing nisi laboris. In elit pariatur sint sint. Cupidatat nostrud cillum proident exercitation.', '2020-03-28 04:28:36', 'https://via.placeholder.com/400/', 'https://via.placeholder.com/100/888/fff/?text=ICON'),
(47, 39, 37.76656, -122.442323, 'Ullamco mollit minim ea elit quis reprehenderit dolor eiusmod fugiat dolor sint. Mollit culpa qui consequat dolor fugiat proident elit id et non. Pariatur ullamco mollit eu adipisicing Lorem elit in dolor aute quis eiusmod quis non ex.', '2020-03-20 05:40:34', 'https://via.placeholder.com/400/', 'https://via.placeholder.com/100/888/fff/?text=ICON'),
(48, 15, 37.78844, -122.400274, 'Deserunt veniam fugiat mollit est et eiusmod in qui et. Sunt amet ipsum excepteur labore officia laboris aliqua deserunt commodo exercitation velit quis proident ad. Culpa dolore proident in do.', '2020-07-01 06:05:13', 'https://via.placeholder.com/400/', 'https://via.placeholder.com/100/888/fff/?text=ICON'),
(49, 46, 37.73755, -122.419727, 'Mollit laborum amet consequat magna proident aute non fugiat exercitation sint dolore. Sit irure commodo occaecat pariatur nulla id. Laboris sunt laboris Lorem ipsum cupidatat officia sint.', '2020-06-01 01:31:13', 'https://via.placeholder.com/400/', 'https://via.placeholder.com/100/888/fff/?text=ICON'),
(50, 1, 37.74995, -122.468828, 'Ea fugiat occaecat cupidatat fugiat. Pariatur cupidatat consequat sint in magna exercitation officia. Tempor consectetur sunt exercitation in minim eu dolore excepteur.', '2020-04-05 08:33:09', 'https://via.placeholder.com/400/', 'https://via.placeholder.com/100/888/fff/?text=ICON'),
(51, 43, 37.73331, -122.414534, 'Id enim consequat sint do aliquip. Cupidatat excepteur sit ullamco excepteur officia labore velit nostrud amet. Sit occaecat fugiat eu labore elit eu ipsum laboris cupidatat.', '2020-07-04 12:29:15', 'https://via.placeholder.com/400/', 'https://via.placeholder.com/100/888/fff/?text=ICON'),
(52, 38, 37.74846, -122.457343, 'Labore eiusmod culpa tempor dolore laborum. Do aliqua elit incididunt Lorem sunt mollit ea reprehenderit labore magna officia amet amet Lorem. Occaecat id velit quis excepteur officia consequat tempor velit consectetur consequat non eu tempor.', '2020-06-16 07:46:04', 'https://via.placeholder.com/400/', 'https://via.placeholder.com/100/888/fff/?text=ICON'),
(53, 3, 37.79781, -122.402651, 'Consequat eiusmod minim eiusmod dolore nulla labore eiusmod irure labore non enim in ad qui. Sit amet Lorem pariatur sit proident occaecat. Minim irure sit et Lorem non tempor sunt laboris sint reprehenderit pariatur.', '2020-05-09 12:59:05', 'https://via.placeholder.com/400/', 'https://via.placeholder.com/100/888/fff/?text=ICON'),
(54, 44, 37.78455, -122.420979, 'Nostrud minim nostrud ad Lorem dolor. Ad incididunt magna commodo dolor. Et elit laboris nisi ullamco qui.', '2020-04-22 11:49:08', 'https://via.placeholder.com/400/', 'https://via.placeholder.com/100/888/fff/?text=ICON'),
(55, 29, 37.72789, -122.460774, 'Nulla nisi velit nulla enim anim tempor non eiusmod irure magna dolor minim occaecat commodo. Ut excepteur minim in eiusmod commodo. Eiusmod exercitation sint commodo est minim.', '2020-02-27 05:26:34', 'https://via.placeholder.com/400/', 'https://via.placeholder.com/100/888/fff/?text=ICON'),
(56, 50, 37.75894, -122.464861, 'Qui magna quis adipisicing enim mollit est consectetur mollit excepteur deserunt fugiat qui. Aute reprehenderit aliquip non Lorem officia. Aliquip mollit est velit culpa.', '2020-01-08 08:19:52', 'https://via.placeholder.com/400/', 'https://via.placeholder.com/100/888/fff/?text=ICON'),
(57, 4, 37.8063, -122.436118, 'Ad culpa duis eu incididunt reprehenderit nulla velit. Enim in laborum excepteur eu Lorem adipisicing magna duis. Eu eiusmod esse anim Lorem irure amet ut nulla ipsum cupidatat labore et minim reprehenderit.', '2020-06-20 04:51:20', 'https://via.placeholder.com/400/', 'https://via.placeholder.com/100/888/fff/?text=ICON'),
(58, 34, 37.7821, -122.398095, 'Irure Lorem ut anim velit excepteur labore est ea nostrud labore. Qui cillum esse consectetur Lorem minim Lorem. Tempor irure dolore tempor nulla adipisicing enim voluptate nisi minim eu nostrud non.', '2020-01-26 02:14:51', 'https://via.placeholder.com/400/', 'https://via.placeholder.com/100/888/fff/?text=ICON'),
(59, 15, 37.74443, -122.443847, 'Dolore veniam reprehenderit ea labore occaecat proident officia. Eu adipisicing ut irure laborum labore quis sint sit proident ullamco anim veniam labore labore. Ea ad anim ea voluptate anim ipsum.', '2020-06-10 05:37:39', 'https://via.placeholder.com/400/', 'https://via.placeholder.com/100/888/fff/?text=ICON'),
(60, 50, 37.79599, -122.390653, 'Laboris velit laboris qui aliqua enim velit fugiat sunt. Ex est et ad amet anim aliquip pariatur culpa ut exercitation et amet exercitation mollit. Fugiat officia fugiat sit cillum ullamco.', '2020-05-12 05:58:11', 'https://via.placeholder.com/400/', 'https://via.placeholder.com/100/888/fff/?text=ICON'),
(61, 32, 37.8041, -122.447632, 'Pariatur consectetur veniam ullamco et veniam nostrud adipisicing ad. Tempor ex esse aute ea consectetur qui voluptate commodo anim voluptate. Exercitation est irure est ex.', '2020-05-11 03:48:01', 'https://via.placeholder.com/400/', 'https://via.placeholder.com/100/888/fff/?text=ICON'),
(62, 9, 37.73866, -122.430601, 'Voluptate aliquip et anim laboris ut. Sit eiusmod mollit laborum duis ad voluptate consectetur. Non est aliqua dolore tempor in pariatur occaecat irure eiusmod.', '2020-04-20 04:07:11', 'https://via.placeholder.com/400/', 'https://via.placeholder.com/100/888/fff/?text=ICON'),
(63, 21, 37.75341, -122.394684, 'Non veniam dolor ut laborum ut pariatur ut esse. Pariatur deserunt qui eiusmod quis exercitation cillum pariatur mollit non dolore culpa officia commodo nisi. Do eiusmod ex irure aliqua.', '2020-01-13 05:20:40', 'https://via.placeholder.com/400/', 'https://via.placeholder.com/100/888/fff/?text=ICON'),
(64, 17, 37.74503, -122.406672, 'In mollit eiusmod do culpa occaecat. Excepteur dolore eu do minim tempor consectetur ea commodo. Excepteur officia magna ea qui dolore eu id commodo consequat non.', '2020-04-20 08:09:46', 'https://via.placeholder.com/400/', 'https://via.placeholder.com/100/888/fff/?text=ICON'),
(65, 34, 37.75761, -122.451958, 'Tempor nulla aliqua sit occaecat in culpa tempor deserunt commodo Lorem tempor. Anim magna reprehenderit commodo deserunt. Laboris do nostrud incididunt amet exercitation veniam eiusmod qui aliquip consequat.', '2020-04-23 02:49:30', 'https://via.placeholder.com/400/', 'https://via.placeholder.com/100/888/fff/?text=ICON'),
(66, 39, 37.79407, -122.413602, 'Nisi Lorem ea nisi labore nisi. Minim culpa sit tempor duis ullamco sunt elit officia qui sunt ex. Proident sint velit nulla cillum.', '2020-01-13 04:03:50', 'https://via.placeholder.com/400/', 'https://via.placeholder.com/100/888/fff/?text=ICON'),
(67, 22, 37.79966, -122.405977, 'Deserunt adipisicing qui eiusmod laboris et fugiat voluptate qui pariatur quis adipisicing eiusmod. Dolore deserunt elit ad ea nisi velit aliquip sunt excepteur mollit aute voluptate ad. Quis sint excepteur eiusmod quis anim.', '2020-01-26 07:35:12', 'https://via.placeholder.com/400/', 'https://via.placeholder.com/100/888/fff/?text=ICON'),
(68, 15, 37.73297, -122.452508, 'Aliqua ullamco occaecat deserunt cupidatat enim sint incididunt cillum reprehenderit nisi amet dolor culpa in. Labore esse cupidatat adipisicing commodo enim. Laboris cupidatat enim occaecat ex sunt dolore.', '2020-06-03 01:58:34', 'https://via.placeholder.com/400/', 'https://via.placeholder.com/100/888/fff/?text=ICON'),
(69, 3, 37.76438, -122.390668, 'Excepteur mollit laborum laborum sunt nostrud exercitation magna sit laboris est reprehenderit. Eu consectetur esse culpa non sunt. Magna deserunt nostrud Lorem minim ea magna qui.', '2020-05-14 11:21:04', 'https://via.placeholder.com/400/', 'https://via.placeholder.com/100/888/fff/?text=ICON'),
(70, 18, 37.74758, -122.452046, 'Est exercitation deserunt duis veniam cupidatat elit non. Voluptate ipsum in cupidatat magna reprehenderit commodo qui sit minim culpa et qui quis. Nulla eu excepteur qui ea.', '2020-06-24 01:16:06', 'https://via.placeholder.com/400/', 'https://via.placeholder.com/100/888/fff/?text=ICON'),
(71, 42, 37.80021, -122.388704, 'Incididunt aute dolore esse laboris. Sint consectetur commodo consequat proident et eiusmod sint quis eiusmod sit reprehenderit. Do irure qui deserunt sit veniam nulla.', '2020-05-08 04:56:49', 'https://via.placeholder.com/400/', 'https://via.placeholder.com/100/888/fff/?text=ICON'),
(72, 36, 37.7555, -122.460802, 'Deserunt nulla reprehenderit incididunt anim mollit non Lorem quis incididunt magna occaecat ullamco quis amet. Proident fugiat dolor ut incididunt enim qui laborum officia in do dolore laborum elit. Reprehenderit magna veniam irure commodo mollit eiusmod ea magna pariatur proident culpa proident.', '2020-04-10 08:56:29', 'https://via.placeholder.com/400/', 'https://via.placeholder.com/100/888/fff/?text=ICON'),
(73, 26, 37.76551, -122.406805, 'Ullamco esse ullamco laborum laborum laborum nostrud anim duis nisi. Cillum officia ex consequat adipisicing labore. Irure aliqua eu esse aute.', '2020-06-26 05:44:38', 'https://via.placeholder.com/400/', 'https://via.placeholder.com/100/888/fff/?text=ICON'),
(74, 47, 37.78134, -122.428565, 'Proident do qui voluptate aute excepteur. Excepteur eiusmod proident quis est dolor id esse cillum voluptate id sunt tempor consectetur. Exercitation fugiat commodo aliquip aliquip.', '2020-07-12 11:56:44', 'https://via.placeholder.com/400/', 'https://via.placeholder.com/100/888/fff/?text=ICON'),
(75, 4, 37.79784, -122.415255, 'Aliquip culpa do voluptate minim reprehenderit. Id eiusmod reprehenderit aute tempor. Id dolor adipisicing proident labore eu veniam minim irure anim commodo dolore.', '2020-05-17 01:35:30', 'https://via.placeholder.com/400/', 'https://via.placeholder.com/100/888/fff/?text=ICON'),
(76, 42, 37.77065, -122.406975, 'Ut aute et non commodo reprehenderit duis tempor labore irure elit duis. Aliquip cillum do ex nostrud culpa non velit in dolor. Sint culpa non non laborum id non minim cillum.', '2020-03-16 04:35:19', 'https://via.placeholder.com/400/', 'https://via.placeholder.com/100/888/fff/?text=ICON'),
(77, 47, 37.79991, -122.4025, 'Excepteur fugiat veniam elit officia officia mollit ad in veniam elit labore nisi magna. Magna do irure ad commodo proident excepteur id pariatur eu eu do amet. Consequat nulla ea elit commodo esse pariatur labore est culpa dolore.', '2020-02-25 10:18:52', 'https://via.placeholder.com/400/', 'https://via.placeholder.com/100/888/fff/?text=ICON'),
(78, 28, 37.77682, -122.400051, 'Exercitation dolore irure non magna officia cupidatat aute officia sunt. Culpa magna Lorem pariatur commodo aliquip cupidatat proident eu enim amet aliqua consequat. Id eu duis nulla officia.', '2020-02-22 09:28:39', 'https://via.placeholder.com/400/', 'https://via.placeholder.com/100/888/fff/?text=ICON'),
(79, 17, 37.76205, -122.47594, 'Ullamco culpa voluptate officia nostrud nostrud amet culpa laboris incididunt voluptate excepteur eiusmod do laborum. Nostrud sint amet reprehenderit sint ex proident sunt aute id veniam reprehenderit veniam. Adipisicing ad ea irure culpa aliquip nulla in id.', '2020-04-11 02:02:38', 'https://via.placeholder.com/400/', 'https://via.placeholder.com/100/888/fff/?text=ICON'),
(80, 27, 37.75142, -122.446552, 'Elit cupidatat elit in duis quis est reprehenderit laborum aliquip cillum irure aute quis. Sit tempor deserunt eu mollit sint dolor esse et ut. Velit aliqua dolore velit veniam.', '2020-02-22 11:40:01', 'https://via.placeholder.com/400/', 'https://via.placeholder.com/100/888/fff/?text=ICON'),
(81, 13, 37.76303, -122.394679, 'Labore in tempor cupidatat dolor culpa Lorem consectetur velit. Anim eiusmod cupidatat occaecat laborum ipsum. Enim sunt aute proident et.', '2020-01-07 04:27:25', 'https://via.placeholder.com/400/', 'https://via.placeholder.com/100/888/fff/?text=ICON'),
(82, 34, 37.75139, -122.424652, 'Est dolore aute enim officia velit nostrud sunt nostrud sint eiusmod commodo tempor velit. Officia magna ipsum aliquip proident cupidatat aute do tempor in aliquip anim. Ut id incididunt minim duis sunt consequat pariatur aliqua reprehenderit pariatur.', '2020-03-18 05:42:53', 'https://via.placeholder.com/400/', 'https://via.placeholder.com/100/888/fff/?text=ICON'),
(83, 17, 37.77122, -122.444496, 'Exercitation nulla consectetur quis enim ut velit enim incididunt deserunt cillum. Cillum ullamco occaecat amet consectetur ipsum. Velit commodo ut excepteur fugiat id proident id ex cupidatat proident tempor velit.', '2020-06-18 04:54:42', 'https://via.placeholder.com/400/', 'https://via.placeholder.com/100/888/fff/?text=ICON'),
(84, 5, 37.80619, -122.425329, 'Ipsum sunt anim laborum commodo et elit sit mollit laborum in quis amet. Fugiat incididunt fugiat qui anim nisi sint sint cupidatat incididunt dolore cillum. Velit sit Lorem consequat ipsum cupidatat aute ut tempor dolor enim voluptate magna.', '2020-04-16 04:31:26', 'https://via.placeholder.com/400/', 'https://via.placeholder.com/100/888/fff/?text=ICON'),
(85, 6, 37.77815, -122.426582, 'Do minim est ut qui officia ut nulla fugiat dolor labore. Cillum ullamco laboris laborum exercitation tempor exercitation ea fugiat occaecat irure. Irure ea magna officia fugiat quis sit eu reprehenderit sint irure tempor.', '2020-01-02 03:33:11', 'https://via.placeholder.com/400/', 'https://via.placeholder.com/100/888/fff/?text=ICON'),
(86, 41, 37.73418, -122.429569, 'Non sit cillum ea est. Lorem do magna in sit Lorem ut pariatur dolore fugiat esse enim velit. Occaecat Lorem ad ipsum deserunt sunt.', '2020-01-01 08:09:35', 'https://via.placeholder.com/400/', 'https://via.placeholder.com/100/888/fff/?text=ICON'),
(87, 17, 37.78967, -122.460657, 'Do sunt ut veniam sint cillum nisi id tempor non voluptate anim eu minim esse. Do voluptate Lorem in reprehenderit irure reprehenderit minim cillum laboris nulla nostrud aliquip. Consequat eu eu cillum reprehenderit nostrud Lorem ex exercitation esse tempor ut laborum ad.', '2020-07-14 06:57:28', 'https://via.placeholder.com/400/', 'https://via.placeholder.com/100/888/fff/?text=ICON'),
(88, 7, 37.77975, -122.391637, 'Non mollit labore do id sit veniam exercitation anim adipisicing eiusmod laboris est excepteur. Amet anim sint aute aute cillum. Tempor cillum sunt laboris ad minim.', '2020-02-09 11:20:48', 'https://via.placeholder.com/400/', 'https://via.placeholder.com/100/888/fff/?text=ICON'),
(89, 24, 37.73625, -122.396128, 'Culpa do elit incididunt fugiat magna ad laboris ut qui ex in sunt proident. Sit commodo quis sint est labore. Eu culpa aliqua amet qui ea eu duis et laboris irure labore.', '2020-05-30 10:41:32', 'https://via.placeholder.com/400/', 'https://via.placeholder.com/100/888/fff/?text=ICON'),
(90, 34, 37.79766, -122.399144, 'Nulla nisi sint adipisicing cillum ullamco Lorem proident deserunt ad. Ipsum voluptate Lorem et in non consequat aliqua sint exercitation reprehenderit magna aliquip. Aliquip anim ea est culpa laboris dolor cupidatat Lorem ad ullamco labore dolore.', '2020-06-02 02:40:13', 'https://via.placeholder.com/400/', 'https://via.placeholder.com/100/888/fff/?text=ICON'),
(91, 22, 37.7546, -122.427741, 'Lorem esse ipsum eu in sint voluptate dolore officia adipisicing excepteur culpa elit enim. Adipisicing amet est deserunt sit quis id sint. Dolor dolor duis excepteur veniam excepteur est enim tempor voluptate adipisicing qui duis.', '2020-05-04 10:29:43', 'https://via.placeholder.com/400/', 'https://via.placeholder.com/100/888/fff/?text=ICON'),
(92, 28, 37.78336, -122.471259, 'Tempor officia cupidatat ipsum aute excepteur esse eu excepteur irure magna ipsum. Exercitation duis ad occaecat officia ex commodo nisi est aliqua sint eiusmod id. Reprehenderit officia id et ad.', '2020-01-25 09:48:02', 'https://via.placeholder.com/400/', 'https://via.placeholder.com/100/888/fff/?text=ICON'),
(93, 33, 37.79988, -122.458016, 'Elit mollit in veniam veniam labore nisi fugiat minim. Magna aliquip aliqua veniam pariatur sunt ea quis ea commodo nostrud exercitation exercitation. Nostrud ullamco incididunt nostrud esse.', '2020-07-01 01:43:45', 'https://via.placeholder.com/400/', 'https://via.placeholder.com/100/888/fff/?text=ICON'),
(94, 42, 37.76603, -122.415041, 'Dolore mollit officia non amet ipsum velit incididunt. Exercitation ad Lorem ut sunt excepteur do sunt. Velit consequat minim commodo laboris ex fugiat.', '2020-02-19 09:01:30', 'https://via.placeholder.com/400/', 'https://via.placeholder.com/100/888/fff/?text=ICON'),
(95, 48, 37.80105, -122.467264, 'Aliqua quis eiusmod proident adipisicing deserunt velit sit commodo ad non quis ea labore. Pariatur elit ut ipsum elit consequat pariatur ea sint ipsum. Et aute voluptate cillum ut labore ullamco nulla adipisicing dolor ipsum exercitation.', '2020-04-22 09:12:10', 'https://via.placeholder.com/400/', 'https://via.placeholder.com/100/888/fff/?text=ICON'),
(96, 40, 37.80028, -122.394604, 'Et tempor eiusmod Lorem commodo consequat ad ullamco sunt ipsum do minim quis reprehenderit. Culpa minim exercitation aute commodo cupidatat irure. Excepteur commodo sit eiusmod amet commodo magna id commodo ullamco cupidatat ullamco.', '2020-06-01 02:30:54', 'https://via.placeholder.com/400/', 'https://via.placeholder.com/100/888/fff/?text=ICON'),
(97, 38, 37.79756, -122.391777, 'Labore magna aliqua sint commodo sint cillum commodo do cillum nisi. Dolore mollit quis in dolore minim quis velit cillum minim incididunt exercitation sint culpa non. Aute velit ullamco non sunt do anim ipsum nisi qui eu duis.', '2020-01-08 10:39:41', 'https://via.placeholder.com/400/', 'https://via.placeholder.com/100/888/fff/?text=ICON'),
(98, 47, 37.76045, -122.420265, 'Anim esse commodo et aliqua sit ullamco consectetur non anim duis reprehenderit aute. Nisi exercitation aliquip ad ea eu aliquip pariatur in cillum duis reprehenderit. Voluptate anim consectetur nisi commodo nisi velit anim.', '2020-04-28 03:41:02', 'https://via.placeholder.com/400/', 'https://via.placeholder.com/100/888/fff/?text=ICON'),
(99, 1, 37.78883, -122.426233, 'Anim ut amet ea commodo voluptate ex esse culpa nulla dolore culpa aliquip enim elit. Et qui do consequat ea tempor do in nulla labore. Eiusmod occaecat nostrud veniam cupidatat amet eiusmod duis duis dolor adipisicing excepteur aute.', '2020-02-29 04:54:05', 'https://via.placeholder.com/400/', 'https://via.placeholder.com/100/888/fff/?text=ICON'),
(100, 5, 37.79058, -122.463801, 'Ea nostrud amet consectetur velit. Labore sunt officia proident eu laboris qui dolor excepteur officia cupidatat consequat nisi. Commodo officia duis consequat mollit aute sunt adipisicing deserunt non officia laborum.', '2020-03-16 07:26:10', 'https://via.placeholder.com/400/', 'https://via.placeholder.com/100/888/fff/?text=ICON'),
(101, 6, 37.79479, -122.408677, 'Qui commodo nisi ex id irure ut exercitation ex. Non eiusmod aliquip velit amet amet occaecat elit ullamco. Lorem tempor aliqua in sint nulla irure enim irure velit laborum qui labore cillum nisi.', '2020-05-07 03:09:58', 'https://via.placeholder.com/400/', 'https://via.placeholder.com/100/888/fff/?text=ICON'),
(102, 46, 37.75896, -122.468202, 'Aliquip do sit amet sunt eu. Voluptate irure magna Lorem aliqua pariatur consectetur velit aliqua officia dolore est ex id. Consectetur ipsum occaecat deserunt quis est occaecat magna qui est ad ullamco.', '2020-03-07 03:17:42', 'https://via.placeholder.com/400/', 'https://via.placeholder.com/100/888/fff/?text=ICON'),
(103, 43, 37.7728, -122.39988, 'Labore consequat fugiat sunt ullamco enim anim ut aliquip proident. Nostrud tempor laborum aliquip nostrud amet irure pariatur in est adipisicing ea id commodo. Irure ut in minim dolor nisi reprehenderit id in dolore.', '2020-02-21 04:07:01', 'https://via.placeholder.com/400/', 'https://via.placeholder.com/100/888/fff/?text=ICON'),
(104, 27, 37.75284, -122.450812, 'Incididunt minim sunt ut incididunt deserunt consequat ex amet ut mollit est sit laboris eiusmod. Sit minim anim culpa culpa velit qui duis ad. Cupidatat ea labore cupidatat consectetur excepteur ullamco incididunt eu duis cupidatat laborum.', '2020-04-05 10:34:33', 'https://via.placeholder.com/400/', 'https://via.placeholder.com/100/888/fff/?text=ICON'),
(105, 13, 37.78105, -122.441753, 'Labore laboris eu tempor qui cillum id qui eu incididunt proident elit. Ad esse labore deserunt reprehenderit mollit deserunt amet Lorem eu est elit aute aliquip. Do Lorem aliquip culpa fugiat tempor aliqua eu qui enim ullamco sit.', '2020-06-03 11:42:17', 'https://via.placeholder.com/400/', 'https://via.placeholder.com/100/888/fff/?text=ICON'),
(106, 49, 37.75593, -122.427485, 'Nisi non consequat ex nostrud labore pariatur eu do officia eu incididunt. Lorem anim esse nostrud officia irure ullamco labore. Tempor dolor elit sunt magna ad excepteur culpa reprehenderit.', '2020-04-07 05:34:49', 'https://via.placeholder.com/400/', 'https://via.placeholder.com/100/888/fff/?text=ICON'),
(107, 6, 37.73855, -122.407941, 'Excepteur amet cillum fugiat quis ipsum commodo cillum id amet. Proident veniam adipisicing aliqua dolore anim reprehenderit amet. Cupidatat laboris in aliquip est laboris qui in.', '2020-03-21 03:51:00', 'https://via.placeholder.com/400/', 'https://via.placeholder.com/100/888/fff/?text=ICON'),
(108, 22, 37.80413, -122.393823, 'Fugiat duis irure cupidatat excepteur aliquip consectetur amet est. Aliquip duis quis eu voluptate elit enim exercitation id tempor sunt eu Lorem excepteur. Culpa fugiat consequat non ex labore mollit enim veniam nisi irure ut.', '2020-01-19 11:14:07', 'https://via.placeholder.com/400/', 'https://via.placeholder.com/100/888/fff/?text=ICON'),
(109, 41, 37.76977, -122.463693, 'Eiusmod amet ex ut consequat qui nostrud in aute non Lorem. Ad velit nisi do sit commodo ut. Ad sit ipsum proident fugiat id mollit non nostrud nisi elit ullamco irure.', '2020-06-21 07:20:48', 'https://via.placeholder.com/400/', 'https://via.placeholder.com/100/888/fff/?text=ICON'),
(110, 17, 37.76887, -122.454, 'Proident aute in ut cupidatat consectetur. Id officia ad commodo magna deserunt eiusmod adipisicing esse excepteur. Pariatur cupidatat voluptate amet non sit cillum labore.', '2020-04-04 10:45:06', 'https://via.placeholder.com/400/', 'https://via.placeholder.com/100/888/fff/?text=ICON'),
(111, 1, 37.73485, -122.468729, 'In eu anim magna do consequat exercitation id. Dolore pariatur mollit et do. Deserunt sint in culpa sunt deserunt aute tempor duis nisi duis est cupidatat.', '2020-06-28 12:25:08', 'https://via.placeholder.com/400/', 'https://via.placeholder.com/100/888/fff/?text=ICON'),
(112, 3, 37.73192, -122.476092, 'Fugiat irure sint cupidatat mollit aliquip cupidatat laboris cillum. Irure fugiat ipsum tempor enim cupidatat id culpa nostrud. Cupidatat veniam incididunt labore voluptate ea sit incididunt deserunt nulla dolore officia.', '2020-06-03 12:55:48', 'https://via.placeholder.com/400/', 'https://via.placeholder.com/100/888/fff/?text=ICON'),
(113, 36, 37.77377, -122.399446, 'Dolor tempor eu id irure veniam qui eiusmod dolore nisi reprehenderit mollit sunt consectetur. Laboris incididunt proident qui commodo irure cillum ullamco officia id tempor reprehenderit exercitation sunt culpa. Elit consequat eiusmod id id.', '2020-02-13 09:51:17', 'https://via.placeholder.com/400/', 'https://via.placeholder.com/100/888/fff/?text=ICON'),
(114, 16, 37.78183, -122.448255, 'Reprehenderit consectetur nisi duis sunt irure in labore exercitation reprehenderit qui occaecat ea. Est id non sunt cupidatat et elit id ad in laborum. Do tempor id laborum quis aliquip id veniam elit ullamco.', '2020-04-22 02:11:10', 'https://via.placeholder.com/400/', 'https://via.placeholder.com/100/888/fff/?text=ICON'),
(115, 4, 37.76139, -122.465647, 'Irure commodo labore dolor nisi exercitation commodo laboris minim enim sint est sunt. Id in adipisicing nostrud in cupidatat eu ad culpa ullamco anim. Laborum tempor ipsum esse cupidatat.', '2020-06-04 01:21:57', 'https://via.placeholder.com/400/', 'https://via.placeholder.com/100/888/fff/?text=ICON'),
(116, 15, 37.73772, -122.473713, 'Dolore et adipisicing duis esse dolor fugiat anim ex adipisicing deserunt deserunt proident aliquip pariatur. Sit magna officia adipisicing ea fugiat ut adipisicing ex aute non sunt. Culpa ut do aliquip occaecat.', '2020-05-18 03:22:50', 'https://via.placeholder.com/400/', 'https://via.placeholder.com/100/888/fff/?text=ICON'),
(117, 2, 37.78872, -122.466058, 'Elit dolor tempor nisi sint sint cupidatat ut pariatur anim pariatur aliquip. Tempor do mollit labore nostrud velit. Nulla Lorem enim velit id tempor id nisi amet aliqua esse.', '2020-01-18 02:03:54', 'https://via.placeholder.com/400/', 'https://via.placeholder.com/100/888/fff/?text=ICON'),
(118, 29, 37.78528, -122.451781, 'Ex ad eu consectetur officia qui ipsum nostrud ullamco culpa sint. Non duis labore mollit magna in aute reprehenderit. Excepteur exercitation in cupidatat fugiat nisi nisi.', '2020-01-25 04:15:12', 'https://via.placeholder.com/400/', 'https://via.placeholder.com/100/888/fff/?text=ICON'),
(119, 29, 37.76808, -122.392813, 'Velit tempor et amet dolore eu esse. Ullamco nisi ex ad duis fugiat sit. Cupidatat ipsum fugiat tempor tempor sint adipisicing sunt consequat consequat.', '2020-01-22 08:10:00', 'https://via.placeholder.com/400/', 'https://via.placeholder.com/100/888/fff/?text=ICON'),
(120, 37, 37.77064, -122.44096, 'Ex labore reprehenderit esse ullamco aute minim non aliquip et voluptate. Deserunt eu nisi sint velit commodo adipisicing aute reprehenderit adipisicing ipsum quis est. Pariatur duis ipsum veniam ex nulla.', '2020-04-10 12:40:20', 'https://via.placeholder.com/400/', 'https://via.placeholder.com/100/888/fff/?text=ICON'),
(121, 12, 37.77531, -122.473361, 'Ad veniam Lorem ea dolor eu aliquip eu enim. Officia minim labore quis aute occaecat aliqua. Proident excepteur nulla laborum aute quis ut mollit nisi magna aliqua quis veniam eu.', '2020-01-08 06:36:41', 'https://via.placeholder.com/400/', 'https://via.placeholder.com/100/888/fff/?text=ICON'),
(122, 11, 37.78146, -122.44352, 'Anim aliquip veniam proident anim reprehenderit. Sit sunt anim fugiat ipsum reprehenderit Lorem anim adipisicing pariatur aute mollit non. Eu aute Lorem dolore veniam occaecat qui est irure nulla ipsum eiusmod elit irure consectetur.', '2020-05-19 02:04:18', 'https://via.placeholder.com/400/', 'https://via.placeholder.com/100/888/fff/?text=ICON'),
(123, 19, 37.78385, -122.434775, 'Nulla nisi sit qui incididunt nisi aliqua velit minim deserunt deserunt ad labore. Elit ullamco deserunt fugiat tempor in qui aliquip in minim. Excepteur aliquip cillum officia ad elit cupidatat nulla officia.', '2020-06-29 03:13:03', 'https://via.placeholder.com/400/', 'https://via.placeholder.com/100/888/fff/?text=ICON'),
(124, 38, 37.75947, -122.441609, 'Laboris veniam amet id nulla incididunt ea aliqua dolore commodo adipisicing elit elit excepteur. Mollit minim ut fugiat fugiat ad. Incididunt exercitation pariatur in minim tempor est velit dolore laborum voluptate aute dolor nisi qui.', '2020-06-22 01:04:07', 'https://via.placeholder.com/400/', 'https://via.placeholder.com/100/888/fff/?text=ICON'),
(125, 14, 37.76478, -122.403165, 'Pariatur cillum deserunt proident qui duis. Magna non anim est cupidatat sint culpa eu nisi elit. Labore minim qui duis eu culpa Lorem quis laborum proident magna irure veniam laborum nulla.', '2020-06-19 02:16:25', 'https://via.placeholder.com/400/', 'https://via.placeholder.com/100/888/fff/?text=ICON'),
(126, 18, 37.73683, -122.404107, 'Aute officia eiusmod cillum ipsum enim et aliqua cupidatat culpa nisi eu. Do dolor mollit excepteur qui enim eiusmod consectetur non velit aute aliquip consectetur. Laborum dolor duis officia consectetur deserunt adipisicing.', '2020-05-19 07:18:41', 'https://via.placeholder.com/400/', 'https://via.placeholder.com/100/888/fff/?text=ICON'),
(127, 39, 37.80566, -122.404109, 'Lorem aliqua mollit mollit eu aute officia pariatur sit. Anim reprehenderit non excepteur ex voluptate nostrud commodo commodo consectetur sunt. Pariatur amet aliquip ut quis nostrud consequat consectetur.', '2020-06-30 03:32:27', 'https://via.placeholder.com/400/', 'https://via.placeholder.com/100/888/fff/?text=ICON'),
(128, 50, 37.8029, -122.394182, 'Ad deserunt ex occaecat ea dolore commodo pariatur. Dolore cupidatat fugiat laborum non non enim ut deserunt qui laboris amet est commodo duis. Velit dolor consequat fugiat voluptate.', '2020-07-02 05:41:27', 'https://via.placeholder.com/400/', 'https://via.placeholder.com/100/888/fff/?text=ICON'),
(129, 28, 37.79779, -122.406419, 'Ipsum qui esse qui cupidatat ullamco id labore enim aliquip incididunt. Exercitation enim dolore non qui irure culpa. Exercitation ut incididunt elit Lorem.', '2020-05-30 07:55:02', 'https://via.placeholder.com/400/', 'https://via.placeholder.com/100/888/fff/?text=ICON'),
(130, 21, 37.75031, -122.444623, 'Qui laborum ullamco irure et deserunt id consectetur non aliqua. Ipsum nulla non duis in ea excepteur ipsum aliqua. Sunt est adipisicing elit laboris aliqua ad nostrud magna veniam fugiat cupidatat Lorem duis.', '2020-06-11 07:38:38', 'https://via.placeholder.com/400/', 'https://via.placeholder.com/100/888/fff/?text=ICON'),
(131, 32, 37.76059, -122.444189, 'Ut culpa pariatur exercitation occaecat minim deserunt anim aute ex reprehenderit. Ullamco quis occaecat ipsum in aliquip sit nostrud eiusmod ut aute. Nulla velit fugiat laborum exercitation proident aute ea in sunt ullamco eu velit.', '2020-01-15 09:47:52', 'https://via.placeholder.com/400/', 'https://via.placeholder.com/100/888/fff/?text=ICON'),
(132, 19, 37.75764, -122.392682, 'Laboris consequat in labore do incididunt dolore velit. Reprehenderit culpa ea Lorem ad velit excepteur nisi. Nisi ex ea fugiat eiusmod nulla occaecat sint commodo ex voluptate proident culpa.', '2020-05-06 03:58:50', 'https://via.placeholder.com/400/', 'https://via.placeholder.com/100/888/fff/?text=ICON'),
(133, 43, 37.79552, -122.464724, 'Consectetur minim cillum minim anim. In dolore consequat sit ullamco. Incididunt culpa officia velit esse culpa irure labore culpa tempor amet nisi cupidatat.', '2020-01-11 05:08:27', 'https://via.placeholder.com/400/', 'https://via.placeholder.com/100/888/fff/?text=ICON'),
(134, 2, 37.7338, -122.390628, 'Duis eu esse voluptate amet. Culpa adipisicing deserunt quis voluptate id occaecat proident ullamco velit est. Mollit laboris aute nulla excepteur laboris do incididunt Lorem cupidatat.', '2020-06-02 11:22:15', 'https://via.placeholder.com/400/', 'https://via.placeholder.com/100/888/fff/?text=ICON'),
(135, 25, 37.7355, -122.46971, 'Eiusmod enim laborum Lorem est labore magna ut. Voluptate officia nulla ad esse cupidatat. Aliqua qui ut non eu incididunt quis enim nostrud est consequat.', '2020-01-27 09:13:25', 'https://via.placeholder.com/400/', 'https://via.placeholder.com/100/888/fff/?text=ICON'),
(136, 21, 37.74181, -122.473879, 'Ipsum sint tempor adipisicing consequat commodo labore ullamco mollit labore. Non consequat esse ad voluptate cillum irure eiusmod fugiat consectetur deserunt. Aute tempor laborum ipsum ullamco cupidatat tempor laborum magna irure.', '2020-05-09 09:27:36', 'https://via.placeholder.com/400/', 'https://via.placeholder.com/100/888/fff/?text=ICON'),
(137, 18, 37.80611, -122.395939, 'Tempor ea sunt veniam reprehenderit aute. In Lorem minim ex excepteur in pariatur. Consectetur voluptate amet ipsum ex officia Lorem ut mollit ad nulla qui.', '2020-01-21 12:49:33', 'https://via.placeholder.com/400/', 'https://via.placeholder.com/100/888/fff/?text=ICON'),
(138, 31, 37.77462, -122.391483, 'Reprehenderit minim nisi dolore sunt eu id sit labore anim magna esse. Commodo sit occaecat officia amet non ipsum qui irure nostrud aute dolore deserunt pariatur aliquip. Incididunt quis laborum ullamco pariatur irure veniam.', '2020-05-14 12:26:31', 'https://via.placeholder.com/400/', 'https://via.placeholder.com/100/888/fff/?text=ICON'),
(139, 47, 37.78825, -122.400858, 'Reprehenderit nostrud amet nostrud ea ipsum cillum exercitation consequat. Lorem ad elit commodo sunt exercitation. Quis aute pariatur consequat nulla magna incididunt incididunt incididunt nulla elit fugiat velit laboris.', '2020-03-26 05:11:11', 'https://via.placeholder.com/400/', 'https://via.placeholder.com/100/888/fff/?text=ICON'),
(140, 38, 37.77779, -122.454894, 'Laboris consectetur proident adipisicing non fugiat cupidatat. Voluptate magna culpa adipisicing elit est tempor. Reprehenderit sint officia adipisicing esse magna Lorem sint anim do duis culpa.', '2020-04-28 08:14:12', 'https://via.placeholder.com/400/', 'https://via.placeholder.com/100/888/fff/?text=ICON'),
(141, 27, 37.7607, -122.460782, 'Minim commodo reprehenderit in ad. In in occaecat aute occaecat incididunt pariatur. Exercitation pariatur minim excepteur commodo.', '2020-02-25 06:30:09', 'https://via.placeholder.com/400/', 'https://via.placeholder.com/100/888/fff/?text=ICON'),
(142, 18, 37.7716, -122.445418, 'Nisi in duis quis anim do proident nulla aliquip veniam in elit deserunt aliquip veniam. Cupidatat eu in magna id. Irure adipisicing et sunt nulla dolore incididunt eu sunt cillum.', '2020-06-22 05:10:17', 'https://via.placeholder.com/400/', 'https://via.placeholder.com/100/888/fff/?text=ICON'),
(143, 45, 37.79468, -122.394253, 'Quis tempor esse ullamco cupidatat incididunt nulla cupidatat. Cupidatat fugiat id excepteur velit in nisi ut ad incididunt laboris eiusmod nulla. Enim sunt eiusmod laboris sit pariatur aliqua pariatur anim.', '2020-06-15 04:52:10', 'https://via.placeholder.com/400/', 'https://via.placeholder.com/100/888/fff/?text=ICON'),
(144, 37, 37.78849, -122.392439, 'Sit veniam cillum cillum irure magna ullamco. Reprehenderit culpa sit ut aliquip officia nulla eiusmod anim id reprehenderit culpa. Tempor magna quis mollit commodo dolor ut.', '2020-06-27 11:42:41', 'https://via.placeholder.com/400/', 'https://via.placeholder.com/100/888/fff/?text=ICON');
INSERT INTO `track_locations` (`id`, `animal_id`, `lat`, `lng`, `description`, `date_create`, `photo`, `icon`) VALUES
(145, 18, 37.79248, -122.406508, 'Mollit ipsum laboris nostrud exercitation aliquip ut nisi eu sint mollit consequat. Enim sit eu in ea deserunt labore pariatur aute. Laborum Lorem laborum duis pariatur exercitation exercitation consequat minim irure.', '2020-05-30 02:21:31', 'https://via.placeholder.com/400/', 'https://via.placeholder.com/100/888/fff/?text=ICON'),
(146, 4, 37.75091, -122.389876, 'Aliquip pariatur enim voluptate laboris consectetur reprehenderit velit. Deserunt fugiat tempor dolore Lorem. Labore amet mollit sunt consectetur excepteur tempor et.', '2020-06-09 11:26:26', 'https://via.placeholder.com/400/', 'https://via.placeholder.com/100/888/fff/?text=ICON'),
(147, 50, 37.7861, -122.433328, 'Aliqua velit labore sint Lorem occaecat et et anim occaecat non enim et commodo. Sunt ad laboris sunt proident veniam nisi excepteur. Eu cupidatat excepteur nulla laborum enim ullamco laboris.', '2020-04-21 01:48:19', 'https://via.placeholder.com/400/', 'https://via.placeholder.com/100/888/fff/?text=ICON'),
(148, 23, 37.79196, -122.471778, 'Laborum veniam ea proident consequat nulla non est veniam excepteur excepteur. Aute pariatur laborum laborum duis culpa do sint ex incididunt dolor qui. Amet quis dolore dolor nulla reprehenderit anim irure commodo ut exercitation in ex duis.', '2020-01-09 03:52:39', 'https://via.placeholder.com/400/', 'https://via.placeholder.com/100/888/fff/?text=ICON'),
(149, 38, 37.72649, -122.457165, 'Consequat Lorem commodo voluptate elit quis adipisicing sint voluptate fugiat aliqua velit tempor voluptate in. Veniam qui excepteur ex deserunt pariatur amet eu velit magna enim est cillum. Reprehenderit eiusmod quis sunt sunt eu nisi anim id consectetur dolor sit.', '2020-04-24 05:04:28', 'https://via.placeholder.com/400/', 'https://via.placeholder.com/100/888/fff/?text=ICON'),
(150, 2, 37.79722, -122.414024, 'Cupidatat quis amet minim duis nostrud elit culpa do nulla deserunt in ad magna et. Sunt aute magna esse officia do sint Lorem commodo irure. Qui cupidatat ex proident tempor.', '2020-02-20 07:35:14', 'https://via.placeholder.com/400/', 'https://via.placeholder.com/100/888/fff/?text=ICON');

-- --------------------------------------------------------

--
-- 資料表結構 `track_users`
--

CREATE TABLE `track_users` (
  `id` int(11) NOT NULL,
  `name` varchar(64) NOT NULL,
  `username` varchar(64) NOT NULL,
  `email` varchar(128) NOT NULL,
  `password` varchar(32) NOT NULL,
  `date_create` datetime NOT NULL,
  `img` varchar(128) NOT NULL
) ENGINE=MyISAM DEFAULT CHARSET=latin1;

--
-- 資料表的匯出資料 `track_users`
--

INSERT INTO `track_users` (`id`, `name`, `username`, `email`, `password`, `date_create`, `img`) VALUES
(1, 'Hendrix Munoz', 'user1', 'user1@gmail.com', '1a1dc91c907325c69271ddf0c944bc72', '2020-04-25 01:34:40', 'https://via.placeholder.com/400/712/fff/?text=user1'),
(2, 'Walls Martin', 'user2', 'user2@gmail.com', '1a1dc91c907325c69271ddf0c944bc72', '2020-04-15 05:07:06', 'https://via.placeholder.com/400/726/fff/?text=user2'),
(3, 'Dillard Quinn', 'user3', 'user3@gmail.com', '1a1dc91c907325c69271ddf0c944bc72', '2020-06-11 11:06:51', 'https://via.placeholder.com/400/837/fff/?text=user3'),
(4, 'Wade Shelton', 'user4', 'user4@gmail.com', '1a1dc91c907325c69271ddf0c944bc72', '2020-05-31 03:26:43', 'https://via.placeholder.com/400/783/fff/?text=user4'),
(5, 'Vicky York', 'user5', 'user5@gmail.com', '1a1dc91c907325c69271ddf0c944bc72', '2020-06-19 01:45:56', 'https://via.placeholder.com/400/726/fff/?text=user5'),
(6, 'Krista Hicks', 'user6', 'user6@gmail.com', '1a1dc91c907325c69271ddf0c944bc72', '2020-04-16 01:17:42', 'https://via.placeholder.com/400/993/fff/?text=user6'),
(7, 'Ellen Higgins', 'user7', 'user7@gmail.com', '1a1dc91c907325c69271ddf0c944bc72', '2020-02-27 05:25:13', 'https://via.placeholder.com/400/837/fff/?text=user7'),
(8, 'Sabrina Snyder', 'user8', 'user8@gmail.com', '1a1dc91c907325c69271ddf0c944bc72', '2020-02-09 08:25:20', 'https://via.placeholder.com/400/802/fff/?text=user8'),
(9, 'Shannon Turner', 'user9', 'user9@gmail.com', '1a1dc91c907325c69271ddf0c944bc72', '2020-07-15 06:52:39', 'https://via.placeholder.com/400/929/fff/?text=user9'),
(10, 'Charity Justice', 'user10', 'user10@gmail.com', '1a1dc91c907325c69271ddf0c944bc72', '2020-03-05 06:44:07', 'https://via.placeholder.com/400/801/fff/?text=user10');

--
-- 已匯出資料表的索引
--

--
-- 資料表索引 `track_animals`
--
ALTER TABLE `track_animals`
  ADD PRIMARY KEY (`id`);

--
-- 資料表索引 `track_locations`
--
ALTER TABLE `track_locations`
  ADD PRIMARY KEY (`id`);

--
-- 資料表索引 `track_users`
--
ALTER TABLE `track_users`
  ADD PRIMARY KEY (`id`);

--
-- 在匯出的資料表使用 AUTO_INCREMENT
--

--
-- 使用資料表 AUTO_INCREMENT `track_animals`
--
ALTER TABLE `track_animals`
  MODIFY `id` int(11) NOT NULL AUTO_INCREMENT, AUTO_INCREMENT=51;

--
-- 使用資料表 AUTO_INCREMENT `track_locations`
--
ALTER TABLE `track_locations`
  MODIFY `id` int(11) NOT NULL AUTO_INCREMENT, AUTO_INCREMENT=151;

--
-- 使用資料表 AUTO_INCREMENT `track_users`
--
ALTER TABLE `track_users`
  MODIFY `id` int(11) NOT NULL AUTO_INCREMENT, AUTO_INCREMENT=11;
COMMIT;

/*!40101 SET CHARACTER_SET_CLIENT=@OLD_CHARACTER_SET_CLIENT */;
/*!40101 SET CHARACTER_SET_RESULTS=@OLD_CHARACTER_SET_RESULTS */;
/*!40101 SET COLLATION_CONNECTION=@OLD_COLLATION_CONNECTION */;
